-- phpMyAdmin SQL Dump
-- version 4.7.3
-- https://www.phpmyadmin.net/
--
-- Host: localhost:3306
-- Generation Time: May 28, 2018 at 04:58 PM
-- Server version: 5.6.38
-- PHP Version: 5.6.30

SET SQL_MODE = "NO_AUTO_VALUE_ON_ZERO";
SET AUTOCOMMIT = 0;
START TRANSACTION;
SET time_zone = "+00:00";


/*!40101 SET @OLD_CHARACTER_SET_CLIENT=@@CHARACTER_SET_CLIENT */;
/*!40101 SET @OLD_CHARACTER_SET_RESULTS=@@CHARACTER_SET_RESULTS */;
/*!40101 SET @OLD_COLLATION_CONNECTION=@@COLLATION_CONNECTION */;
/*!40101 SET NAMES utf8mb4 */;

--
-- Database: `haztechc_portal`
--

-- --------------------------------------------------------

--
-- Table structure for table `tbl_au_states`
--

CREATE TABLE `tbl_au_states` (
  `id` int(11) NOT NULL,
  `state_code` varchar(3) NOT NULL DEFAULT '',
  `state_name` varchar(100) NOT NULL DEFAULT ''
) ENGINE=MyISAM DEFAULT CHARSET=utf8;

--
-- Dumping data for table `tbl_au_states`
--

INSERT INTO `tbl_au_states` (`id`, `state_code`, `state_name`) VALUES
(1, 'NSW', 'New South Wales'),
(2, 'QLD', 'Queensland'),
(3, 'SA', 'South Australia'),
(4, 'TAS', 'Tasmania'),
(5, 'VIC', 'Victoria'),
(6, 'WA', 'Western Australia'),
(7, 'ACT', 'Australian Capital Territory'),
(8, 'NT', 'Northern Territory');

-- --------------------------------------------------------

--
-- Table structure for table `tbl_basevalues`
--

CREATE TABLE `tbl_basevalues` (
  `materialID` int(11) UNSIGNED NOT NULL,
  `material` varchar(255) DEFAULT NULL,
  `costper` varchar(255) DEFAULT NULL,
  `calloutfee` varchar(255) DEFAULT NULL
) ENGINE=MyISAM DEFAULT CHARSET=latin1;

--
-- Dumping data for table `tbl_basevalues`
--

INSERT INTO `tbl_basevalues` (`materialID`, `material`, `costper`, `calloutfee`) VALUES
(1, 'Arc shields', '30', '1500'),
(2, 'Bituminous membrane', '100', '1500'),
(3, 'Corrugated cement sheet', '50', '1500'),
(4, 'Electrical backing board', '120', '1500'),
(5, 'Fibre cement sheet', '50', '1500'),
(6, 'Fire door core', '300', '1500'),
(7, 'Friction material', '60', '1500'),
(8, 'Gasket material', '60', '1500'),
(9, 'Insulation', '400', '1500'),
(10, 'Lagging', '400', '1500'),
(11, 'Mastic sealant', '200', '1500'),
(12, 'Millboard insulation', '400', '1500'),
(13, 'Screed', '300', '1500'),
(14, 'Sprayed limpet', '500', '1500'),
(15, 'Vermiculite', '500', '1500'),
(16, 'Vinyl sheet', '250', '1500'),
(17, 'Vinyl floor tiles', '150', '1500'),
(18, 'Window caulking', '200', '1500'),
(19, 'Woven material', '600', '1500'),
(20, 'SMF', '30', '1500'),
(21, 'Lead Paint/flashing', '400', '1500'),
(22, 'Ballast/Capacitors', '125', '1500');

-- --------------------------------------------------------

--
-- Table structure for table `tbl_blog`
--

CREATE TABLE `tbl_blog` (
  `blogID` int(11) UNSIGNED NOT NULL,
  `title` varchar(255) DEFAULT NULL,
  `date_posted` timestamp NULL DEFAULT NULL,
  `author` varchar(255) DEFAULT NULL,
  `content` text,
  `image` text,
  `access` varchar(255) DEFAULT NULL,
  `hide` char(11) DEFAULT NULL
) ENGINE=InnoDB DEFAULT CHARSET=latin1;

--
-- Dumping data for table `tbl_blog`
--

INSERT INTO `tbl_blog` (`blogID`, `title`, `date_posted`, `author`, `content`, `image`, `access`, `hide`) VALUES
(2, 'We previously instructed this to be removed as it is irrelevant ', '2017-06-27 14:00:00', '21', '<p>Previoulsy advised not to have a \"news section\" Generally a waste time typing text for a blog &nbsp;when our client decision makers are all in their 40\"s. &nbsp;and the probability of this adding ANY value or creating ANY revenue is miniscule.</p>', NULL, NULL, NULL);

-- --------------------------------------------------------

--
-- Table structure for table `tbl_blog_access`
--

CREATE TABLE `tbl_blog_access` (
  `blogaccessID` int(20) UNSIGNED NOT NULL,
  `blogID` int(5) DEFAULT NULL,
  `type_letter` varchar(225) DEFAULT NULL
) ENGINE=InnoDB DEFAULT CHARSET=latin1;

--
-- Dumping data for table `tbl_blog_access`
--

INSERT INTO `tbl_blog_access` (`blogaccessID`, `blogID`, `type_letter`) VALUES
(5, 2, '0'),
(8, 1, 'B'),
(9, 1, 'D');

-- --------------------------------------------------------

--
-- Table structure for table `tbl_blog_images`
--

CREATE TABLE `tbl_blog_images` (
  `imageID` int(11) UNSIGNED NOT NULL,
  `blogID` int(11) DEFAULT NULL,
  `full_path` text
) ENGINE=InnoDB DEFAULT CHARSET=utf8;

--
-- Dumping data for table `tbl_blog_images`
--

INSERT INTO `tbl_blog_images` (`imageID`, `blogID`, `full_path`) VALUES
(3, 2, 'risktech-logo_(1).png'),
(4, 13, 'lod-search.png'),
(5, 14, 'reporting.png'),
(6, 1, 'images.png'),
(7, 3, 'Image-Coming-Soon-Placeholder.png');

-- --------------------------------------------------------

--
-- Table structure for table `tbl_blog_OFF`
--

CREATE TABLE `tbl_blog_OFF` (
  `blogID` int(11) UNSIGNED NOT NULL,
  `title` varchar(255) DEFAULT NULL,
  `date_posted` timestamp NULL DEFAULT NULL,
  `author` varchar(255) DEFAULT NULL,
  `content` text,
  `image` text,
  `access` varchar(255) DEFAULT NULL,
  `hide` char(11) DEFAULT NULL
) ENGINE=InnoDB DEFAULT CHARSET=latin1;

--
-- Dumping data for table `tbl_blog_OFF`
--

INSERT INTO `tbl_blog_OFF` (`blogID`, `title`, `date_posted`, `author`, `content`, `image`, `access`, `hide`) VALUES
(1, 'Sample Blog Post 1', '0000-00-00 00:00:00', '3', '<p>The 2016 addition of the National Construction Code &ndash; Building Code of Australia (BCA) has been published. Changes affecting Volume 1 and 2 include new verification methods for structural robustness and ventilation. Clarification has also been provided for what constitutes as \"constant\" for stair going and risers. A number of new referenced documents including Australian standards have been adopted for NCC 2016 as well as amendments to existing referenced documents.</p>\r\n<p>Changes are specifically affecting Volume 1 relates to clarification added to the definition of \"effective height\" and provides a determination Method used to identify the lower story included in a calculation of rise in stories. New provisions have been included to permit the construction of timber midrise buildings which are Class 2, 3 or 5, sprinkler protected and not more than 25 m effective height.</p>', '', 'Array', NULL),
(2, 'Sample Blog Post 3', '0000-00-00 00:00:00', '3', '<p>The 2016 addition of the National Construction Code &ndash; Building Code of Australia (BCA) has been published. Changes affecting Volume 1 and 2 include new verification methods for structural robustness and ventilation. Clarification has also been provided for what constitutes as \"constant\" for stair going and risers. A number of new referenced documents including Australian standards have been adopted for NCC 2016 as well as amendments to existing referenced documents.</p>\r\n<p>Changes are specifically affecting Volume 1 relates to clarification added to the definition of \"effective height\" and provides a determination Method used to identify the lower story included in a calculation of rise in stories. New provisions have been included to permit the construction of timber midrise buildings which are Class 2, 3 or 5, sprinkler protected and not more than 25 m effective height.</p>', '', 'public', NULL),
(3, 'Sample Blog Post', '0000-00-00 00:00:00', '3', '<p>The 2016 addition of the National Construction Code &ndash; Building Code of Australia (BCA) has been published. Changes affecting Volume 1 and 2 include new verification methods for structural robustness and ventilation. Clarification has also been provided for what constitutes as \"constant\" for stair going and risers. A number of new referenced documents including Australian standards have been adopted for NCC 2016 as well as amendments to existing referenced documents.</p>\r\n<p>Changes are specifically affecting Volume 1 relates to clarification added to the definition of \"effective height\" and provides a determination Method used to identify the lower story included in a calculation of rise in stories. New provisions have been included to permit the construction of timber midrise buildings which are Class 2, 3 or 5, sprinkler protected and not more than 25 m effective height.</p>', '', 'public', NULL),
(7, 'Sample Blog Post 2', '2016-08-15 14:00:00', '3', '<p>This is test 2</p>', '', NULL, NULL),
(8, 'Test', '2016-10-23 13:00:00', '3', '<p>Test</p>', '', NULL, NULL),
(14, 'Test', '2016-10-25 13:00:00', '3', '<p>test content</p>', NULL, NULL, NULL);

-- --------------------------------------------------------

--
-- Table structure for table `tbl_client`
--

CREATE TABLE `tbl_client` (
  `clientID` int(11) UNSIGNED NOT NULL,
  `client_name` varchar(255) DEFAULT NULL,
  `site_address` varchar(255) DEFAULT NULL,
  `contact_name` varchar(255) DEFAULT NULL,
  `contact_number` varchar(255) DEFAULT NULL,
  `hide` char(11) DEFAULT 'N'
) ENGINE=InnoDB DEFAULT CHARSET=latin1;

--
-- Dumping data for table `tbl_client`
--

INSERT INTO `tbl_client` (`clientID`, `client_name`, `site_address`, `contact_name`, `contact_number`, `hide`) VALUES
(1, 'Cushman & Wakefield', '', '', '', 'N');

-- --------------------------------------------------------

--
-- Table structure for table `tbl_client_images`
--

CREATE TABLE `tbl_client_images` (
  `imageID` int(11) UNSIGNED NOT NULL,
  `clientID` int(11) DEFAULT NULL,
  `full_path` text
) ENGINE=InnoDB DEFAULT CHARSET=utf8;

--
-- Dumping data for table `tbl_client_images`
--

INSERT INTO `tbl_client_images` (`imageID`, `clientID`, `full_path`) VALUES
(1, 1, 'image026.png');

-- --------------------------------------------------------

--
-- Table structure for table `tbl_global`
--

CREATE TABLE `tbl_global` (
  `id` int(11) UNSIGNED NOT NULL,
  `description` varchar(255) DEFAULT NULL,
  `value` varchar(255) DEFAULT NULL
) ENGINE=InnoDB DEFAULT CHARSET=utf8;

--
-- Dumping data for table `tbl_global`
--

INSERT INTO `tbl_global` (`id`, `description`, `value`) VALUES
(1, 'photo_number', '');

-- --------------------------------------------------------

--
-- Table structure for table `tbl_hazard_types`
--

CREATE TABLE `tbl_hazard_types` (
  `typeID` int(20) UNSIGNED NOT NULL,
  `type_name` varchar(255) DEFAULT NULL
) ENGINE=InnoDB DEFAULT CHARSET=latin1;

--
-- Dumping data for table `tbl_hazard_types`
--

INSERT INTO `tbl_hazard_types` (`typeID`, `type_name`) VALUES
(1, 'Asbestos'),
(2, 'SMF Products'),
(3, 'Lead Products'),
(4, 'PCBs');

-- --------------------------------------------------------

--
-- Table structure for table `tbl_items`
--

CREATE TABLE `tbl_items` (
  `itemID` int(11) UNSIGNED NOT NULL,
  `siteID` int(11) DEFAULT NULL,
  `buildingName` varchar(255) DEFAULT NULL,
  `clientID` int(11) DEFAULT NULL,
  `item_no` int(11) DEFAULT NULL,
  `item_name` varchar(255) DEFAULT NULL,
  `room_specific` varchar(255) DEFAULT NULL,
  `materialID` int(11) DEFAULT NULL,
  `materialOther` varchar(255) DEFAULT NULL,
  `hazard_type` int(11) DEFAULT NULL,
  `samples_taken` varchar(225) DEFAULT NULL,
  `sample_no` varchar(255) DEFAULT NULL,
  `sample_status` varchar(255) DEFAULT NULL,
  `extent` varchar(255) DEFAULT NULL,
  `extent_mesurement` varchar(10) DEFAULT NULL,
  `contact` varchar(255) DEFAULT NULL,
  `contact_number` mediumint(25) DEFAULT NULL,
  `recommendations` longtext,
  `item_condition` varchar(255) DEFAULT NULL,
  `disturb_potential` varchar(255) DEFAULT NULL,
  `risk_rating` varchar(255) DEFAULT NULL,
  `current_label` varchar(11) DEFAULT NULL,
  `date_updated` timestamp NOT NULL DEFAULT '0000-00-00 00:00:00' ON UPDATE CURRENT_TIMESTAMP,
  `control_priority` varchar(255) DEFAULT NULL,
  `work_records` varchar(255) DEFAULT NULL,
  `description` longtext,
  `photo_no` varchar(450) NOT NULL,
  `location_level` varchar(255) DEFAULT NULL,
  `friability` varchar(255) DEFAULT NULL,
  `control_recommendation` longtext,
  `hide` char(11) DEFAULT NULL,
  `work_action` longtext,
  `item_status` varchar(50) DEFAULT NULL
) ENGINE=InnoDB DEFAULT CHARSET=latin1;

--
-- Dumping data for table `tbl_items`
--

INSERT INTO `tbl_items` (`itemID`, `siteID`, `buildingName`, `clientID`, `item_no`, `item_name`, `room_specific`, `materialID`, `materialOther`, `hazard_type`, `samples_taken`, `sample_no`, `sample_status`, `extent`, `extent_mesurement`, `contact`, `contact_number`, `recommendations`, `item_condition`, `disturb_potential`, `risk_rating`, `current_label`, `date_updated`, `control_priority`, `work_records`, `description`, `photo_no`, `location_level`, `friability`, `control_recommendation`, `hide`, `work_action`, `item_status`) VALUES
(87, 293, 'Inspection Station', 1, NULL, NULL, 'Kitchen, Under sink ', 20, '', 1, NULL, '', 'Suspected Positive', '1', 'cm', NULL, NULL, NULL, 'Good', 'Low', 'Low', '', '2018-02-16 00:29:16', 'P4', NULL, 'Hot Water Unit', '', 'Ground Level ', 'Non-Friable', 'Label & maintain in good condition. Remove under controlled conditions by a Class A/B asbestos contractor prior to renovations.', 'Y', '', ''),
(88, 293, 'Heavy Vehicle Inspection Station', 1, NULL, NULL, 'Kitchen, Under Sink ', 0, 'Internal Insulation', 2, NULL, '', 'Suspected Positive', '1', 'unit(s)', NULL, NULL, NULL, 'Good', 'Low', 'Low', '', '2018-02-22 06:21:32', 'P4', NULL, 'Hot Water Unit', '', 'Level 1 Interior', 'Non-Friable', 'Maintain in good condition. Remove under controlled conditions prior to renovations.', 'N', '', ''),
(89, 293, 'Inspection Station', 1, NULL, NULL, 'Kitchen, Under Sink', 9, '', 2, NULL, '', 'Suspected Positive', '1', 'cm', NULL, NULL, NULL, 'Good', '', 'Low', '', '2018-02-16 00:30:50', 'P4', NULL, 'Hot Water Unit', '', 'Ground Level ', 'Non-Friable', 'Maintain in good condition. Remove under controlled conditions prior to renovations.', 'Y', '', ''),
(90, 293, 'Heavy Vehicle Inspection Station', 1, NULL, NULL, 'Kitchen, Under Sink ', 0, 'Internal Insulation', 2, NULL, '', 'Suspected Positive', '1', 'unit(s)', NULL, NULL, NULL, 'Good', 'Low', 'Low', '', '2018-02-22 06:19:59', 'P4', NULL, 'Hot Water Unit', '', 'Ground Level Interior', 'Non-Friable', 'Maintain in good condition. Remove under controlled conditions prior to renovations.', 'N', '', ''),
(91, 293, 'Heavy Vehicle Inspection Station', 1, NULL, NULL, 'Cleaners Store', 0, 'Internal Insulation', 2, NULL, '', 'Suspected Positive', '1', 'unit(s)', NULL, NULL, NULL, 'Good', 'Low', 'Low', '', '2018-02-22 06:22:01', 'P4', NULL, 'Hot Water Unit', '', 'Ground Level Interior', 'Non-Friable', 'Maintain in good condition. Remove under controlled conditions prior to renovations.', 'N', '', ''),
(92, 293, 'Heavy Vehicle Inspection Station', 1, NULL, NULL, 'Office Roof', 0, 'Insulation Material', 2, NULL, '', 'Suspected Positive', '40', 'm', NULL, NULL, NULL, 'Good', 'Low', 'Low', '', '2018-02-22 06:22:23', 'P4', NULL, 'Rigid Ductwork', '', 'Ground Level Interior', 'Non-Friable', 'Maintain in good condition. Remove under controlled conditions prior to renovations.', 'N', '', ''),
(93, 293, 'Heavy Vehicle Inspection Station', 1, NULL, NULL, 'Throughout', 0, 'Sarking Insulation', 2, NULL, '', 'Suspected Positive', '1200', 'm²', NULL, NULL, NULL, 'Good', 'Low', 'Low', '', '2018-02-23 00:43:24', 'P4', NULL, 'Roof Lining', '', 'Ground Level Interior', 'Non-Friable', 'Maintain in good condition. Remove under controlled conditions prior to renovations.', 'N', '', ''),
(94, 293, 'Heavy Vehicle Inspection Station', 1, NULL, NULL, 'Eastern Side ', 0, 'Moulded Fibre Cement', 2, NULL, '', 'Suspected Positive', '1', 'unit(s)', NULL, NULL, NULL, 'Good', 'Low', 'Low', '', '2018-02-22 06:19:38', 'P4', NULL, 'Pit', '', 'Ground Level Exterior', 'Non-Friable', 'Maintain in good condition. Remove under controlled conditions prior to renovations.', 'N', '', ''),
(95, 293, 'Inspection Station', 1, NULL, NULL, 'Perimeter', 0, 'Expansion Joints', 0, NULL, '50300-270-001', 'Negative', '', 'm', NULL, NULL, NULL, '', '', '', '', '2018-02-19 22:41:17', '', NULL, 'Mastic Sealant ', '', 'Ground Level Exterior', '', '', 'Y', '', ''),
(96, 293, 'Heavy Vehicle Inspection Station', 1, NULL, NULL, 'Perimeter ', 0, 'Mastic Sealant', 1, NULL, 'Prensa 50300-270-001', 'Negative', '', 'm', NULL, NULL, NULL, '', '', '', '', '2018-02-22 06:16:16', '', NULL, 'Expansion Joints', '', 'Ground Level Exterior', '', '', 'N', '', ''),
(97, 293, 'Heavy Vehicle Inspection Station', 1, NULL, NULL, 'Eastern Side', 0, 'Moulded Fibre Cement', 1, NULL, 'Prensa 50300-270-002', 'Negative', '', 'm', NULL, NULL, NULL, '', '', '', '', '2018-02-22 06:16:53', '', NULL, 'Pit', '', 'Ground Level Exterior', '', '', 'N', '', ''),
(98, 293, 'Heavy Vehicle Inspection Station', 1, NULL, NULL, 'Northern Store, East', 0, 'Wall Lining', 1, NULL, 'Prensa 50300-270-003', 'Negative', '', 'm', NULL, NULL, NULL, '', '', '', '', '2018-02-23 00:22:36', '', NULL, 'Fibre Cement Sheeting', '', 'Ground Level Interior', '', '', 'N', '', ''),
(99, 293, 'Heavy Vehicle Inspection Station', 1, NULL, NULL, 'Northern Store, Framework', 0, 'Lead Dust', 3, NULL, 'Prensa 50300-270-LD001', 'Negative', '', 'm', NULL, NULL, NULL, '', '', '', '', '2018-02-22 06:16:36', '', NULL, 'Settled Dust', '', 'Ground Level Interior', '', '', 'N', '', ''),
(100, 293, 'Heavy Vehicle Inspection Station', 1, NULL, NULL, 'Vehicle Inspection Area, Beams', 0, 'Lead Dust', 3, NULL, 'Prensa 50300-270-LD002', 'Negative', '', 'm', NULL, NULL, NULL, '', '', '', '', '2018-02-22 06:25:05', '', NULL, 'Settled Dust', '', 'Ground Level Interior', '', '', 'N', '', ''),
(101, 293, 'Heavy Vehicle Inspection Station', 1, NULL, NULL, 'Vehicle Inspection Area, Framework', 0, 'Lead Dust', 3, NULL, 'Prensa 50300-270-LD0003', 'Negative', '', 'm', NULL, NULL, NULL, '', '', '', '', '2018-02-22 06:17:25', '', NULL, 'Settled Dust', '', 'Ground Level Interior', '', '', 'N', '', ''),
(102, 293, 'Heavy Vehicle Inspection Station', 1, NULL, NULL, 'Throughout', 0, 'Capacitor', 4, NULL, '', 'Suspected Negative', '', 'm', NULL, NULL, NULL, '', '', '', '', '2018-02-22 06:18:03', '', NULL, 'Fluorescent Light Fitting', '', 'Ground Level Interior', '', '', 'N', '', ''),
(103, 293, 'Heavy Vehicle Inspection Station', 1, NULL, NULL, 'Throughout', 0, 'Capacitor ', 4, NULL, '', 'Suspected Negative', '', 'm', NULL, NULL, NULL, '', '', '', '', '2018-02-22 06:18:55', '', NULL, 'Fluorescent Light Fittings', '', 'Level 1 Interior', '', '', 'N', '', ''),
(104, 293, 'Heavy Vehicle Inspection Station', 1, NULL, NULL, 'Throughout ', 0, 'Paint Systems ', 3, NULL, '', 'Suspected Negative', '', 'm', NULL, NULL, NULL, '', '', '', '', '2018-02-22 06:19:20', '', NULL, 'Walls and Ceilings', '', 'Ground Level Interior', '', '', 'N', '', ''),
(105, 293, 'Heavy Vehicle Inspection Station', 1, NULL, NULL, 'Throughout', 0, 'Paint System', 3, NULL, '', 'Suspected Negative', '', 'm', NULL, NULL, NULL, '', '', '', '', '2018-02-22 06:18:33', '', NULL, 'Walls and Ceilings', '', 'Level 1 Interior', '', '', 'N', '', ''),
(106, 296, 'Administration Building', 1, NULL, NULL, 'North side', 5, '', 1, NULL, 'A4', 'Positive', '30', 'm', NULL, NULL, NULL, 'Good', 'Low', 'Low', 'Yes', '2018-03-08 00:14:36', 'P4', NULL, 'Eaves', '19', 'East Wing - Exterior', 'Non-Friable', 'Maintain in good condition. Remove under controlled conditions by a Class A/B asbestos contractor prior to renovations.', 'N', '', ''),
(107, 296, 'Administration Building', 1, NULL, NULL, 'East and South sides', 5, '', 1, NULL, 'Same as A4', 'Assumed Positive', '50', 'm', NULL, NULL, NULL, 'Good', 'Low', 'Low', 'Yes', '2018-03-08 00:14:53', 'P4', NULL, 'Eaves', '20', 'East Wing - Exterior', 'Non-Friable', 'Maintain in good condition. Remove under controlled conditions by a Class A/B asbestos contractor prior to renovations.', 'N', '', ''),
(108, 296, 'Administration Building', 1, NULL, NULL, 'East Side', 0, 'Moulded Fibre Cement', 1, NULL, 'Prensa-50300-287-001', 'Negative', '', 'm', NULL, NULL, NULL, '', '', '', '', '2018-02-26 23:21:02', '', NULL, 'PMG Pit', '', 'Ground Level - Exterior', '', '', 'N', '', ''),
(109, 296, 'Administration Building', 1, NULL, NULL, 'East - South East corner', 0, 'Moulded Fibre Cement', 1, NULL, 'A3', 'Negative', '', 'm', NULL, NULL, NULL, '', '', '', '', '2018-02-26 23:20:14', '', NULL, 'Electrical Pit', '', 'East Wing - Exterior', '', '', 'N', '', ''),
(110, 296, 'Administration Building', 1, NULL, NULL, 'Footpath', 0, 'Bituminous material', 1, NULL, 'Prensa-50300-287-002', 'Negative', '1', 'unit(s)', NULL, NULL, NULL, 'Good', 'Low', 'Low', 'No', '2018-03-08 00:13:33', 'P4', NULL, 'Expansion Gap material', '', 'East Wing - Exterior', 'Non-Friable', 'Maintain in good condition. Remove under controlled conditions by a Class A/B asbestos contractor prior to renovations.', 'N', '', ''),
(111, 296, 'Administration Building', 1, NULL, NULL, 'East side', 5, '', 1, NULL, 'Prensa 50300-287-003', 'Negative', '', 'm', NULL, NULL, NULL, '', '', '', '', '2018-02-26 23:08:34', '', NULL, 'Fascia', '', 'South & North Wing - Exterior', '', '', 'N', '', ''),
(112, 296, 'Administration Building', 1, NULL, NULL, 'Kitchen', 17, '', 1, NULL, 'Prensa 50300-287-004', 'Negative', '', 'm', NULL, NULL, NULL, '', '', '', '', '2018-02-26 23:09:37', '', NULL, 'Grey tiles', '', 'East Wing - Demountable', '', '', 'N', '', ''),
(113, 296, 'Administration Building', 1, NULL, NULL, 'South side, entrance door to roofspace', 5, '', 1, NULL, 'Prensa 50300-287-006', 'Negative', '', 'm', NULL, NULL, NULL, '', '', '', '', '2018-02-26 23:11:15', '', NULL, 'Infill panels', '', 'East Wing - Interior', '', '', 'N', '', ''),
(114, 296, 'Administration Building', 1, NULL, NULL, 'Server Room beneath server', 17, '', 1, NULL, 'A5', 'Positive', '1', 'm', NULL, NULL, NULL, 'Good', 'Low', 'Low', 'No', '2018-03-08 00:12:31', 'P4', NULL, 'Olive green colour', '21', 'Ground Floor - Interior', 'Non-Friable', 'Maintain in good condition. Remove under controlled conditions by a Class A/B asbestos contractor prior to renovations.', 'N', '', ''),
(115, 296, 'Administration Building', 1, NULL, NULL, '', 20, '', 2, NULL, '', 'Suspected Positive', 'throughout', 'm', NULL, NULL, NULL, 'Fair', '', 'Low', '', '2018-02-27 04:19:52', '', NULL, 'Ductwork/flexi ductwork', '22', 'East Wing - Interior', 'Non-Friable', 'Maintain in good condition. Remove under controlled conditions prior to renovations.', 'N', '', ''),
(118, 296, 'Administration Building', 1, NULL, NULL, 'Sample', 3, '', 3, NULL, 'ethe46', 'Suspected Positive', '5356', 'm', NULL, NULL, NULL, 'Poor', 'Low', 'Medium', 'fdgjdfj', '2018-03-07 05:03:10', 'P1', NULL, 'sdhweth', '24', 'Sample Test', 'Non-Friable', 'Maintain in good condition. Remove or overpaint painted surfaces under controlled conditions prior to renovations.', 'Y', '<p>Sample</p>', 'Rectified'),
(119, 296, 'Administration Building', 1, NULL, NULL, 'Kitchen', 20, '', 2, NULL, '', 'Assumed Positive', '2', 'unit(s)', NULL, NULL, NULL, 'Good', '', '', '', '2018-03-05 03:03:46', '', NULL, 'Zip boil above sink and hot water heater below sink', '25', 'Ground Level - Interior', 'Non-Friable', 'Maintain in good condition. Remove under controlled conditions prior to renovations.', 'N', '', ''),
(120, 296, 'Administration Building', 1, NULL, NULL, 'Cleaners Store', 20, '', 2, NULL, '', 'Assumed Positive', '1', 'unit(s)', NULL, NULL, NULL, 'Good', '', '', '', '2018-03-05 03:04:18', '', NULL, 'Hot water heater', '26', 'Ground Level - Interior', 'Non-Friable', 'Maintain in good condition. Remove under controlled conditions prior to renovations.', 'N', '', ''),
(121, 296, 'Administration Building', 1, NULL, NULL, 'Cleaners Store', 17, '', 1, NULL, 'A6', 'Negative', '5', 'm²', NULL, NULL, NULL, 'Fair', 'Low', 'Low', 'No', '2018-03-07 05:03:20', 'P4', NULL, 'Speckled grey colour', '27', 'Ground Level - Interior', 'Non-Friable', 'Maintain in good condition. Remove under controlled conditions by a Class A/B asbestos contractor prior to renovations.', 'N', '', ''),
(122, 296, 'Administration Building', 1, NULL, NULL, 'Throughout', 20, '', 2, NULL, '', 'Suspected Positive', 'throughout', 'm', NULL, NULL, NULL, 'Good', '', '', '', '2018-03-05 03:07:06', '', NULL, 'Compressed ceiling tiles', '28', 'South Wing - Interior', 'Non-Friable', 'Maintain in good condition. Remove under controlled conditions prior to renovations.', 'N', '', ''),
(123, 296, 'Administration Building', 1, NULL, NULL, 'Kitchen', 20, '', 2, NULL, '', 'Suspected Positive', '1', 'unit(s)', NULL, NULL, NULL, 'Good', '', '', '', '2018-03-05 03:08:27', '', NULL, 'Zip hydratap below sink', '', 'South Wing - Interior', 'Non-Friable', 'Maintain in good condition. Remove under controlled conditions prior to renovations.', 'N', '', ''),
(124, 296, 'Administration Building', 1, NULL, NULL, 'South Wing, south wall', 21, '', 3, NULL, 'Pb7', 'Positive', '5', 'm²', NULL, NULL, NULL, 'Fair', '', '', '', '2018-03-05 21:53:33', '', NULL, 'Flaking cream paint', '29', 'Ground Level - Exterior', '', 'Maintain in good condition. Remove or overpaint painted surfaces under controlled conditions prior to renovations.', 'N', '', ''),
(125, 296, 'Administration Building', 1, NULL, NULL, '', 20, '', 2, NULL, '', 'Suspected Positive', 'throughout', 'm', NULL, NULL, NULL, 'Fair', '', '', '', '2018-03-05 04:42:03', '', NULL, 'Roof insulation batts', '30', 'East Wing - Interior', 'Non-Friable', 'Maintain in good condition. Remove under controlled conditions prior to renovations.', 'N', '', ''),
(126, 296, 'Fleet Workshop', 1, NULL, NULL, 'All sides', 5, '', 1, NULL, 'ESP E30215', 'Positive', '50', 'm²', NULL, NULL, NULL, 'Good', 'Low', 'Low', 'Yes', '2018-03-07 05:03:25', 'P4', NULL, 'Eaves', '31', 'Ground Level - Exterior', 'Non-Friable', 'Maintain in good condition. Remove under controlled conditions by a Class A/B asbestos contractor prior to renovations.', 'N', '', ''),
(127, 296, 'Fleet Workshop', 1, NULL, NULL, '', 20, '', 2, NULL, '', 'Suspected Positive', 'throughout', 'm', NULL, NULL, NULL, 'Good', '', '', '', '2018-03-05 05:03:49', '', NULL, 'Air conditioning ducting', '32', 'Roof Space - Interior', 'Non-Friable', 'Maintain in good condition. Remove under controlled conditions prior to renovations.', 'N', '', ''),
(128, 296, 'Fleet Workshop', 1, NULL, NULL, '', 20, '', 2, NULL, '', 'Suspected Positive', 'throughout', 'm', NULL, NULL, NULL, 'Good', '', '', '', '2018-03-05 05:05:06', '', NULL, 'Batts on top of ceiling', '33', 'Roofspace - Interior', 'Non-Friable', 'Maintain in good condition. Remove under controlled conditions prior to renovations.', 'N', '', ''),
(129, 296, 'Fleet Warehouse', 1, NULL, NULL, '', 0, 'No hazardous materials identified', 0, NULL, '', '', '', 'm', NULL, NULL, NULL, '', '', '', '', '2018-03-05 05:23:48', '', NULL, '', '', 'Throughout', '', '', 'N', '', ''),
(130, 296, 'Welders Workshop', 1, NULL, NULL, '', 0, 'No hazardous materials identified', 0, NULL, '', '', '', 'm', NULL, NULL, NULL, '', '', '', '', '2018-03-05 05:24:22', '', NULL, '', '', 'Throughout', '', '', 'N', '', ''),
(131, 296, 'Fleet Storage Sheds', 1, NULL, NULL, 'Balcony', 5, '', 1, NULL, 'ESP E30216', 'Positive', '20', 'm²', NULL, NULL, NULL, 'Good', 'Low', 'Low', 'Yes', '2018-03-07 05:03:29', 'P4', NULL, 'Eaves', '34', 'North Side - Exterior', 'Non-Friable', 'Maintain in good condition. Remove under controlled conditions by a Class A/B asbestos contractor prior to renovations.', 'N', '', ''),
(132, 296, 'Fleet Storage Sheds', 1, NULL, NULL, 'Adjacent fenceline', 0, 'Fibre cement', 1, NULL, '', 'Suspected Positive', '10', 'm²', NULL, NULL, NULL, 'Poor', 'Low', 'Medium', '', '2018-03-07 05:03:33', 'P2', NULL, 'Debris', '35', 'South Side - Exterior', 'Non-Friable', 'Engage a Class A/B asbestos contractor to clean up or remove the material as soon as practicable [less than 3-6 months].', 'N', '', ''),
(133, 296, 'Fleet Storage Sheds', 1, NULL, NULL, 'Each storage shed', 22, '', 4, NULL, '', 'Suspected Positive', '8', 'unit(s)', NULL, NULL, NULL, '', '', '', '', '2018-03-05 05:36:56', '', NULL, 'Single tubed fluorescent lights', '36', 'Interior', '', 'Maintain in good condition. Remove under controlled conditions prior to renovations.', 'N', '', ''),
(134, 296, 'ITSM Storage Shed', 1, NULL, NULL, '', 0, 'No hazardous materials identified', 0, NULL, '', '', '', 'm', NULL, NULL, NULL, '', '', '', '', '2018-03-05 05:38:00', '', NULL, '', '', 'Throughout - Interior', '', '', 'N', '', ''),
(135, 296, 'ITSM Storage Shed', 1, NULL, NULL, 'Adjacent South boundary fence', 0, 'Moulded Fibre Cement', 1, NULL, 'A1', 'Positive', '1', 'unit(s)', NULL, NULL, NULL, 'Fair', 'Low', 'Low', 'No', '2018-05-24 05:05:27', 'P4', NULL, 'Electrical Pit', '37', 'Exterior, South East', 'Non-Friable', 'Maintain in good condition. Remove under controlled conditions by a Class A/B asbestos contractor prior to renovations.', 'N', '', ''),
(136, 296, 'Covered Shed opposite ITSM Design', 1, NULL, NULL, '', 0, 'No hazardous materials identified', 0, NULL, '', '', '', 'm', NULL, NULL, NULL, '', '', '', '', '2018-03-05 05:41:01', '', NULL, '', '', 'Throughout', '', '', 'N', '', ''),
(137, 296, 'Covered Shed opposite ITSM Design', 1, NULL, NULL, '', 21, '', 3, NULL, 'Pb2', 'Negative', '', 'm', NULL, NULL, NULL, '', '', '', '', '2018-03-05 05:42:16', '', NULL, 'Green paint on shipping containers', '38', 'Exterior', '', 'Maintain in good condition. Remove or overpaint painted surfaces under controlled conditions prior to renovations.', 'N', '', ''),
(138, 296, 'Washing Bay Shed', 1, NULL, NULL, '', 0, 'No hazardous materials identified', 0, NULL, '', '', '', 'm', NULL, NULL, NULL, '', '', '', '', '2018-05-24 05:07:08', '', NULL, '', '39', 'Throughout', '', '', 'Y', '', ''),
(139, 296, 'ITSM Warehouse', 1, NULL, NULL, '', 0, 'No hazardous materials identified', 0, NULL, '', '', '', 'm', NULL, NULL, NULL, '', '', '', '', '2018-03-05 05:45:28', '', NULL, '', '', 'Throughout', '', '', 'N', '', ''),
(140, 296, 'ITSM Amenities', 1, NULL, NULL, 'Kitchen', 20, '', 2, NULL, '', 'Suspected Positive', '1', 'unit(s)', NULL, NULL, NULL, 'Good', '', '', '', '2018-03-05 05:47:06', '', NULL, 'Zip boil below sink', '40', 'Ground Level - Interior', 'Non-Friable', 'Maintain in good condition. Remove under controlled conditions prior to renovations.', 'N', '', ''),
(141, 296, 'ITSM Amenities', 1, NULL, NULL, 'Mens Toilets', 20, '', 2, NULL, '', 'Suspected Positive', '1', 'unit(s)', NULL, NULL, NULL, 'Good', '', '', '', '2018-03-05 05:48:04', '', NULL, 'Hot water heater', '41', 'Ground Level - Interior', 'Non-Friable', 'Maintain in good condition. Remove under controlled conditions prior to renovations.', 'N', '', ''),
(142, 296, 'ITSM Factory', 1, NULL, NULL, '', 20, '', 2, NULL, '', 'Suspected Positive', '450', 'm²', NULL, NULL, NULL, 'Good', '', '', '', '2018-03-05 05:51:04', '', NULL, 'Sarking insulation beneath roof', '42', 'Throughout - Interior', 'Non-Friable', 'Maintain in good condition. Remove under controlled conditions prior to renovations.', 'N', '', ''),
(143, 296, 'ITSM Design', 1, NULL, NULL, 'South West corner, under signs', 0, 'Moulded Fibre Cement', 1, NULL, '', 'Suspected Positive', '1', 'unit(s)', NULL, NULL, NULL, 'Fair', '', 'Low', 'No', '2018-03-06 02:02:47', 'P4', NULL, 'Electrical Pit', '43', 'Exterior', '', 'Maintain in good condition. Remove under controlled conditions by a Class A/B asbestos contractor prior to renovations.', 'N', '', ''),
(144, 296, 'ITSM Design', 1, NULL, NULL, 'Kitchen', 20, '', 2, NULL, '', 'Suspected Positive', '1', 'unit(s)', NULL, NULL, NULL, 'Good', '', '', '', '2018-03-06 02:02:26', '', NULL, 'Billi hot water heater under sink', '44', 'Ground Level - Interior', 'Non-Friable', 'Maintain in good condition. Remove under controlled conditions prior to renovations.', 'N', '', ''),
(145, 296, 'ITSM Design', 1, NULL, NULL, 'South entrance area', 20, '', 2, NULL, '', 'Suspected Positive', '84', 'm', NULL, NULL, NULL, 'Good', '', '', '', '2018-03-06 02:02:05', '', NULL, 'Compressed ceiling tiles', '45', 'Ground Level - Interior', 'Non-Friable', 'Maintain in good condition. Remove under controlled conditions prior to renovations.', 'N', '', ''),
(146, 296, 'DAS Sheds', 1, NULL, NULL, 'North West, Adjacent entrance awning', 0, 'Moulded Fibre Cement', 1, NULL, 'A2', 'Positive', '1', 'unit(s)', NULL, NULL, NULL, 'Fair', 'Medium', 'Low', 'No', '2018-03-07 05:03:54', 'P3', NULL, 'Remants of large diameter pipe in ground', '46', 'Ground Level - Exterior', 'Non-Friable', '', 'Y', '', ''),
(147, 296, 'Amenities Building', 1, NULL, NULL, 'All sides', 5, '', 1, NULL, 'Same as ESP E30198', 'Positive', '70', 'm²', NULL, NULL, NULL, 'Good', 'Low', 'Low', 'Yes', '2018-03-08 00:15:33', 'P4', NULL, 'Eaves', '47', 'Ground Level - Exterior', 'Non-Friable', 'Maintain in good condition. Remove under controlled conditions by a Class A/B asbestos contractor prior to renovations.', 'N', '', ''),
(148, 296, 'Amenities Building', 1, NULL, NULL, 'North side', 21, '', 3, NULL, 'Pb3', 'Negative', '', 'm', NULL, NULL, NULL, '', '', '', '', '2018-03-06 00:19:55', '', NULL, 'Flaking white paint', '48', 'Ground Level - Exterior', '', 'Maintain in good condition. Remove or overpaint painted surfaces under controlled conditions prior to renovations.', 'N', '', ''),
(149, 296, 'Amenities Building', 1, NULL, NULL, 'South, South West', 0, 'Moulded Fibre Cement', 1, NULL, 'Same as Prensa 50300-287-008', 'Positive', '3', 'unit(s)', NULL, NULL, NULL, 'Fair', 'Low', 'Low', 'No', '2018-03-07 05:03:40', 'P4', NULL, 'Electrical pits in ground (1x adjacent water tanks, 2x on path)', '49', 'Ground Level - Exterior', 'Non-Friable', 'Maintain in good condition. Remove under controlled conditions by a Class A/B asbestos contractor prior to renovations.', 'N', '', ''),
(150, 296, 'Electrical Unit', 1, NULL, NULL, '', 0, 'No asbestos materials identified/suspected', 0, NULL, '', '', '', 'm', NULL, NULL, NULL, '', '', '', '', '2018-03-06 00:25:02', '', NULL, '', '', 'Throughout - Interior', '', '', 'N', '', ''),
(151, 296, 'Electrical Unit', 1, NULL, NULL, 'Throughout', 20, '', 2, NULL, '', 'Suspected Positive', 'throughout', 'm', NULL, NULL, NULL, 'Good', '', '', '', '2018-03-06 00:26:16', '', NULL, 'Sarking insulation beneath roof', '50', 'Interior', 'Non-Friable', 'Maintain in good condition. Remove under controlled conditions prior to renovations.', 'N', '', ''),
(152, 296, 'Electrical Unit', 1, NULL, NULL, 'Above offices', 20, '', 2, NULL, '', 'Suspected Positive', '30', 'm²', NULL, NULL, NULL, 'Good', '', '', '', '2018-03-06 00:27:18', '', NULL, 'Batt insulation on top of ceiling', '', 'Interior', 'Non-Friable', 'Maintain in good condition. Remove under controlled conditions prior to renovations.', 'N', '', ''),
(153, 296, 'Electrical Unit', 1, NULL, NULL, 'Adjacent storage - white storage container with lights on east side', 21, '', 3, NULL, 'Pb4', 'Negative', '', 'm', NULL, NULL, NULL, '', '', '', '', '2018-03-06 00:30:17', '', NULL, 'Flaking white paint', '51', 'Ground Level - Exterior', '', 'Maintain in good condition. Remove or overpaint painted surfaces under controlled conditions prior to renovations.', 'N', '', ''),
(154, 296, 'Amenities & TES Storage Sheds', 1, NULL, NULL, 'All sides', 5, '', 1, NULL, 'Same as ESP E30182', 'Positive', '100', 'm²', NULL, NULL, NULL, 'Fair', 'Low', 'Low', 'Yes', '2018-03-07 05:03:43', 'P4', NULL, 'Eaves (thin strips)', '52', 'Ground Level - Exterior', 'Non-Friable', 'Maintain in good condition. Remove under controlled conditions by a Class A/B asbestos contractor prior to renovations.', 'N', '', ''),
(155, 296, 'Amenities & TES Storage Sheds', 1, NULL, NULL, 'North side', 21, '', 3, NULL, 'Pb5', 'Negative', '', 'm', NULL, NULL, NULL, '', '', '', '', '2018-03-06 00:35:36', '', NULL, 'Flaking brown paint on gutters, downpipes', '53', 'Ground Level - Exterior', '', 'Maintain in good condition. Remove or overpaint painted surfaces under controlled conditions prior to renovations.', 'N', '', ''),
(156, 296, 'Amenities & TES Storage Sheds', 1, NULL, NULL, 'Eastern rooms', 22, '', 4, NULL, '', 'Suspected Positive', '8', 'unit(s)', NULL, NULL, NULL, 'Good', '', '', '', '2018-03-06 00:38:02', '', NULL, 'Double-tubed fluorescent lights hanging from roof', '54', 'Ground Level - Interior', '', 'Maintain in good condition. Remove or overpaint painted surfaces under controlled conditions prior to renovations.', 'N', '', ''),
(157, 296, 'Amenities & TES Storage Sheds', 1, NULL, NULL, 'Central area around traffic lights', 20, '', 2, NULL, '', 'Suspected Positive', '60', 'm²', NULL, NULL, NULL, 'Good', '', '', '', '2018-03-06 00:39:20', '', NULL, 'Compressed ceiling tiles', '55', 'Ground Level - Interior', 'Non-Friable', 'Maintain in good condition. Remove under controlled conditions prior to renovations.', 'N', '', ''),
(158, 296, 'Amenities & TES Storage Sheds', 1, NULL, NULL, 'Western rooms (IT Store)', 17, '', 1, NULL, 'ESP E30185', 'Positive', '60', 'm²', NULL, NULL, NULL, 'Fair', 'Low', 'Low', 'Yes', '2018-03-07 05:03:47', 'P4', NULL, 'Brown 9\" floor tiles', '56', 'Ground Level - Interior', '', 'Maintain in good condition. Remove under controlled conditions by a Class A/B asbestos contractor prior to renovations.', 'N', '', ''),
(159, 296, 'SRS Conference Room', 1, NULL, NULL, 'Kitchen', 20, '', 2, NULL, '', 'Suspected Positive', '1', 'unit(s)', NULL, NULL, NULL, 'Good', '', '', '', '2018-03-06 00:44:32', '', NULL, 'Zip boil above sink', '57', 'Ground Level - Interior', 'Non-Friable', 'Maintain in good condition. Remove under controlled conditions prior to renovations.', 'N', '', ''),
(160, 296, 'Traffic Equipment Standards Demountable', 1, NULL, NULL, 'Throughout', 0, 'No hazardous materials identified', 0, NULL, '', '', '', 'm', NULL, NULL, NULL, '', '', '', '', '2018-03-06 00:47:37', '', NULL, '', '', 'Interior & Exterior', '', '', 'N', '', ''),
(161, 296, 'Electronic Unit Demountables', 1, NULL, NULL, 'Kitchen', 20, '', 2, NULL, '', 'Suspected Positive', '2', 'unit(s)', NULL, NULL, NULL, 'Good', '', '', '', '2018-03-06 00:49:07', '', NULL, 'Zip boil above sink and hot water heater below sink', '58', 'Ground Level - Interior', 'Non-Friable', 'Maintain in good condition. Remove under controlled conditions prior to renovations.', 'N', '', ''),
(162, 296, 'Electronic Unit Demountables', 1, NULL, NULL, 'South Boundary, adjacent light pole', 0, 'Moulded Fibre Cement', 1, NULL, '', 'Suspected Positive', '1', 'unit(s)', NULL, NULL, NULL, 'Good', 'Low', 'Low', 'No', '2018-03-06 00:53:04', 'P4', NULL, 'Electrical pit', '59', 'Exterior', 'Non-Friable', 'Maintain in good condition. Remove under controlled conditions by a Class A/B asbestos contractor prior to renovations.', 'N', '', ''),
(163, 296, 'Electronic Unit Demountables', 1, NULL, NULL, 'South Boundary, adjacent light pole', 0, 'Moulded Fibre Cement', 1, NULL, '', 'Suspected Positive', '1', 'unit(s)', NULL, NULL, NULL, 'Poor', 'Medium', 'Medium', 'No', '2018-03-07 05:03:58', 'P2', NULL, 'Electrical Pit - damaged', '60', 'Exterior', 'Non-Friable', 'Engage a Class A/B asbestos contractor to clean up or remove the material as soon as practicable [less than 3 months]. This includes associated debris on adjacent slope.', 'N', '', ''),
(164, 296, 'Electronic Unit Demountables', 1, NULL, NULL, 'South Boundary', 21, '', 3, NULL, 'Pb6', 'Negative', '2', 'm²', NULL, NULL, NULL, '', '', '', '', '2018-03-06 00:56:34', '', NULL, 'Flaking red paint on small half container', '61', 'Exterior', '', 'Maintain in good condition. Remove or overpaint painted surfaces under controlled conditions prior to renovations.', 'N', '', ''),
(165, 296, 'Gas Yard', 1, NULL, NULL, '', 0, 'No hazardous materials identified', 0, NULL, '', '', '', 'm', NULL, NULL, NULL, '', '', '', '', '2018-03-06 00:57:23', '', NULL, '', '', 'Throughout', '', '', 'N', '', ''),
(166, 296, 'ITSM Project Delivery', 1, NULL, NULL, '', 0, 'No hazardous materials identified', 0, NULL, '', '', '', 'm', NULL, NULL, NULL, '', '', '', '', '2018-03-06 00:58:23', '', NULL, '', '', 'Throughout', '', '', 'N', '', ''),
(167, 296, 'ITSM Project Delivery', 1, NULL, NULL, '', 20, '', 2, NULL, '', 'Suspected Positive', '500', 'm²', NULL, NULL, NULL, 'Good', '', '', '', '2018-03-06 00:59:42', '', NULL, 'Compressed ceiling tiles', '62', 'Throughout - Interior', 'Non-Friable', 'Maintain in good condition. Remove under controlled conditions prior to renovations.', 'N', '', ''),
(168, 296, 'ITSM Project Delivery', 1, NULL, NULL, 'Kitchen', 20, '', 2, NULL, '', 'Suspected Positive', '1', 'unit(s)', NULL, NULL, NULL, 'Good', '', '', '', '2018-03-06 01:01:12', '', NULL, 'Zip unit below sink', '63', 'Ground Level - Interior', 'Non-Friable', 'Maintain in good condition. Remove under controlled conditions prior to renovations.', 'N', '', ''),
(169, 296, 'Fleet Building', 1, NULL, NULL, 'Throughout', 20, '', 2, NULL, '', 'Suspected Positive', '500', 'm²', NULL, NULL, NULL, 'Good', '', '', '', '2018-03-06 02:05:26', '', NULL, 'Compressed ceiling tiles', '64', 'Interior', 'Non-Friable', 'Maintain in good condition. Remove under controlled conditions prior to renovations.', 'N', '', ''),
(170, 296, 'Fleet Building', 1, NULL, NULL, 'Kitchen', 20, '', 2, NULL, '', 'Suspected Positive', '1', 'unit(s)', NULL, NULL, NULL, 'Good', '', '', '', '2018-03-06 02:06:25', '', NULL, 'Zip unit below sink', '65', 'Interior', 'Non-Friable', 'Maintain in good condition. Remove under controlled conditions prior to renovations.', 'N', '', ''),
(171, 296, 'GIS Building', 1, NULL, NULL, 'Throughout', 22, '', 4, NULL, '', 'Suspected Positive', '12', 'unit(s)', NULL, NULL, NULL, 'Good', '', '', '', '2018-03-06 02:11:26', '', NULL, 'Single, double & triple tubed fluorescent light fittings', '66', 'Interior', '', 'Maintain in good condition. Remove under controlled conditions prior to renovations.', 'N', '', ''),
(172, 296, 'GIS Building', 1, NULL, NULL, 'South West', 20, '', 2, NULL, '', 'Suspected Positive', '1', 'unit(s)', NULL, NULL, NULL, 'Good', '', '', '', '2018-03-06 02:10:59', '', NULL, 'Hot water heater', '67', 'Interior', 'Non-Friable', 'Maintain in good condition. Remove under controlled conditions prior to renovations.', 'N', '', ''),
(173, 296, 'GIS Building', 1, NULL, NULL, 'Small shed to South East', 0, 'No hazardous materials identified', 0, NULL, '', '', '', 'm', NULL, NULL, NULL, '', '', '', '', '2018-03-06 02:12:17', '', NULL, '', '', 'Exterior', '', '', 'N', '', ''),
(174, 296, 'DAS Building', 1, NULL, NULL, 'North West, Adjacent entrance', 0, 'Moulded Fibre Cement', 1, NULL, 'A2', 'Positive', '1', 'unit(s)', NULL, NULL, NULL, 'Fair', 'Medium', 'Low', 'No', '2018-03-07 05:04:01', 'P3', NULL, 'Remants of large diameter pipe in ground', '68', 'Exterior', 'Non-Friable', '', 'N', '', ''),
(175, 296, 'DAS Building', 1, NULL, NULL, 'Throughout', 20, '', 2, NULL, '', 'Suspected Positive', 'throughout', 'm', NULL, NULL, NULL, 'Good', '', '', '', '2018-03-06 02:18:19', '', NULL, 'Compressed ceiling tiles', '69', 'Interior', 'Non-Friable', 'Maintain in good condition. Remove under controlled conditions prior to renovations.', 'N', '', ''),
(176, 296, 'DAS Building', 1, NULL, NULL, 'Kitchen', 20, '', 2, NULL, '', 'Suspected Positive', '1', 'unit(s)', NULL, NULL, NULL, 'Good', '', '', '', '2018-03-06 02:21:47', '', NULL, 'Hot water unit under sink', '70', 'Interior', 'Non-Friable', 'Maintain in good condition. Remove under controlled conditions prior to renovations.', 'N', '', ''),
(177, 296, 'DAS Demountable', 1, NULL, NULL, 'Kitchen', 20, '', 2, NULL, '', 'Suspected Positive', '1', 'unit(s)', NULL, NULL, NULL, 'Good', '', '', '', '2018-03-06 02:21:14', '', NULL, 'Zip hydratap below sink', '71', 'Interior', 'Non-Friable', 'Maintain in good condition. Remove under controlled conditions prior to renovations.', 'N', '', ''),
(178, 296, 'DAS Storage Shed', 1, NULL, NULL, 'Throughout', 20, '', 2, NULL, '', 'Suspected Positive', 'throughout', 'm', NULL, NULL, NULL, 'Fair', '', '', '', '2018-03-06 02:22:51', '', NULL, 'Sarking insulation beneath roof', '72', 'Interior', 'Non-Friable', 'Maintain in good condition. Remove under controlled conditions prior to renovations.', 'N', '', ''),
(179, 296, 'Carpark area', 1, NULL, NULL, 'East of entry gate', 0, 'Moulded Fibre Cement', 1, NULL, '', 'Suspected Positive', '2', 'unit(s)', NULL, NULL, NULL, 'Good', 'Low', 'Low', 'No', '2018-03-07 05:03:50', 'P4', NULL, 'Electrical pits in ground at base of light poles', '73', 'Exterior', 'Non-Friable', 'Maintain in good condition. Remove under controlled conditions by a Class A/B asbestos contractor prior to renovations.', 'N', '', ''),
(180, 297, 'Amenities Block ', 1, NULL, NULL, 'Locker Room and Lunch Room', 17, '', 1, NULL, 'Singleton-01', 'Negative', '', 'm', NULL, NULL, NULL, '', '', '', '', '2018-05-24 22:03:02', '', NULL, 'Floor Covering ', '', 'Interior - Ground Level ', '', '', 'N', '', ''),
(181, 297, 'Amenities Block ', 1, NULL, NULL, 'Surrounding ', 5, '', 1, NULL, 'Singleton-02', 'Positive', '20', 'm²', NULL, NULL, NULL, 'Good', 'Low', 'Low', 'Yes', '2018-05-24 22:19:52', 'P4', NULL, 'Eaves ', '74', 'Exterior - Ground Level ', 'Non-Friable', 'Maintain in good condition. Remove under controlled conditions by a Class A/B asbestos contractor prior to renovations.', 'N', '', ''),
(182, 297, 'Amenities Block ', 1, NULL, NULL, 'Male Toilets', 0, 'Internal Insulation', 2, NULL, '', 'Suspected Positive', '', 'm', NULL, NULL, NULL, '', '', '', '', '2018-04-24 03:06:42', '', NULL, 'Hot Water Unit', '75', 'Interior', '', 'Maintain in good condition. Remove under controlled conditions prior to renovations.', 'Y', '', ''),
(183, 297, 'Amenities Block ', 1, NULL, NULL, 'Male Toilet', 21, '', 3, NULL, 'Singleton-LP01', 'Negative', '', 'm', NULL, NULL, NULL, '', '', '', '', '2018-05-24 22:03:50', '', NULL, 'Doors - Blue Paint System', '', 'Interior - Ground Level ', '', 'Maintain in good condition. Remove or overpaint painted surfaces under controlled conditions prior to renovations.', 'N', '', ''),
(184, 301, 'Office/Checking Station', 1, NULL, NULL, 'Office Area-Throughout', 20, '', 2, NULL, '', 'Suspected Positive', '120', 'm', NULL, NULL, NULL, 'Good', 'Low', 'Low', '', '2018-04-20 01:00:01', '', NULL, 'Sarking Insulation', '76', 'Ground Level', 'Non-Friable', 'Maintain in good condition. Remove under controlled conditions prior to renovations.', 'N', '', ''),
(185, 301, 'Office/Checking Station', 1, NULL, NULL, 'Kitchen - Below Sink', 20, '', 2, NULL, '', 'Suspected Positive', '1', 'unit(s)', NULL, NULL, NULL, 'Good', 'Low', 'Low', '', '2018-05-17 07:58:51', '', NULL, 'Hot Water Unit', '77', 'Ground Level', 'Non-Friable', 'Maintain in good condition. Remove under controlled conditions prior to renovations.', 'N', '', ''),
(186, 301, 'Office/Checking Station', 1, NULL, NULL, 'Exterior - South eastern Side', 20, '', 2, NULL, '', 'Suspected Positive', '1', 'unit(s)', NULL, NULL, NULL, 'Good', 'Low', 'Low', '', '2018-04-20 01:05:35', '', NULL, 'Hot Water Unit', '78', 'Ground Level', 'Non-Friable', 'Maintain in good condition. Remove under controlled conditions prior to renovations.', 'N', '', ''),
(187, 301, 'Office/Checking Station', 1, NULL, NULL, 'Checking Station Various Expansion Joints', 0, 'Bituminous Material', 1, NULL, '50300-156-002', 'Negative', '30', 'm', NULL, NULL, NULL, '', '', '', '', '2018-04-20 01:13:59', '', NULL, 'Expansion Joints', '', 'Ground Level', '', '', 'N', '', ''),
(188, 301, 'Office/Checking Station', 1, NULL, NULL, 'Office', 4, '', 1, NULL, '', 'Suspected Negative', '3', 'unit(s)', NULL, NULL, NULL, '', '', '', '', '2018-04-20 01:17:30', '', NULL, 'New Appearance boards', '', 'Ground Level', '', '', 'N', '', ''),
(189, 301, 'Office/Checking Station', 1, NULL, NULL, 'Ceiling Space', 20, '', 2, NULL, '', 'Suspected Positive', '20', 'm', NULL, NULL, NULL, 'Good', 'Low', 'Low', '', '2018-05-17 07:58:51', '', NULL, 'Flexible A/C Ductwork', '79', 'Ground Level', 'Non-Friable', 'Maintain in good condition. Remove under controlled conditions prior to renovations.', 'N', '', ''),
(190, 301, 'Office/Checking Station', 1, NULL, NULL, 'Ceiling Space', 22, '', 4, NULL, '', 'Suspected Negative', '15', 'unit(s)', NULL, NULL, NULL, '', '', '', '', '2018-04-20 01:25:55', '', NULL, 'New Appearance', '', 'Ground Level', '', '', 'N', '', ''),
(191, 301, 'Office/Checking Station', 1, NULL, NULL, 'Checking Station Building Framework', 21, '', 3, NULL, '', 'Negative', '500', 'm', NULL, NULL, NULL, '', '', '', '', '2018-04-20 01:29:27', '', NULL, 'Light Tan Colour Systems', '', 'Ground Level', '', '', 'N', '', ''),
(192, 302, 'Administration/Ammentities', 1, NULL, NULL, 'Northern Side', 4, '', 1, NULL, '', 'Suspected Positive', '1', 'unit(s)', NULL, NULL, NULL, 'Good', 'Low', 'Low', 'Suspected', '2018-05-17 07:58:51', 'P4', NULL, 'Bituminous Electrical Backing Board', '', 'Exterior - Ground Level', 'Non-Friable', 'Maintain in good condition. Remove under controlled conditions by a Class A/B asbestos contractor prior to renovations.', 'N', '', ''),
(193, 302, 'Administration/Ammentities', 1, NULL, NULL, 'Office, Ammenities & Lobby Areas', 16, '', 1, NULL, '', 'Assumed Negative', '', 'm', NULL, NULL, NULL, '', '', '', '', '2018-04-22 23:26:36', '', NULL, 'Dark Grey speckled Vinyl', '', 'Interior - Ground Level', '', '', 'N', '<p>New Vinyl sheeting installed 2016</p>', ''),
(194, 302, 'Administration/Ammentities', 1, NULL, NULL, 'Throughout', 5, '', 1, NULL, 'Previously 50300-021-05', 'Negative', '', 'm', NULL, NULL, NULL, '', '', '', '', '2018-04-22 23:31:13', '', NULL, 'Eaves', '', 'Exterior - Ground Level', '', '', 'N', '', ''),
(195, 302, 'Administration/Ammentities', 1, NULL, NULL, 'Various Throughout', 22, '', 4, NULL, '', 'Assumed Negative', '', 'm', NULL, NULL, NULL, '', '', '', '', '2018-04-22 23:35:25', '', NULL, 'Capacitors', '', 'Interior - Ground Level', '', '', 'N', '<p>New Syle Light fittings installed 2016</p>', ''),
(196, 302, 'Administration/Ammentities', 1, NULL, NULL, 'Eastern Side', 9, '', 2, NULL, '', 'Suspected Positive', '1', 'unit(s)', NULL, NULL, NULL, 'Good', 'Low', 'Low', '', '2018-05-17 07:58:51', '', NULL, 'Hot Water Unit', '', 'Exterior - Ground Level', 'Non-Friable', 'Maintain in good condition. Remove under controlled conditions prior to renovations.', 'N', '<p>Internal insulation unit to be removed prior to any major renovations or demolition works</p>', ''),
(197, 297, 'Amenities Block ', 1, NULL, NULL, 'Throughout ', 18, '', 1, NULL, 'Prensa Report 50300-220-003', 'Negative', '', 'm', NULL, NULL, NULL, '', '', '', '', '2018-05-24 22:29:11', '', NULL, 'Window Frames', '', 'Exterior - Ground Level ', '', '', 'N', '', ''),
(198, 297, 'Amenities Block ', 1, NULL, NULL, 'Throughout ', 0, 'Light Green Paint ', 3, NULL, 'Singleton-LP02', 'Negative', '', 'm', NULL, NULL, NULL, '', '', '', '', '2018-05-24 22:04:49', '', NULL, 'Gutters', '', 'Exterior - Ground Level ', '', 'Maintain in good condition. Remove or overpaint painted surfaces under controlled conditions prior to renovations.', 'N', '', ''),
(199, 297, 'Works Office ', 1, NULL, NULL, 'Throughout ', 5, '', 1, NULL, 'Singleton-04', 'Positive', '40', 'm²', NULL, NULL, NULL, 'Good', 'Low', 'Low', 'Yes', '2018-05-25 02:16:57', 'P4', NULL, 'Eaves ', '80', 'Exterior - Ground Level ', 'Non-Friable', 'Maintain in good condition. Remove under controlled conditions by a Class A/B asbestos contractor prior to renovations.', 'N', '', ''),
(200, 297, 'Works Office ', 1, NULL, NULL, 'Throughout ', 18, '', 1, NULL, 'Prensa Report 50300-220-001', 'Positive', '20', 'm', NULL, NULL, NULL, 'Good', 'Low', 'Low', 'Yes', '2018-05-24 22:30:07', 'P4', NULL, 'Window Frames', '82', 'Exterior - Ground Level ', 'Non-Friable', 'Maintain in good condition. Remove under controlled conditions by a Class A/B asbestos contractor prior to renovations.', 'N', '', ''),
(201, 297, 'Works Office ', 1, NULL, NULL, 'Toilet Lobbies ', 0, 'Blue Vinyl Floor Tiles', 0, NULL, 'Prensa Report 50300-220-002', 'Positive', '', 'm', NULL, NULL, NULL, '', '', '', '', '2018-04-24 00:08:48', '', NULL, 'Floor Covering', '', 'Interior', '', 'This item had been removed prior to 2018 RiskTech inspection', 'Y', '', ''),
(202, 297, 'Works Office ', 1, NULL, NULL, 'Toilet Lobbies ', 0, 'Blue Vinyl Floor Tiles', 1, NULL, 'Prensa Report 50300-220-002', 'Positive', '', 'm', NULL, NULL, NULL, '', '', '', '', '2018-05-24 22:35:10', '', NULL, 'Floor Covering', '', 'Interior - Ground Level ', '', 'This item had been removed prior to 2018 RiskTech inspection', 'N', '', ''),
(203, 297, 'Works Office ', 1, NULL, NULL, 'Offices', 0, 'Brown Vinyl Floor Tiles', 1, NULL, 'ESP Report E38749', 'Assumed Positive', '', 'm', NULL, NULL, NULL, '', '', '', '', '2018-05-24 22:11:29', '', NULL, 'Floor Covering', '', 'Interior - Ground Level ', '', 'This item had been removed prior to 2018 RiskTech inspection', 'N', '', ''),
(204, 297, 'Works Office ', 1, NULL, NULL, 'Entrance Lobby', 0, 'Blue Vinyl Floor Tiles', 1, NULL, 'ESP Report E32293', 'Positive', '', 'm', NULL, NULL, NULL, '', '', '', '', '2018-05-24 22:35:32', '', NULL, 'Floor Covering', '', 'Interior - Ground Level ', '', 'This item had been removed prior to 2018 RiskTech inspection', 'N', '', ''),
(205, 297, 'Works Office ', 1, NULL, NULL, 'Meeting Room', 0, 'Brown Vinyl Floor Tiles', 1, NULL, 'ESP Report E32293', 'Assumed Positive', '', 'm', NULL, NULL, NULL, '', '', '', '', '2018-05-24 22:12:13', '', NULL, 'Floor Covering', '', 'Interior - Ground Level ', '', 'This item had been removed prior to 2018 RiskTech inspection', 'N', '', ''),
(206, 297, 'Works Office ', 1, NULL, NULL, 'Fire Place', 0, 'Brown Vinyl Floor Tiles', 1, NULL, 'ESP Report E32293', 'Positive', '', 'm', NULL, NULL, NULL, '', '', '', '', '2018-05-24 22:35:49', '', NULL, 'Floor Covering', '', 'Interior - Ground Level ', '', 'This item had been removed prior to 2018 RiskTech inspection', 'N', '', ''),
(207, 297, 'Works Office ', 1, NULL, NULL, 'Kitchenette', 0, 'Brown Vinyl Floor Tiles', 1, NULL, 'ESP Report E32293', 'Positive', '', 'm', NULL, NULL, NULL, '', '', '', '', '2018-05-24 22:36:11', '', NULL, 'Floor Covering', '', 'Interior - Ground Level ', '', 'This item had been removed prior to 2018 RiskTech inspection', 'N', '', ''),
(208, 297, 'Works Office ', 1, NULL, NULL, 'Stores', 0, 'Brown Vinyl Floor Tiles', 1, NULL, 'ESP E32293', 'Positive', '', 'm', NULL, NULL, NULL, '', '', '', '', '2018-05-24 22:33:54', '', NULL, 'Floor Covering', '', 'Interior - Ground Level ', '', 'This item had been removed prior to 2018 RiskTech inspection', 'N', '', ''),
(209, 297, 'Works Office ', 1, NULL, NULL, 'Female Toilets', 5, '', 1, NULL, 'Singleton-03', 'Negative', '', 'm', NULL, NULL, NULL, '', '', '', '', '2018-05-24 22:13:51', '', NULL, 'Localised Wall Linings', '', 'Interior - Ground Level ', '', '', 'N', '', ''),
(210, 297, 'Works Office ', 1, NULL, NULL, 'Meeting Room', 0, 'Compressed Ceiling Tiles', 2, NULL, '', 'Suspected Positive', '', 'm', NULL, NULL, NULL, '', '', '', '', '2018-05-25 02:20:02', '', NULL, 'Ceiling ', '', 'Interior - Ground Level ', '', 'Maintain in good condition. Remove under controlled conditions prior to renovations.', 'Y', '', ''),
(211, 297, 'Works Office ', 1, NULL, NULL, 'Rear Section of Office ', 0, 'Sarking Insulation', 2, NULL, '', 'Suspected Positive', '100', 'm', NULL, NULL, NULL, 'Good', '', 'Low', '', '2018-04-24 03:12:00', 'P4', NULL, 'Roof Lining ', '', 'Interior', 'Non-Friable', 'Maintain in good condition. Remove under controlled conditions prior to renovations.', 'Y', '', ''),
(212, 297, 'Demountable 34', 1, NULL, NULL, 'Throughout ', 0, 'Green Vinyl Floor Tiles ', 1, NULL, 'Prensa Report 50400-220-04', 'Negative', '', 'm', NULL, NULL, NULL, '', '', '', '', '2018-05-24 22:08:42', '', NULL, 'Floor Covering', '', 'Interior - Ground Level ', '', '', 'N', '', ''),
(213, 297, 'Laboratory', 1, NULL, NULL, 'Throughout ', 17, '', 1, NULL, 'ESP Report E38751', 'Assumed Negative', '', 'm', NULL, NULL, NULL, '', '', '', '', '2018-05-24 22:09:20', '', NULL, 'Floor Covering ', '', 'Interior - Ground Level ', '', 'This item had been removed prior to 2018 RiskTech inspection', 'N', '', ''),
(214, 297, 'Workshop', 1, NULL, NULL, 'Hoist Area', 4, '', 1, NULL, 'Not Sampled - Live', 'Suspected Positive', '1', 'unit(s)', NULL, NULL, NULL, 'Good', 'Low', 'Low', 'Yes', '2018-05-24 22:46:13', 'P4', NULL, 'Electrical Distribution Board', '86', 'Interior - Ground Level ', 'Non-Friable', 'Maintain in good condition. Remove under controlled conditions by a Class A/B asbestos contractor prior to renovations.', 'N', '', ''),
(215, 297, 'Workshop', 1, NULL, NULL, 'Office/Kitchenette', 0, 'Brown Vinyl Floor Tiles', 1, NULL, 'ESP Report E38749', 'Positive', '16', 'm', NULL, NULL, NULL, 'Good', 'Low', 'Low', 'Yes', '2018-05-24 22:32:34', 'P4', NULL, 'Floor Covering', '', 'Interior - Ground Level ', 'Non-Friable', 'Not sighted during 2018 inspection. May be present beneath black sheet vinyl. Maintain in good condition. Remove under controlled conditions by a Class A/B asbestos contractor prior to renovations.', 'N', '', ''),
(216, 297, 'Workshop', 1, NULL, NULL, 'Compressor Shed', 8, '', 1, NULL, 'Not Sampled', 'Suspected Positive', '2', 'unit(s)', NULL, NULL, NULL, 'Good', 'Low', 'Low', 'Yes', '2018-05-24 22:17:07', 'P3', NULL, 'Compressor ', '', 'Exterior - Ground Level ', 'Friable', 'Not sighted during 2018 RiskTech inspection. Maintain in good condition. Remove under controlled conditions by a Class A asbestos contractor prior to renovations.', 'N', '', ''),
(217, 297, 'Works Office ', 1, NULL, NULL, 'Ceiling Space', 0, 'Flexible Ductwork Insulation ', 2, NULL, '', 'Suspected Positive', '100', 'm', NULL, NULL, NULL, 'Good', 'Low', 'Low', '', '2018-05-24 22:14:29', '', NULL, 'Insulation Material ', '84', 'Interior - Ground Level ', 'Non-Friable', 'Maintain in good condition. Remove under controlled conditions prior to renovations.', 'N', '', ''),
(218, 297, 'Works Office ', 1, NULL, NULL, 'Car Park Garden', 0, 'Internal Insulation', 2, NULL, '', 'Suspected Positive', '1', 'unit(s)', NULL, NULL, NULL, 'Good', 'Low', 'Low', '', '2018-05-24 22:31:34', '', NULL, 'Hot Water Heater ', '81', 'Exterior - Ground Level ', 'Non-Friable', 'Maintain in good condition. Remove under controlled conditions prior to renovations.', 'N', '', ''),
(219, 297, 'Works Office ', 1, NULL, NULL, 'Throughout ', 0, 'Grey Paint ', 3, NULL, 'Prensa Swab', 'Negative', '', 'm', NULL, NULL, NULL, '', '', '', '', '2018-05-24 22:41:57', '', NULL, 'Pillars', '', 'Exterior - Ground Level ', '', 'Maintain in good condition. Remove or overpaint painted surfaces under controlled conditions prior to renovations.', 'N', '', ''),
(220, 297, 'Works Office ', 1, NULL, NULL, 'Throughout ', 0, 'White Paint System ', 3, NULL, 'Prensa Swab', 'Negative', '', 'm', NULL, NULL, NULL, '', '', '', '', '2018-05-24 22:42:19', '', NULL, 'Eaves ', '', 'Exterior - Ground Level ', '', 'Maintain in good condition. Remove or overpaint painted surfaces under controlled conditions prior to renovations.', 'N', '', ''),
(221, 297, 'Works Office ', 1, NULL, NULL, 'Throughout ', 0, 'Beige Paint System', 3, NULL, 'Prensa Swab', 'Negative', '', 'm', NULL, NULL, NULL, '', '', '', '', '2018-05-24 22:42:43', '', NULL, 'Walls ', '', 'Interior - Ground Level ', '', 'Maintain in good condition. Remove or overpaint painted surfaces under controlled conditions prior to renovations.', 'N', '', ''),
(222, 297, 'Laboratory', 1, NULL, NULL, 'Throughout ', 0, 'White Paint System ', 3, NULL, 'Prensa Swab', 'Negative', '', 'm', NULL, NULL, NULL, '', '', '', '', '2018-05-24 22:40:00', '', NULL, 'Walls ', '', 'Exterior - Ground Level ', '', 'Maintain in good condition. Remove or overpaint painted surfaces under controlled conditions prior to renovations.', 'N', '', ''),
(223, 297, 'Demountable 33', 1, NULL, NULL, 'Throughout ', 0, 'Yellow Paint System ', 3, NULL, 'Prensa Swab', 'Negative', '', 'm', NULL, NULL, NULL, '', '', '', '', '2018-05-24 22:41:09', '', NULL, 'Walls', '', 'Exterior - Ground Level ', '', 'Maintain in good condition. Remove or overpaint painted surfaces under controlled conditions prior to renovations.', 'N', '', ''),
(224, 297, 'Demountable 34', 1, NULL, NULL, 'Throughout ', 0, 'Yellow Paint System ', 3, NULL, 'Prensa Swab', 'Negative', '', 'm', NULL, NULL, NULL, '', '', '', '', '2018-05-24 22:39:40', '', NULL, 'Walls ', '', 'Exterior - Ground Level ', '', 'Maintain in good condition. Remove or overpaint painted surfaces under controlled conditions prior to renovations.', 'N', '', ''),
(225, 297, 'Amenities Block ', 1, NULL, NULL, 'Throughout ', 0, 'Light Blue Paint System', 3, NULL, 'Prensa Swab', 'Negative', '', 'm', NULL, NULL, NULL, '', '', '', '', '2018-05-24 22:40:23', '', NULL, 'Walls', '', 'Interior - Ground Level ', '', 'Maintain in good condition. Remove or overpaint painted surfaces under controlled conditions prior to renovations.', 'N', '', ''),
(226, 297, 'Amenities Block ', 1, NULL, NULL, 'Throughout ', 0, 'Light Blue Paint System', 3, NULL, 'Prensa Swab', 'Negative', '', 'm', NULL, NULL, NULL, '', '', '', '', '2018-05-24 22:40:42', '', NULL, 'Door Frames', '', 'Interior - Ground Level ', '', 'Maintain in good condition. Remove or overpaint painted surfaces under controlled conditions prior to renovations.', 'N', '', ''),
(227, 297, 'Workshop', 1, NULL, NULL, 'Office Area ', 0, 'Blue Paint System', 3, NULL, 'Prensa Swab', 'Negative', '', 'm', NULL, NULL, NULL, '', '', '', '', '2018-05-24 22:43:30', '', NULL, 'Walls', '', 'Interior - Ground Level ', '', 'Maintain in good condition. Remove or overpaint painted surfaces under controlled conditions prior to renovations.', 'N', '', ''),
(228, 297, 'Workshop', 1, NULL, NULL, 'Throughout ', 0, 'Capacitor ', 4, NULL, '', 'Suspected Positive', '14', 'unit(s)', NULL, NULL, NULL, 'Good', 'Low', 'Low', '', '2018-05-24 22:17:44', '', NULL, 'Fluorescent Light Fittings', '85', 'Interior - Ground Level ', '', 'Maintain in good condition. Remove or overpaint painted surfaces under controlled conditions prior to renovations.', 'N', '', ''),
(229, 297, 'Amenities Block ', 1, NULL, NULL, 'Throughout ', 0, 'Capacitor ', 4, NULL, '', 'Suspected Negative', '', 'm', NULL, NULL, NULL, '', '', '', '', '2018-05-24 22:06:15', '', NULL, 'Fluorescent Light Fittings', '', 'Interior - Ground Level ', '', '', 'N', '', '');
INSERT INTO `tbl_items` (`itemID`, `siteID`, `buildingName`, `clientID`, `item_no`, `item_name`, `room_specific`, `materialID`, `materialOther`, `hazard_type`, `samples_taken`, `sample_no`, `sample_status`, `extent`, `extent_mesurement`, `contact`, `contact_number`, `recommendations`, `item_condition`, `disturb_potential`, `risk_rating`, `current_label`, `date_updated`, `control_priority`, `work_records`, `description`, `photo_no`, `location_level`, `friability`, `control_recommendation`, `hide`, `work_action`, `item_status`) VALUES
(230, 297, 'Amenities Block ', 1, NULL, NULL, 'Throughout ', 0, 'White Paint System ', 3, NULL, 'Singleton-LP03', 'Negative', '', 'm', NULL, NULL, NULL, '', '', '', '', '2018-05-24 22:06:32', '', NULL, 'Ceilings', '', 'Interior - Ground Level ', '', 'Maintain in good condition. Remove or overpaint painted surfaces under controlled conditions prior to renovations.', 'N', '', ''),
(231, 297, 'Amenities Block ', 1, NULL, NULL, 'Male Toilets', 0, 'Internal Insulation', 2, NULL, '', 'Suspected Positive', '1', 'unit(s)', NULL, NULL, NULL, 'Good', 'Low', 'Low', '', '2018-05-24 22:07:16', '', NULL, 'Hot Water Unit', '83', 'Interior - Ground Level ', 'Non-Friable', 'Maintain in good condition. Remove under controlled conditions prior to renovations.', 'N', '', ''),
(232, 297, 'Works Office ', 1, NULL, NULL, 'Ceilng Space, Rear Section of Office', 0, 'Sarking Insulation ', 2, NULL, '', 'Suspected Positive', '100', 'm', NULL, NULL, NULL, 'Good', 'Low', 'Low', '', '2018-05-24 22:37:49', '', NULL, 'Roof Lining ', '', 'Interior - Ground Level ', 'Non-Friable', 'Maintain in good condition. Remove under controlled conditions prior to renovations.', 'Y', '', ''),
(233, 297, 'Carpenters Shed', 1, NULL, NULL, 'Throughout ', 0, 'Capacitor', 4, NULL, '', 'Suspected Positive', '5', 'unit(s)', NULL, NULL, NULL, 'Good', 'Low', 'Low', '', '2018-05-24 22:48:21', '', NULL, 'Fluorescent Light Fittings', '87', 'Interior - Ground Level ', '', 'Maintain in good condition. Remove or overpaint painted surfaces under controlled conditions prior to renovations.', 'N', '', ''),
(234, 297, 'Northern Metal Shed', 1, NULL, NULL, 'Throughout ', 0, 'Capacitor ', 4, NULL, '', 'Suspected Positive', '2', 'unit(s)', NULL, NULL, NULL, 'Good', 'Low', 'Low', '', '2018-05-24 22:10:08', '', NULL, 'Fluorescent Light Fittings', '88', 'Interior - Ground Level ', '', 'Maintain in good condition. Remove or overpaint painted surfaces under controlled conditions prior to renovations.', 'N', '', ''),
(235, 303, 'Motor Registry ', 1, NULL, NULL, 'Main Reception Area', 0, 'Insulation Material', 2, NULL, '', 'Suspected Positive', '150', 'm²', NULL, NULL, NULL, 'Good', 'Low', 'Low', '', '2018-05-17 07:58:51', '', NULL, 'Compressed Ceiling Tiles', '', 'Interior', 'Non-Friable', 'Maintain in good condition. Remove under controlled conditions prior to renovations.', 'N', '', ''),
(236, 303, 'Motor Registry ', 1, NULL, NULL, 'Safe Room', 9, '', 1, NULL, 'Prensa Report 50300-165-001', 'Negative', '', 'm', NULL, NULL, NULL, '', '', '', '', '2018-04-24 04:31:24', '', NULL, 'Safe', '', 'Interior', '', '', 'N', '', ''),
(237, 303, 'Motor Registry ', 1, NULL, NULL, 'Safe Room', 0, 'Green Vinyl Floor Tiles ', 0, NULL, 'Prensa Report 50300-165-002', 'Negative', '', 'm', NULL, NULL, NULL, '', '', '', '', '2018-04-24 04:33:11', '', NULL, 'Floor Covering ', '', 'Interior', '', '', 'N', '', ''),
(238, 303, 'Motor Registry ', 1, NULL, NULL, 'Corridor adjacent Toilets', 0, 'White Vinyl Floor Tiles', 1, NULL, 'Prensa Report 50300-023-003', 'Negative', '', 'm', NULL, NULL, NULL, '', '', '', '', '2018-04-24 04:34:31', '', NULL, 'Floor Covering (Beneath Carpet)', '', 'Interior', '', '', 'N', '', ''),
(239, 303, 'Motor Registry ', 1, NULL, NULL, 'Teller Area/Office ', 0, 'Green Vinyl Floor Tiles ', 1, NULL, 'Same as Prensa Report 50300-023-002', 'Assumed Negative', '', 'm', NULL, NULL, NULL, '', '', '', '', '2018-04-24 04:38:49', '', NULL, 'Floor Covering (Beneath Carpet)', '', 'Interior', '', '', 'N', '', ''),
(240, 303, 'Motor Registry ', 1, NULL, NULL, 'Ceiling Space ', 5, '', 1, NULL, 'Prensa Report 50300-165-004', 'Positive', '20', 'unit(s)', NULL, NULL, NULL, 'Good', 'Low', 'Low', 'Yes', '2018-05-17 07:58:51', 'P4', NULL, 'SMF Fastening Panels', '89', 'Interior ', 'Non-Friable', 'Maintain in good condition. Remove under controlled conditions by a Class A/B asbestos contractor prior to renovations.', 'N', '', ''),
(241, 303, 'Motor Registry ', 1, NULL, NULL, 'Ceiling Space', 5, '', 1, NULL, 'Prensa Report 50300-165-005', 'Positive', '', 'm', NULL, NULL, NULL, '', '', '', '', '2018-04-24 04:45:06', '', NULL, 'Debris', '', 'Interior', '', 'Not sighted during 2018 RiskTech inspection. ', 'N', '', ''),
(242, 303, 'Motor Registry ', 1, NULL, NULL, 'Ceiling Space Air Conditioning Room', 5, '', 1, NULL, 'ESP E32300', 'Positive', '', 'm', NULL, NULL, NULL, '', '', '', '', '2018-04-24 04:46:47', '', NULL, 'Insulation Panels', '', 'Interior', '', 'Not sighted during 2018 RiskTech inspection. ', 'N', '', ''),
(243, 303, 'Motor Registry ', 1, NULL, NULL, 'Staff Kitchen', 4, '', 1, NULL, 'Not Sampled - Newer Appearance', 'Suspected Negative', '', 'm', NULL, NULL, NULL, '', '', '', '', '2018-04-24 04:47:34', '', NULL, 'Electrical Distribution Board', '', 'Interior', '', '', 'N', '', ''),
(244, 303, 'Motor Registry ', 1, NULL, NULL, 'Throughout ', 5, '', 1, NULL, 'Prensa Report 50300-165-006', 'Positive', '20', 'm²', NULL, NULL, NULL, 'Good', 'Low', 'Low', 'No', '2018-05-17 07:58:51', 'P4', NULL, 'Roof Tile Undercloaking', '90', 'Exterior ', 'Non-Friable', 'Maintain in good condition. Remove under controlled conditions by a Class A/B asbestos contractor prior to renovations.', 'N', '', ''),
(245, 303, 'Motor Registry ', 1, NULL, NULL, 'Ceiling Space', 9, '', 2, NULL, '', 'Suspected Positive', '200', 'm²', NULL, NULL, NULL, 'Good', 'Low', 'Low', '', '2018-05-17 07:58:51', '', NULL, 'Roof Lining ', '91', 'Interior', 'Non-Friable', 'Maintain in good condition. Remove under controlled conditions prior to renovations.', 'N', '', ''),
(246, 303, 'Motor Registry ', 1, NULL, NULL, 'Ceiling Space', 0, 'Internal Insulation', 2, NULL, '', 'Suspected Positive', '1', 'unit(s)', NULL, NULL, NULL, 'Good', 'Low', 'Low', '', '2018-05-17 07:58:51', '', NULL, 'Hot Water Unit', '92', 'Interior', 'Non-Friable', 'Maintain in good condition. Remove under controlled conditions prior to renovations.', 'N', '', ''),
(247, 303, 'Motor Registry ', 1, NULL, NULL, 'Ceiling Space', 0, 'Capacitor ', 4, NULL, '', 'Suspected Positive', '10', 'unit(s)', NULL, NULL, NULL, 'Good', 'Low', 'Low', '', '2018-05-17 07:58:51', '', NULL, 'Fluorescent Light Fittings', '93', 'Interior', '', 'Maintain in good condition. Remove or overpaint painted surfaces under controlled conditions prior to renovations.', 'N', '', ''),
(248, 303, 'Motor Registry ', 1, NULL, NULL, 'Ladies Toilet ', 0, 'White Paint System ', 3, NULL, 'Muswellbrook-LP01', 'Negative', '', 'm', NULL, NULL, NULL, '', '', '', '', '2018-04-24 04:57:43', '', NULL, 'Door Frames', '', 'Interior', '', 'Maintain in good condition. Remove or overpaint painted surfaces under controlled conditions prior to renovations.', 'N', '', ''),
(249, 303, 'Motor Registry ', 1, NULL, NULL, 'Ladies Toilet ', 0, 'White Paint System ', 3, NULL, 'Muswellbrook-LP02', 'Negative', '', 'm', NULL, NULL, NULL, '', '', '', '', '2018-04-24 04:58:31', '', NULL, 'Walls', '', 'Interior', '', 'Maintain in good condition. Remove or overpaint painted surfaces under controlled conditions prior to renovations.', 'N', '', ''),
(250, 303, 'Motor Registry ', 1, NULL, NULL, 'Kitchen', 0, 'Capacitor ', 4, NULL, '', 'Suspected Negative', '', 'm', NULL, NULL, NULL, '', '', '', '', '2018-04-24 04:59:16', '', NULL, 'Fluorescent Light Fittings', '', 'Interior', '', 'Maintain in good condition. Remove or overpaint painted surfaces under controlled conditions prior to renovations.', 'N', '', ''),
(251, 303, 'Motor Registry ', 1, NULL, NULL, 'Ceiling Space', 9, '', 2, NULL, '', 'Suspected Positive', '80', 'm', NULL, NULL, NULL, 'Good', 'Low', 'Low', '', '2018-05-17 07:58:51', '', NULL, 'Flexible Ductwork ', '94', 'Interior', 'Non-Friable', 'Maintain in good condition. Remove under controlled conditions prior to renovations.', 'N', '', ''),
(252, 303, 'Motor Registry ', 1, NULL, NULL, 'Ceiling Space Air Conditioning Room', 9, '', 2, NULL, '', 'Suspected Positive', '20', 'm', NULL, NULL, NULL, 'Good', 'Low', 'Low', '', '2018-05-17 07:58:51', '', NULL, 'Rigid Ductwork', '95', 'Interior', 'Non-Friable', 'Maintain in good condition. Remove under controlled conditions prior to renovations.', 'N', '', ''),
(253, 305, 'Rider Training Facilities', 1, NULL, NULL, 'Interior - ', 17, '', 1, NULL, '50300-104-001', 'Negative', '', 'm', NULL, NULL, NULL, '', '', '', '', '2018-05-28 00:02:20', '', NULL, 'Floor Covering', '', 'Ground Level', '', '', 'N', '<p>Black colour vinyl tiles</p>', '<p>Black colour vinyl tiles</p>'),
(254, 305, 'Rider Training Facilities', 1, NULL, NULL, 'Exterior - Sub Floor', 5, '', 1, NULL, '50300-104-002', 'Negative', '', 'm', NULL, NULL, NULL, '', '', '', '', '2018-05-28 00:02:05', '', NULL, 'Pier Packing', '', 'Ground Level', '', '', 'N', '', ''),
(255, 305, 'Rider Training Facilities', 1, NULL, NULL, 'Various Throughout', 22, '', 4, NULL, '', 'Assumed Negative', '', 'm', NULL, NULL, NULL, '', '', '', '', '2018-05-28 00:01:41', '', NULL, 'Fluorescent Light Fittings', '', 'Ground Level', '', 'Maintain in good condition. Remove or overpaint painted surfaces under controlled conditions prior to renovations.', 'N', '<p>New style light fittings.</p>', '<p>New style light fittings.</p>'),
(256, 305, 'Rider Training Facilities', 1, NULL, NULL, 'Kitchen', 2, '', 1, NULL, 'S - 01', 'Negative', '', 'm', NULL, NULL, NULL, '', '', '', '', '2018-05-28 00:01:19', '', NULL, 'Under Sink Pad', '96', 'Ground Level', '', '', 'N', '', ''),
(257, 307, 'M4 Offices', 1, NULL, NULL, 'Roof Plant Room', 5, '', 1, NULL, 'S - 01', 'Negative', '', 'm', NULL, NULL, NULL, '', '', '', '', '2018-05-25 05:00:58', '', NULL, 'Flooring', '98', 'Level 3', '', '', 'N', '<p>Remove Labels</p>', '<p>Remove Labels</p>'),
(258, 307, 'M4 Offices', 1, NULL, NULL, 'Roof Plant Room', 5, '', 1, NULL, 'S - 02', 'Negative', '', 'm', NULL, NULL, NULL, '', '', '', '', '2018-05-25 04:51:50', '', NULL, 'Wall Cladding', '97', 'Level 3', '', '', 'N', '<p>Remove labels</p>', '<p>Remove labels</p>'),
(259, 307, 'M4 Offices', 1, NULL, NULL, 'Office areas', 20, '', 2, NULL, '', 'Suspected Positive', '1000', 'm', NULL, NULL, NULL, 'Good', '', '', '', '2018-05-25 05:10:12', '', NULL, 'Compressed Ceiling Tiles', '99', 'Levels 2 & 3', 'Non-Friable', 'Maintain in good condition. Remove under controlled conditions prior to renovations.', 'N', '', ''),
(260, 307, 'M4 Offices', 1, NULL, NULL, 'Roof Plant Room', 20, '', 2, NULL, '', 'Suspected Positive', '700', 'm²', NULL, NULL, NULL, 'Good', '', '', '', '2018-05-25 05:09:54', '', NULL, 'Sarking Insulation', '100', 'Level 3', 'Non-Friable', 'Maintain in good condition. Remove under controlled conditions prior to renovations.', 'N', '', ''),
(261, 307, 'M4 Offices', 1, NULL, NULL, 'Kitchens', 20, '', 2, NULL, '', 'Suspected Positive', '2', 'unit(s)', NULL, NULL, NULL, 'Good', '', '', '', '2018-05-25 05:12:01', '', NULL, 'Hot Water Units', '101', 'Levels 2 & 3', 'Non-Friable', 'Maintain in good condition. Remove under controlled conditions prior to renovations.', 'N', '', ''),
(262, 307, 'M4 Offices', 1, NULL, NULL, 'Roof Plant Room', 20, '', 2, NULL, '', 'Suspected Positive', '150', 'm', NULL, NULL, NULL, 'Good', '', '', '', '2018-05-25 05:12:29', '', NULL, 'Flexible A/C Ductwork', '102', 'Level 3', 'Non-Friable', 'Maintain in good condition. Remove under controlled conditions prior to renovations.', 'N', '', ''),
(263, 307, 'M4 Offices', 1, NULL, NULL, 'Generator Room', 20, '', 2, NULL, '', 'Positive', '3', 'unit(s)', NULL, NULL, NULL, 'Good', '', '', '', '2018-05-25 05:10:52', '', NULL, 'Stored Ceiling Tiles', '103', 'Ground Level', 'Non-Friable', 'Maintain in good condition. Remove under controlled conditions prior to renovations.', 'N', '', ''),
(264, 307, 'M4 Offices', 1, NULL, NULL, 'Garage', 20, '', 2, NULL, '', 'Suspected Positive', '20', 'm', NULL, NULL, NULL, 'Good', '', '', '', '2018-05-25 05:13:01', '', NULL, 'Flexible A/C Ductwork', '104', 'Ground Level', 'Non-Friable', 'Maintain in good condition. Remove under controlled conditions prior to renovations.', 'N', '', ''),
(265, 307, 'M4 Offices', 1, NULL, NULL, 'Generator Room', 20, '', 2, NULL, '', 'Suspected Positive', '10', 'm', NULL, NULL, NULL, 'Good', '', '', '', '2018-05-25 05:11:26', '', NULL, 'Exhaust Pipe Insulation', '105', 'Ground Level', 'Non-Friable', 'Maintain in good condition. Remove under controlled conditions prior to renovations.', 'N', '', ''),
(266, 310, '', 1, NULL, NULL, 'North East Corner', 4, '', 1, NULL, 'A - 02', 'Positive', '1', 'unit(s)', NULL, NULL, NULL, 'Good', 'Low', 'Low', 'Suspected', '2018-05-17 07:58:51', 'P4', NULL, 'Bituminous Electrical Backing Board', '106', 'Exterior - Ground Level', 'Non-Friable', 'Maintain in good condition. Remove under controlled conditions by a Class A/B asbestos contractor prior to renovations.', 'N', '', ''),
(267, 310, '', 1, NULL, NULL, 'Under Sink', 9, '', 2, NULL, '', 'Suspected Positive', '1', 'unit(s)', NULL, NULL, NULL, 'Good', 'Low', 'Low', '', '2018-05-17 07:58:51', '', NULL, 'Hot Water Unit', '107', 'Interior - Ground Level', 'Non-Friable', 'Maintain in good condition. Remove under controlled conditions prior to renovations.', 'N', '', ''),
(268, 304, 'Weigh Station', 1, NULL, NULL, 'South', 0, 'Internal Insulation', 2, NULL, '', 'Suspected Positive', '1', 'unit(s)', NULL, NULL, NULL, 'Good', 'Low', 'Low', '', '2018-05-25 03:07:14', '', NULL, 'Hot Water Unit', '108', 'Exterior - Ground Level ', '', 'Maintain in good condition. Remove under controlled conditions prior to renovations.', 'N', '', ''),
(269, 304, 'Weigh Station', 1, NULL, NULL, 'Throughout ', 0, 'Cream Paint System', 3, NULL, 'Kankool-LP01', 'Negative', '', 'm', NULL, NULL, NULL, '', '', '', '', '2018-05-25 03:07:27', '', NULL, 'Walls ', '', 'Exterior - Ground Level ', '', 'Maintain in good condition. Remove or overpaint painted surfaces under controlled conditions prior to renovations.', 'N', '', ''),
(270, 311, 'Office A', 1, NULL, NULL, 'North East Corner', 4, '', 1, NULL, 'A - 02', 'Positive', '1', 'unit(s)', NULL, NULL, NULL, 'Good', 'Low', 'Low', 'Suspected', '2018-05-17 07:58:51', 'P4', NULL, 'Bituminous Electrical Backing Board', '109', 'Exterior - Ground Level', 'Non-Friable', 'Maintain in good condition. Remove under controlled conditions by a Class A/B asbestos contractor prior to renovations.', 'N', '', ''),
(271, 304, 'Weigh Station', 1, NULL, NULL, 'Throughout', 0, 'Light Grey Paint System', 3, NULL, 'Kankool-LP02', 'Negative', '', 'm', NULL, NULL, NULL, '', '', '', '', '2018-05-25 03:07:40', '', NULL, 'Door Frames ', '', 'Exterior - Ground Level ', '', 'Maintain in good condition. Remove or overpaint painted surfaces under controlled conditions prior to renovations.', 'N', '', ''),
(272, 304, 'Weigh Station', 1, NULL, NULL, 'North Section, Main Entrance ', 5, '', 1, NULL, 'Kankool-01', 'Negative', '', 'm', NULL, NULL, NULL, '', '', '', '', '2018-05-25 03:07:55', '', NULL, 'Eave Linings', '', 'Exterior - Ground Level ', '', '', 'N', '', ''),
(273, 311, 'Office A', 1, NULL, NULL, 'Under Sink', 20, '', 2, NULL, '', 'Suspected Positive', '1', 'unit(s)', NULL, NULL, NULL, 'Good', 'Low', 'Low', '', '2018-05-17 07:58:51', '', NULL, 'Hot Water Unit', '110', 'Interior', 'Non-Friable', 'Maintain in good condition. Remove under controlled conditions prior to renovations.', 'N', '', ''),
(274, 304, 'Weigh Station', 1, NULL, NULL, 'Main Entrance', 5, '', 1, NULL, 'Same as Kankool-01', 'Assumed Negative', '', 'm', NULL, NULL, NULL, '', '', '', '', '2018-05-25 03:08:11', '', NULL, 'Fascia', '', 'Exterior - Ground Level ', '', '', 'N', '', ''),
(275, 304, 'Weigh Station', 1, NULL, NULL, 'Ceiling Space, above Suspended Ceiling Throughout', 5, '', 1, NULL, 'Kankool-02', 'Positive', '45', 'm', NULL, NULL, NULL, 'Poor', 'Low', 'Medium', 'Yes', '2018-05-25 03:27:30', 'P3', NULL, 'Ceiling ', '111', 'Interior - Ground Level ', 'Non-Friable', 'Undertake repair/remediation works on damaged sections of fibre cement sheet ceiling. ', 'N', '', ''),
(276, 304, 'Weigh Station', 1, NULL, NULL, 'Ceiling Space, On Top of Gyprock Ceiling ', 5, '', 1, NULL, 'Same as Kankool-02', 'Assumed Positive', '10', 'unit(s)', NULL, NULL, NULL, 'Poor', 'Low', 'Medium', 'Yes', '2018-05-25 03:27:41', 'P2', NULL, 'Debris', '112', 'Interior - Ground Level ', 'Non-Friable', 'Restrict access to roof space. Consider engaging a Class A/B asbestos contractor to clean up or remove the material as soon as practicable.', 'N', '', ''),
(277, 304, 'Weigh Station', 1, NULL, NULL, 'Beneath Roof', 9, '', 2, NULL, '', 'Suspected Positive', '60', 'm', NULL, NULL, NULL, 'Good', 'Low', 'Low', '', '2018-05-25 03:08:41', '', NULL, 'Roof Lining', '113', 'Interior - Ground Level ', 'Non-Friable', 'Maintain in good condition. Remove under controlled conditions prior to renovations.', 'N', '', ''),
(278, 304, 'Weigh Station', 1, NULL, NULL, 'Ceiling Space', 0, 'Capacitor', 4, NULL, '', 'Suspected Positive', '4', 'unit(s)', NULL, NULL, NULL, 'Good', 'Low', 'Low', '', '2018-05-25 03:08:50', '', NULL, 'Fluorescent Light Fitting', '114', 'Interior - Ground Level ', '', 'Maintain in good condition. Remove or overpaint painted surfaces under controlled conditions prior to renovations.', 'N', '', ''),
(279, 311, 'Office D', 1, NULL, NULL, 'Throughout', 5, '', 1, NULL, '50300-225-003', 'Negative', '', 'm', NULL, NULL, NULL, '', '', '', '', '2018-04-26 00:04:48', '', NULL, 'Eaves Lining', '', 'Exterior', '', '', 'N', '', ''),
(280, 304, 'Weigh Station', 1, NULL, NULL, 'South Section', 5, '', 1, NULL, 'Kankool-03', 'Negative', '', 'm', NULL, NULL, NULL, '', '', '', '', '2018-05-25 03:09:02', '', NULL, 'Eave Linings', '', 'Exterior - Ground Level ', '', '', 'N', '', ''),
(281, 304, 'Weigh Station', 1, NULL, NULL, 'Surrounding ', 0, 'Capacitor', 4, NULL, '', 'Suspected Negative', '', 'm', NULL, NULL, NULL, '', '', '', '', '2018-05-25 03:09:13', '', NULL, 'Fluorescent Light Fittings', '', 'Exterior - Ground Level ', '', 'Maintain in good condition. Remove or overpaint painted surfaces under controlled conditions prior to renovations.', 'N', '', ''),
(282, 304, 'Storage Shed', 1, NULL, NULL, 'Throughout ', 0, 'No asbestos materials identified ', 1, NULL, '', '', '', 'm', NULL, NULL, NULL, '', '', '', '', '2018-05-25 03:07:03', '', NULL, '', '', 'Interior & Exterior - Ground Level ', '', '', 'N', '', ''),
(283, 311, 'Office D', 1, NULL, NULL, 'South West Corner', 0, 'Moulded Fibre Cement', 1, NULL, '50300-225-001', 'Positive', '2', 'unit(s)', NULL, NULL, NULL, 'Fair', 'Low', 'Low', 'Not Labelle', '2018-04-26 00:15:33', 'P3', NULL, 'Telcomunications Pit', '115', 'Exterior', 'Non-Friable', 'Maintain in good condition. Remove under controlled conditions by a Class A/B asbestos contractor prior to renovations.', 'N', '', ''),
(284, 311, 'Office D', 1, NULL, NULL, 'Western Side', 5, '', 0, NULL, 'Same As 50300-225-003', 'Negative', '', 'm', NULL, NULL, NULL, '', '', '', '', '2018-04-26 00:18:16', '', NULL, 'Awning Lining', '', 'Exterior', '', '', 'N', '', ''),
(285, 311, 'Office D', 1, NULL, NULL, 'Kitchen-Above Sink', 20, '', 2, NULL, '', 'Suspected Positive', '1', 'unit(s)', NULL, NULL, NULL, 'Good', 'Low', 'Low', '', '2018-05-17 07:58:51', '', NULL, 'Hot Water Unit', '116', 'Interior', 'Non-Friable', 'Maintain in good condition. Remove under controlled conditions prior to renovations.', 'N', '', ''),
(286, 311, 'Office D', 1, NULL, NULL, 'Toilets, Showers & Change Rooms', 5, '', 1, NULL, 'A - 01', 'Negative', '', 'm', NULL, NULL, NULL, '', '', '', '', '2018-04-26 00:30:17', '', NULL, 'Wall Lining', '', 'Interior', '', '', 'N', '', ''),
(287, 311, 'Office D', 1, NULL, NULL, 'All Rooms', 22, '', 4, NULL, '', 'Suspected Positive', '40', 'unit(s)', NULL, NULL, NULL, 'Good', '', 'Low', '', '2018-04-26 00:38:35', '', NULL, 'Fluorescent Light Fittings', '117', 'Interior', '', 'Maintain in good condition. Remove under controlled conditions prior to renovations.', 'N', '<p>No access to light fittings was available during this inspection, further invetigation required before major renovations when light fittings are de-energised.</p>', '<p>No access to light fittings was available durin'),
(288, 312, 'General Grounds ', 1, NULL, NULL, 'Southern Side of Site', 4, '', 1, NULL, 'Not Sampled - Live', 'Suspected Positive', '1', 'unit(s)', NULL, NULL, NULL, 'Good', 'Low', 'Low', 'Yes', '2018-05-25 02:41:14', 'P4', NULL, 'Distribution Board ', '118', 'Exterior - Ground Level ', 'Non-Friable', 'Maintain in good condition. Remove under controlled conditions by a Class A/B asbestos contractor prior to renovations.', 'N', '', ''),
(289, 312, 'General Grounds ', 1, NULL, NULL, 'Northern Side of Site', 4, '', 1, NULL, 'Not Sampled - Live', 'Suspected Positive', '1', 'unit(s)', NULL, NULL, NULL, 'Good', 'Low', 'Low', 'Yes', '2018-05-25 02:41:51', 'P4', NULL, 'Distribution Board ', '119', 'Exterior - Ground Level ', 'Non-Friable', 'Maintain in good condition. Remove under controlled conditions by a Class A/B asbestos contractor prior to renovations.', 'N', '', ''),
(290, 312, 'Amenities Block', 1, NULL, NULL, 'Sink Area', 0, 'Internal Insulation', 2, NULL, '', 'Suspected Positive', '1', 'unit(s)', NULL, NULL, NULL, 'Good', 'Low', 'Low', '', '2018-05-25 02:40:02', '', NULL, 'Hot Water Unit', '120', 'Interior - Ground Level ', 'Non-Friable', 'Maintain in good condition. Remove under controlled conditions prior to renovations.', 'N', '', ''),
(291, 312, 'Amenities Block', 1, NULL, NULL, 'Ceiling', 0, 'Capacitor', 4, NULL, '', 'Suspected Negative', '', 'm', NULL, NULL, NULL, '', '', '', '', '2018-05-25 03:02:05', '', NULL, 'Fluorescent Light Fitting', '', 'Interior - Ground Level ', '', '', 'N', '', ''),
(292, 311, 'Office D', 1, NULL, NULL, 'All Rooms', 21, '', 3, NULL, 'Lead Check', 'Negative', '', 'm', NULL, NULL, NULL, '', '', '', '', '2018-04-26 00:46:19', '', NULL, 'Door Frames-Blue, Cream & White Paint', '', 'Interior', '', '', 'N', '', ''),
(293, 312, 'Amenities Block', 1, NULL, NULL, 'Entrance ', 0, 'Green Paint System ', 0, NULL, 'Narribri-LP01', 'Negative', '', 'm', NULL, NULL, NULL, '', '', '', '', '2018-05-25 03:00:40', '', NULL, 'Railing', '', 'Exterior - Ground Level ', '', '', 'Y', '', ''),
(294, 312, 'Site Office', 1, NULL, NULL, 'Ceiling', 0, 'Capacitor', 4, NULL, '', 'Suspected Negative', '', 'm', NULL, NULL, NULL, '', '', '', '', '2018-05-25 03:02:35', '', NULL, 'Fluorescent Light Fitting', '', 'Interior - Ground Level ', '', '', 'N', '', ''),
(295, 311, 'Office B', 1, NULL, NULL, 'Under Sink', 20, '', 2, NULL, '', 'Suspected Positive', '1', 'unit(s)', NULL, NULL, NULL, 'Good', 'Low', 'Low', '', '2018-05-17 07:58:51', '', NULL, 'Hot Water Unit', '121', 'Interior', 'Non-Friable', 'Maintain in good condition. Remove under controlled conditions prior to renovations.', 'N', '', ''),
(296, 312, 'Site Office', 1, NULL, NULL, 'Throughout', 0, 'No asbestos materials identified ', 0, NULL, '', '', '', 'm', NULL, NULL, NULL, '', '', '', '', '2018-04-26 00:50:17', '', NULL, '', '', 'Interior & Exterior', '', '', 'N', '', ''),
(297, 312, 'Various Shipping Containers ', 1, NULL, NULL, 'Throughout', 0, 'No asbestos materials identified ', 0, NULL, '', '', '', 'm', NULL, NULL, NULL, '', '', '', '', '2018-05-25 02:49:34', '', NULL, '', '', 'Interior & Exterior', '', '', 'N', '', ''),
(298, 311, 'Office D', 1, NULL, NULL, 'Shower Room', 20, '', 2, NULL, '', 'Suspected Positive', '1', 'unit(s)', NULL, NULL, NULL, 'Good', 'Low', 'Low', '', '2018-04-26 01:04:32', '', NULL, 'Hot Water Unit', '122', 'Interior', 'Non-Friable', 'Maintain in good condition. Remove under controlled conditions prior to renovations.', 'N', '', ''),
(299, 312, 'Lunch Room', 1, NULL, NULL, 'Ceiling', 0, 'Capacitor', 4, NULL, '', 'Suspected Negative', '', 'm', NULL, NULL, NULL, '', '', '', '', '2018-05-25 03:03:06', '', NULL, 'Fluorescent Light Fitting', '', 'Interior - Ground Level ', '', '', 'N', '', ''),
(300, 312, 'Lunch Room', 1, NULL, NULL, 'Throughout', 0, 'No asbestos materials identified ', 0, NULL, '', '', '', 'm', NULL, NULL, NULL, '', '', '', '', '2018-04-26 00:54:37', '', NULL, '', '', 'Interior & Exterior', '', '', 'N', '', ''),
(301, 311, 'Office E', 1, NULL, NULL, 'Throughout', 0, 'None', 0, NULL, '', '', '', 'm', NULL, NULL, NULL, '', '', '', '', '2018-04-26 00:55:22', '', NULL, 'New Appearance Demountable', '', 'Interior & Exterior', '', '', 'N', '', ''),
(302, 311, 'Office F', 1, NULL, NULL, 'All Areas', 0, 'None', 0, NULL, '', '', '', 'm', NULL, NULL, NULL, '', '', '', '', '2018-04-26 00:56:40', '', NULL, 'New Appearance Demountable', '', 'Interior & Exterior', '', '', 'N', '', ''),
(303, 311, 'Team Leaders Storage', 1, NULL, NULL, 'Throughout', 5, '', 1, NULL, '50300-225-006', 'Positive', '12', 'm', NULL, NULL, NULL, 'Good', 'Low', 'Low', 'Confirmed', '2018-05-28 00:22:26', 'P4', NULL, 'Eaves Lining To 9 Storage Units', '123', 'Exterior', 'Non-Friable', 'Maintain in good condition. Remove under controlled conditions by a Class A/B asbestos contractor prior to renovations.', 'N', '', ''),
(304, 313, 'Shed 1', 1, NULL, NULL, 'South', 19, '', 1, NULL, 'Prensa-50300-274-001', 'Negative', '', 'm', NULL, NULL, NULL, '', '', '', '', '2018-05-25 05:47:26', '', NULL, 'Roller Shutter - Guides', '', 'Exterior', '', '', 'N', '', ''),
(305, 313, 'Shed 2', 1, NULL, NULL, 'South', 19, '', 1, NULL, 'Prensa-50300-274-001', 'Negative', '1', 'unit(s)', NULL, NULL, NULL, '', '', '', '', '2018-05-25 05:47:44', '', NULL, 'Roller Shutter - Guides', '', 'Exterior', '', '', 'N', '', ''),
(306, 313, 'Shed 3', 1, NULL, NULL, 'South', 19, '', 1, NULL, 'Prensa-50300-274-001', 'Negative', '', 'm', NULL, NULL, NULL, '', '', '', '', '2018-05-25 05:48:50', '', NULL, 'Roller Shutter - Guides', '', 'Exterior', '', '', 'N', '', ''),
(307, 313, 'Shed 4', 1, NULL, NULL, 'South', 19, '', 1, NULL, 'Prensa-50300-274-001', 'Negative', '', 'm', NULL, NULL, NULL, '', '', '', '', '2018-05-25 05:50:55', '', NULL, 'Roller Shutter - Guides', '124', 'Exterior', '', '', 'N', '', ''),
(308, 313, 'Sheds 5 & 6', 1, NULL, NULL, 'South', 19, '', 1, NULL, 'Prensa-50300-274-001', 'Negative', '', 'm', NULL, NULL, NULL, '', '', '', '', '2018-05-25 05:50:15', '', NULL, 'Roller Shutter - Guides', '', 'Exterior', '', '', 'N', '', ''),
(309, 313, 'Sheds 1 - 6', 1, NULL, NULL, 'Various Throughout', 0, 'Bituminous Expansion Joint', 1, NULL, 'Prensa-50300-274-002', 'Negative', '', 'm', NULL, NULL, NULL, '', '', '', '', '2018-05-25 05:44:28', '', NULL, 'Raised Decks', '', 'Exterior', '', '', 'N', '', ''),
(310, 312, 'Various Shipping Containers ', 1, NULL, NULL, 'Throughout', 0, 'Red Paint System', 3, NULL, 'Narrabri-LP01', 'Negative', '', 'm', NULL, NULL, NULL, '', '', '', '', '2018-05-25 02:49:51', '', NULL, 'Walls', '', 'Exterior - Ground Level ', '', 'Maintain in good condition. Remove or overpaint painted surfaces under controlled conditions prior to renovations.', 'N', '', ''),
(311, 314, 'Motor Registry ', 1, NULL, NULL, 'Throughout', 0, 'Capacitor', 4, NULL, '', 'Assumed Positive', '14', 'unit(s)', NULL, NULL, NULL, 'Good', 'Low', 'Low', '', '2018-04-26 02:05:11', '', NULL, 'Fluorescent Light Fitting', '125', 'Exterior - Ground Level ', '', 'Maintain in good condition. Remove under controlled conditions prior to renovations.', 'N', '', ''),
(312, 314, 'Motor Registry ', 1, NULL, NULL, 'Underside of Concrete Slab', 0, 'White Paint System', 3, NULL, 'Moree-LP01', 'Negative', '', 'm', NULL, NULL, NULL, '', '', '', '', '2018-04-26 02:07:29', '', NULL, 'Soffit ', '', 'Exterior - Ground Level ', '', 'Maintain in good condition. Remove or overpaint painted surfaces under controlled conditions prior to renovations.', 'N', '', ''),
(313, 314, 'Motor Registry ', 1, NULL, NULL, 'Throughout ', 0, 'Mastic Sealant', 1, NULL, 'Moree-01', 'Negative', '', 'm', NULL, NULL, NULL, '', '', '', '', '2018-04-26 02:07:12', '', NULL, 'Precast Pebble Wall Panels', '', 'Exterior - Ground Level ', '', '', 'N', '', ''),
(314, 314, 'Motor Registry ', 1, NULL, NULL, 'Lift Motor Room', 4, '', 1, NULL, 'Not Sampled - Newer Appearance', 'Suspected Negative', '', 'm', NULL, NULL, NULL, '', '', '', '', '2018-04-26 02:08:11', '', NULL, 'Distribution Board ', '', 'Interior - Level 1', '', '', 'N', '', ''),
(315, 314, 'Motor Registry ', 1, NULL, NULL, 'Lift Motor Room', 0, 'Core Insulation', 1, NULL, 'Not Sampled - No Access', 'Suspected Positive', '1', 'unit(s)', NULL, NULL, NULL, 'Good', 'Low', 'Low', 'Yes', '2018-05-24 21:37:57', 'P3', NULL, 'Fire Door (Not Tagged)', '126', 'Interior - Level 1', 'Friable', 'Maintain in good condition. Remove under controlled conditions by a Class A asbestos contractor prior to renovations.', 'N', '', ''),
(316, 314, 'Motor Registry ', 1, NULL, NULL, 'Throughout', 5, '', 1, NULL, 'Moree-02', 'Negative', '', 'm', NULL, NULL, NULL, '', '', '', '', '2018-04-26 02:10:24', '', NULL, 'Eave Linings', '', 'Exterior - Level 1', '', '', 'N', '', ''),
(317, 314, 'Motor Registry ', 1, NULL, NULL, 'Motor Registry and Lift Motor Room', 9, '', 2, NULL, '', 'Suspected Positive', '300', 'm²', NULL, NULL, NULL, 'Good', 'Low', 'Low', '', '2018-05-25 02:09:31', '', NULL, 'Compressed Ceiling Tiles', '127', 'Interior - Level 1', 'Non-Friable', 'Maintain in good condition. Remove under controlled conditions prior to renovations.', 'N', '', ''),
(318, 314, 'Motor Registry ', 1, NULL, NULL, 'Throughout', 0, 'Green Sheet Vinyl ', 1, NULL, 'Not Sampled ', 'Suspected Negative', '', 'm', NULL, NULL, NULL, '', '', '', '', '2018-04-26 02:13:21', '', NULL, 'Floor Covering', '', 'Interior - Level 1', '', '', 'N', '', ''),
(319, 314, 'Motor Registry ', 1, NULL, NULL, 'Ceiling Space', 9, '', 2, NULL, '', 'Suspected Positive', '225', 'm²', NULL, NULL, NULL, 'Good', 'Low', 'Low', '', '2018-05-25 02:10:03', '', NULL, 'Roof Lining ', '128', 'Interior - Level 1', 'Non-Friable', 'Maintain in good condition. Remove under controlled conditions prior to renovations.', 'N', '', ''),
(320, 314, 'Motor Registry ', 1, NULL, NULL, 'Ceiling Space', 9, '', 2, NULL, '', 'Suspected Positive', '60', 'm', NULL, NULL, NULL, 'Good', 'Low', 'Low', '', '2018-04-26 02:16:32', '', NULL, 'Flexible Ductwork ', '129', 'Interior - Level 1', 'Non-Friable', 'Maintain in good condition. Remove under controlled conditions prior to renovations.', 'N', '', ''),
(321, 314, 'Motor Registry ', 1, NULL, NULL, 'Ceiling Space', 9, '', 2, NULL, '', 'Suspected Positive', '40', 'm', NULL, NULL, NULL, 'Good', 'Low', 'Low', '', '2018-04-26 02:17:23', '', NULL, 'Rigid Ductwork ', '130', 'Interior - Level 1', 'Non-Friable', 'Maintain in good condition. Remove under controlled conditions prior to renovations.', 'N', '', ''),
(322, 314, 'Motor Registry ', 1, NULL, NULL, 'Plant Room', 0, 'Internal Insulation', 2, NULL, '', 'Suspected Positive', '1', 'unit(s)', NULL, NULL, NULL, 'Good', 'Low', 'Low', '', '2018-05-17 07:58:51', '', NULL, 'Hot Water Unit', '131', 'Interior - Level 1', 'Non-Friable', 'Maintain in good condition. Remove under controlled conditions prior to renovations.', 'N', '', ''),
(323, 314, 'Motor Registry ', 1, NULL, NULL, 'Plant Room', 4, 'Intern', 1, NULL, 'Not Sampled - Live', 'Suspected Positive', '1', 'unit(s)', NULL, NULL, NULL, 'Good', 'Low', 'Low', 'Yes', '2018-05-17 07:58:51', 'P4', NULL, 'AHU Distribution Board ', '132', 'Interior - Level 1', 'Non-Friable', 'Maintain in good condition. Remove under controlled conditions by a Class A/B asbestos contractor prior to renovations.', 'N', '', ''),
(324, 313, 'Carpenters Workshop', 1, NULL, NULL, 'Throughout', 5, '', 1, NULL, 'A - 01', 'Negative', '', 'm', NULL, NULL, NULL, '', '', '', '', '2018-04-26 02:33:15', '', NULL, 'Ceiling Lining', '', 'Interior - Ground Level', '', '', 'N', '', ''),
(325, 313, 'Carpenters Workshop', 1, NULL, NULL, 'Throughout', 5, '', 1, NULL, 'Same As - A-01', 'Negative', '', 'm', NULL, NULL, NULL, '', '', '', '', '2018-04-26 02:35:55', '', NULL, 'Wall Lining', '', 'Interior - Ground Level', '', '', 'N', '', ''),
(326, 313, 'Carpenters Workshop', 1, NULL, NULL, 'Throughout', 5, '', 1, NULL, 'A - 02', 'Negative', '', 'm', NULL, NULL, NULL, '', '', '', '', '2018-04-26 02:45:30', '', NULL, 'Eaves Lining', '', 'Exterior - Ground Level', '', '', 'N', '', ''),
(327, 313, 'Carpenters Workshop', 1, NULL, NULL, 'North West Corner', 4, '', 1, NULL, '', 'Assumed Positive', '1', 'unit(s)', NULL, NULL, NULL, 'Good', 'Low', 'Low', 'Suspected', '2018-05-17 07:58:51', 'P4', NULL, 'Bituminous Electrical Backing Board', '133', 'Interior - Ground Level', 'Non-Friable', 'Maintain in good condition. Remove under controlled conditions by a Class A/B asbestos contractor prior to renovations.', 'N', '', ''),
(328, 314, 'Motor Registry ', 1, NULL, NULL, 'Plant Room', 0, 'Capacitor', 4, NULL, '', 'Suspected Positive', '6', 'unit(s)', NULL, NULL, NULL, 'Good', 'Low', 'Low', '', '2018-05-17 07:58:51', '', NULL, 'Fluorescent Light Fittings', '134', 'Interior - Level 1', '', 'Maintain in good condition. Remove or overpaint painted surfaces under controlled conditions prior to renovations.', 'N', '', ''),
(329, 313, 'Carpenters Workshop', 1, NULL, NULL, 'Various Throughout', 21, '', 3, NULL, 'Lead Check', 'Negative', '', 'm', NULL, NULL, NULL, '', '', '', '', '2018-04-26 02:43:48', '', NULL, 'Cream Colour Paint Systems', '', 'Interior - Ground Level', '', 'Maintain in good condition. Remove or overpaint painted surfaces under controlled conditions prior to renovations.', 'N', '', ''),
(330, 314, 'Motor Registry ', 1, NULL, NULL, 'Storage Room', 0, 'Capacitor', 4, NULL, '', 'Suspected Positive', '2', 'unit(s)', NULL, NULL, NULL, 'Good', 'Low', 'Low', '', '2018-05-17 07:58:51', '', NULL, 'Fluorescent Light Fittings', '', 'Interior - Ground Level ', '', 'Maintain in good condition. Remove or overpaint painted surfaces under controlled conditions prior to renovations.', 'N', '', ''),
(331, 314, 'Motor Registry ', 1, NULL, NULL, 'Storage Room', 0, 'White Paint System', 3, NULL, 'Moree-LP02', 'Negative', '', 'm', NULL, NULL, NULL, '', '', '', '', '2018-04-26 02:45:25', '', NULL, 'Walls ', '', 'Interior - Ground Level ', '', 'Maintain in good condition. Remove or overpaint painted surfaces under controlled conditions prior to renovations.', 'N', '', ''),
(332, 313, 'Carpenters Workshop', 1, NULL, NULL, 'South West Corner', 0, 'Moulded Fibre Cement', 1, NULL, 'A - 03', 'Positive', '1', 'unit(s)', NULL, NULL, NULL, 'Good', 'Low', 'Low', 'Not Labelle', '2018-05-25 05:38:58', 'P4', NULL, 'Telcomunications Pit', '135', 'Exterior - Ground Level', 'Non-Friable', 'Maintain in good condition. Remove under controlled conditions by a Class A/B asbestos contractor prior to renovations.', 'N', '', ''),
(333, 313, 'Shed 7', 1, NULL, NULL, 'All Rooms', 0, 'None', 0, NULL, '', 'Negative', '', 'm', NULL, NULL, NULL, '', '', '', '', '2018-04-26 02:54:01', '', NULL, 'No Asbestos detected', '', 'Interior & Exterior', '', '', 'N', '', ''),
(334, 313, 'Shed 7', 1, NULL, NULL, 'Exterior - Throughout', 21, '', 3, NULL, 'Lead Check', 'Negative', '', 'm', NULL, NULL, NULL, '', '', '', '', '2018-04-26 02:56:19', '', NULL, 'Yellow Colour Paint Systems', '', 'Exterior - Ground Level', '', 'Maintain in good condition. Remove or overpaint painted surfaces under controlled conditions prior to renovations.', 'N', '', ''),
(335, 313, 'Shed 8', 1, NULL, NULL, 'Throughout', 21, '', 3, NULL, 'Lead Check', 'Negative', '', 'm', NULL, NULL, NULL, '', '', '', '', '2018-04-26 02:58:33', '', NULL, 'Yellow Colour Paint Systems', '', 'Exterior - Ground Level', '', 'Maintain in good condition. Remove or overpaint painted surfaces under controlled conditions prior to renovations.', 'N', '', ''),
(336, 314, 'Motor Registry ', 1, NULL, NULL, 'Records Store ', 9, '', 1, NULL, 'Not Sampled - No Access', 'Suspected Positive', '1', 'unit(s)', NULL, NULL, NULL, 'Good', 'Low', 'Low', 'Yes', '2018-05-25 02:10:53', 'P3', NULL, 'Safe', '136', 'Interior - Level 1', 'Friable', 'Maintain in good condition. Remove under controlled conditions by a Class A asbestos contractor prior to renovations.', 'N', '', ''),
(337, 313, 'Sheds 5 & 6', 1, NULL, NULL, 'Computer Room', 20, '', 2, NULL, '', 'Positive', '12', 'm²', NULL, NULL, NULL, 'Good', 'Low', 'Low', '', '2018-05-17 07:58:51', '', NULL, 'Wall Insulation', '137', 'Interior - Mezzanine Level', 'Non-Friable', 'Maintain in good condition. Remove under controlled conditions prior to renovations.', 'N', '', ''),
(338, 314, 'Motor Registry ', 1, NULL, NULL, 'Teller Area', 5, '', 1, NULL, 'Prensa 50300-004-001', 'Negative', '', 'm', NULL, NULL, NULL, '', '', '', '', '2018-05-24 21:49:06', '', NULL, 'Wall Panels Below Windows', '', 'Interior - Level 1', '', '', 'N', '', ''),
(339, 313, 'Sheds 5 & 6', 1, NULL, NULL, 'Building Frame-Work', 21, '', 3, NULL, 'Lead Check', 'Negative', '', 'm', NULL, NULL, NULL, '', '', '', '', '2018-04-26 03:05:04', '', NULL, 'Grey Colour Paint Systems', '', 'Interior - Ground Level', '', 'Maintain in good condition. Remove or overpaint painted surfaces under controlled conditions prior to renovations.', 'N', '', ''),
(340, 313, 'Sheds 5 & 6', 1, NULL, NULL, 'North Wall', 4, '', 1, NULL, '', 'Suspected Positive', '1', 'unit(s)', NULL, NULL, NULL, 'Good', 'Low', 'Low', 'Suspected', '2018-05-17 07:58:51', 'P4', NULL, 'Bituminous Electrical Backing Board', '138', 'Interior - Ground Level', 'Non-Friable', 'Maintain in good condition. Remove under controlled conditions by a Class A/B asbestos contractor prior to renovations.', 'N', '', ''),
(341, 313, 'Sheds 5 & 6', 1, NULL, NULL, 'Workshop - Sub Board', 5, '', 1, NULL, 'A - 04', 'Negative', '', 'm', NULL, NULL, NULL, '', '', '', '', '2018-04-26 03:12:59', '', NULL, 'Door Lining', '', 'Interior - Ground Level', '', '', 'N', '', ''),
(342, 313, 'Ammenities Block', 1, NULL, NULL, 'Staff Room - Above Sink', 20, '', 2, NULL, '', 'Suspected Positive', '1', 'unit(s)', NULL, NULL, NULL, 'Good', '', '', '', '2018-05-25 05:20:05', '', NULL, 'Hot Water Unit', '139', 'Interior - Ground Level', 'Non-Friable', 'Maintain in good condition. Remove under controlled conditions prior to renovations.', 'N', '', ''),
(343, 313, 'Ammenities Block', 1, NULL, NULL, 'Staff Room - Under Sink', 2, 'Acoustic Pad', 1, NULL, 'Prensa-50300-274-11', 'Negative', '1', 'm²', NULL, NULL, NULL, '', '', '', '', '2018-05-25 05:22:55', '', NULL, 'Bituminous Membrane', '', 'Interior - Ground Level', '', '', 'N', '', ''),
(344, 313, 'Shed 1', 1, NULL, NULL, 'All Rooms', 0, 'None', 0, NULL, '', 'Negative', '', 'm', NULL, NULL, NULL, '', '', '', '', '2018-04-26 03:21:17', '', NULL, 'No Asbestos detected', '', 'Exterior - Ground Level', '', '', 'N', '', ''),
(345, 313, 'Shed 1', 1, NULL, NULL, 'Throughout', 21, '', 3, NULL, 'Lead Check', 'Negative', '', 'm', NULL, NULL, NULL, '', '', '', '', '2018-04-26 03:22:57', '', NULL, 'Yellow Colour Paint Systems', '', 'Exterior - Ground Level', '', 'Maintain in good condition. Remove or overpaint painted surfaces under controlled conditions prior to renovations.', 'N', '', ''),
(346, 313, 'Shed 2', 1, NULL, NULL, 'Throughout', 5, '', 1, NULL, 'A - 05', 'Negative', '', 'm', NULL, NULL, NULL, '', '', '', '', '2018-04-26 03:25:20', '', NULL, 'Eaves Lining', '', 'Exterior - Ground Level', '', '', 'N', '', ''),
(347, 313, 'Shed 2', 1, NULL, NULL, 'Throughout', 21, '', 3, NULL, 'Lead Check', 'Negative', '', 'm', NULL, NULL, NULL, '', '', '', '', '2018-04-26 03:26:40', '', NULL, 'Yellow Colour Paint Systems', '', 'Exterior - Ground Level', '', 'Maintain in good condition. Remove or overpaint painted surfaces under controlled conditions prior to renovations.', 'N', '', ''),
(348, 313, 'Ammenities Block', 1, NULL, NULL, 'Throughout', 5, '', 1, NULL, 'Prensa-50300-274-010', 'Positive', '10', 'm', NULL, NULL, NULL, 'Good', 'Low', 'Low', 'Confirmed', '2018-05-25 05:46:50', 'P4', NULL, 'Awning Lining', '140', 'Exterior - Ground Level', 'Non-Friable', 'Maintain in good condition. Remove under controlled conditions by a Class A/B asbestos contractor prior to renovations.', 'N', '', ''),
(349, 313, 'Ammenities Block', 1, NULL, NULL, 'All Rooms', 5, '', 1, NULL, 'Prensa-50300-274-007', 'Positive', '600', 'm', NULL, NULL, NULL, 'Good', 'Low', 'Low', 'Confirmed', '2018-05-25 05:25:37', 'P4', NULL, 'Ceiling Lining', '141', 'Interior - Ground Level', 'Non-Friable', 'Maintain in good condition. Remove under controlled conditions by a Class A/B asbestos contractor prior to renovations.', 'N', '', ''),
(350, 315, 'Residence', 1, NULL, NULL, 'Kitchen Pantry ', 5, '', 1, NULL, 'Prensa 50299-07-001', 'Positive', '6', 'm', NULL, NULL, NULL, 'Good', 'Low', 'Low', 'Yes', '2018-05-24 03:23:07', 'P4', NULL, 'Walls', '142', 'Interior - Ground Level ', 'Non-Friable', 'Maintain in good condition. Remove under controlled conditions by a Class A/B asbestos contractor prior to renovations.', 'N', '', ''),
(351, 313, 'Bridge Section', 1, NULL, NULL, 'All Rooms', 0, 'No Access - No Keys', 0, NULL, '', '', '', 'm', NULL, NULL, NULL, '', '', '', '', '2018-04-26 03:39:37', '', NULL, '', '', 'Interior - Ground Level', '', '', 'N', '', ''),
(352, 315, 'Residence', 1, NULL, NULL, 'Kitchen Pantry ', 5, '', 1, NULL, 'Same as Prensa 50299-07-001', 'Assumed Positive', '1', 'm', NULL, NULL, NULL, 'Good', 'Low', 'Low', 'Yes', '2018-05-24 03:28:49', 'P4', NULL, 'Ceiling ', '143', 'Interior - Ground Level ', 'Non-Friable', 'Maintain in good condition. Remove under controlled conditions by a Class A/B asbestos contractor prior to renovations.', 'N', '', ''),
(353, 313, 'Bridge Section', 1, NULL, NULL, 'Throughout', 5, '', 1, NULL, 'A - 06', 'Negative', '', 'm', NULL, NULL, NULL, '', '', '', '', '2018-04-26 03:40:45', '', NULL, 'Eaves Lining', '', 'Exterior - Ground Level', '', '', 'N', '', ''),
(354, 315, 'Residence', 1, NULL, NULL, 'Kitchen ', 5, '', 1, NULL, 'Same as Prensa 50299-07-001', 'Assumed Positive', '11', 'm', NULL, NULL, NULL, 'Good', 'Low', 'Low', 'Yes', '2018-05-24 03:29:17', 'P4', NULL, 'Ceiling ', '144', 'Interior - Ground Level ', 'Non-Friable', 'Maintain in good condition. Remove under controlled conditions by a Class A/B asbestos contractor prior to renovations.', 'N', '', ''),
(355, 315, 'Residence', 1, NULL, NULL, 'Kitchen', 16, '', 1, NULL, 'Prensa 50299-07-002', 'Negative', '', 'm', NULL, NULL, NULL, '', '', '', '', '2018-05-24 03:29:36', '', NULL, 'Floor Covering', '', 'Interior - Ground Level ', '', '', 'N', '', ''),
(356, 315, 'Residence', 1, NULL, NULL, 'Kitchen', 5, '', 1, NULL, 'Same as Prensa 50299-07-001', 'Assumed Positive', '10', 'm', NULL, NULL, NULL, 'Good', 'Low', 'Low', 'Yes', '2018-05-24 04:51:26', 'P4', NULL, 'Walls, Upper Section', '145', 'Interior - Ground Level ', 'Non-Friable', 'Maintain in good condition. Remove under controlled conditions by a Class A/B asbestos contractor prior to renovations.', 'N', '', ''),
(357, 315, 'Residence', 1, NULL, NULL, 'Kitchen', 5, 'Sheet Vinyl Underlay', 1, NULL, 'Prensa 50299-07-003', 'Negative', '', 'm', NULL, NULL, NULL, '', '', '', '', '2018-05-24 03:30:15', '', NULL, 'Underlay Beneath Sheet Vinyl ', '', 'Interior - Ground Level ', '', '', 'N', '', ''),
(358, 315, 'Residence', 1, NULL, NULL, 'Toilet/Bathroom', 5, '', 1, NULL, 'Same as Prensa 50299-07-001', 'Assumed Positive', '5', 'm', NULL, NULL, NULL, 'Good', 'Low', 'Low', 'Yes', '2018-05-24 03:30:32', 'P4', NULL, 'Ceiling', '148', 'Interior - Ground Level ', 'Non-Friable', 'Maintain in good condition. Remove under controlled conditions by a Class A/B asbestos contractor prior to renovations.', 'N', '', ''),
(359, 315, 'Residence', 1, NULL, NULL, 'Toilet/Bathroom', 5, '', 1, NULL, 'Same as Prensa 50299-07-001', 'Assumed Positive', '18', 'm', NULL, NULL, NULL, 'Good', 'Low', 'Low', 'Yes', '2018-05-24 03:30:43', 'P4', NULL, 'Walls', '', 'Interior - Ground Level ', 'Non-Friable', 'Maintain in good condition. Remove under controlled conditions by a Class A/B asbestos contractor prior to renovations.', 'N', '', ''),
(360, 315, 'Residence', 1, NULL, NULL, 'Toilet/Bathroom', 5, '', 1, NULL, 'Not Sampled - Restricted Access', 'Suspected Positive', '3', 'm', NULL, NULL, NULL, 'Good', 'Low', 'Low', 'No', '2018-05-24 03:30:55', 'P4', NULL, 'Flooring Beneath Tiles', '146', 'Interior - Ground Level ', 'Non-Friable', 'Maintain in good condition. Remove under controlled conditions by a Class A/B asbestos contractor prior to renovations.', 'N', '', ''),
(361, 315, 'Residence', 1, NULL, NULL, 'Toilet/Bathroom', 5, '', 1, NULL, 'Not Sampled - No Access', 'Suspected Positive', '1', 'm', NULL, NULL, NULL, 'Good', 'Low', 'Low', 'No', '2018-05-24 03:31:05', 'P4', NULL, 'Behind Ceramic Tiles to Bathtub', '147', 'Interior - Ground Level ', 'Non-Friable', 'Maintain in good condition. Remove under controlled conditions by a Class A/B asbestos contractor prior to renovations.', 'N', '', ''),
(362, 315, 'Residence', 1, NULL, NULL, 'Laundry ', 5, '', 1, NULL, 'Same as Prensa 50299-07-001', 'Assumed Positive', '12', 'm', NULL, NULL, NULL, 'Good', 'Low', 'Low', 'Yes', '2018-05-24 03:31:14', 'P4', NULL, 'Walls', '149', 'Interior - Ground Level ', 'Non-Friable', 'Maintain in good condition. Remove under controlled conditions by a Class A/B asbestos contractor prior to renovations.', 'N', '', ''),
(363, 315, 'Residence', 1, NULL, NULL, 'Laundry ', 5, '', 1, NULL, 'Same as Prensa 50299-07-001', 'Assumed Positive', '3', 'm', NULL, NULL, NULL, 'Good', 'Low', 'Low', 'Yes', '2018-04-26 04:15:22', 'P4', NULL, 'Ceiling', '150', 'Interior - Ground Level ', 'Non-Friable', 'Maintain in good condition. Remove under controlled conditions by a Class A/B asbestos contractor prior to renovations.', 'N', '', ''),
(364, 316, 'Office & Staff Ammenities', 1, NULL, NULL, 'Throughout', 5, '', 1, NULL, 'ESP - E29761', 'Positive', '20', 'm²', NULL, NULL, NULL, 'Good', 'Low', 'Low', 'Confirmed', '2018-05-17 07:58:51', 'P4', NULL, 'Eaves Lining', '151', 'Exterior - Ground Level', 'Non-Friable', 'Maintain in good condition. Remove under controlled conditions by a Class A/B asbestos contractor prior to renovations.', 'N', '', ''),
(365, 315, 'Residence', 1, NULL, NULL, 'Ceiling Space', 9, '', 1, NULL, 'Prensa 50299-07-004', 'Negative', '', 'm', NULL, NULL, NULL, '', '', '', '', '2018-04-26 04:16:32', '', NULL, 'Insulation Material', '', 'Interior - Ground Level ', '', '', 'N', '', ''),
(366, 315, 'Residence', 1, NULL, NULL, 'Ground Surfaces Below Laundry ', 5, '', 1, NULL, 'Same as Prensa 50299-07-005', 'Assumed Positive', '1', 'm', NULL, NULL, NULL, 'Poor', 'Medium', 'Medium', 'No', '2018-04-26 04:18:21', 'P3', NULL, 'Debris ', '152', 'Exterior - Ground Level ', 'Non-Friable', 'Restrict access and isolate area. Engage a Class A asbestos contractor ASAP to undertake remedial works immediately.', 'N', '', ''),
(367, 316, 'Office & Staff Ammenities', 1, NULL, NULL, 'South West Corner', 0, 'Moulded Fibre Cement', 1, NULL, '50300-153-005', 'Positive', '2', 'unit(s)', NULL, NULL, NULL, 'Good', 'Low', 'Low', 'Not Labelle', '2018-05-17 07:58:51', 'P4', NULL, 'Telcomunications Pit', '153', 'Exterior - Ground Level', 'Non-Friable', 'Maintain in good condition. Remove under controlled conditions by a Class A/B asbestos contractor prior to renovations.', 'N', '<p>Not Labelled due to traffic area</p>', ''),
(368, 315, 'Residence', 1, NULL, NULL, 'Surrounding ', 5, '', 1, NULL, 'Prensa 50299-07-005', 'Positive', '150', 'm²', NULL, NULL, NULL, 'Good', 'Low', 'Low', 'Yes', '2018-05-17 07:58:51', 'P4', NULL, 'Wall Cladding', '154', 'Exterior - Ground Level ', 'Non-Friable', 'Maintain in good condition. Remove under controlled conditions by a Class A/B asbestos contractor prior to renovations.', 'N', '', ''),
(369, 315, 'Residence', 1, NULL, NULL, 'South-East Side of Residence', 4, '', 1, NULL, 'Not Sampled - Live', 'Suspected Positive', '2 ', 'unit(s)', NULL, NULL, NULL, 'Good', 'Low', 'Low', 'Yes', '2018-04-26 04:21:28', 'P4', NULL, 'Distribution Board ', '155', 'Exterior - Ground Level ', 'Non-Friable', 'Maintain in good condition. Remove under controlled conditions by a Class A/B asbestos contractor prior to renovations.', 'N', '', ''),
(370, 316, 'Office & Staff Ammenities', 1, NULL, NULL, 'Southern area', 5, '', 1, NULL, '50300-153-001', 'Negative', '', 'm', NULL, NULL, NULL, '', '', '', '', '2018-04-26 04:21:55', '', NULL, 'Window Infill Panels', '', 'Exterior - Ground Level', '', '', 'N', '', ''),
(371, 315, 'Residence', 1, NULL, NULL, 'Outhouse Behind Carport ', 0, 'Moulded Fibre Cement', 1, NULL, 'Prensa 50299-07-007', 'Positive', '', 'm', NULL, NULL, NULL, '', '', '', '', '2018-04-26 04:22:57', '', NULL, 'Sewer Breather Pipe', '', 'Exterior - Ground Level ', '', 'Not sighted during 2018 RiskTech inspection. ', 'N', '', ''),
(372, 316, 'Office & Staff Ammenities', 1, NULL, NULL, 'Southern Side', 0, 'Window Caulking', 1, NULL, '50300-153-002', 'Negative', '', 'm', NULL, NULL, NULL, '', '', '', '', '2018-04-26 04:25:13', '', NULL, 'Window Beading', '', 'Exterior - Ground Level', '', '', 'N', '', ''),
(373, 315, 'Residence', 1, NULL, NULL, 'Throughout ', 5, '', 1, NULL, 'Same as Prensa 50299-07-005', 'Assumed Positive', '50', 'm²', NULL, NULL, NULL, 'Good', 'Low', 'Low', 'Yes', '2018-05-17 07:58:51', 'P4', NULL, 'Eave Linings', '156', 'Exterior - Ground Level ', 'Non-Friable', 'Maintain in good condition. Remove under controlled conditions by a Class A/B asbestos contractor prior to renovations.', 'N', '', ''),
(374, 316, 'Office & Staff Ammenities', 1, NULL, NULL, 'Northern Area', 2, 'Expansion Joint', 1, NULL, '50300-153-003', 'Negative', '', 'm', NULL, NULL, NULL, '', '', '', '', '2018-04-26 04:55:51', '', NULL, 'Bituminous Expansion Joint', '', 'Exterior - Basement Level', '', '', 'N', '', '');
INSERT INTO `tbl_items` (`itemID`, `siteID`, `buildingName`, `clientID`, `item_no`, `item_name`, `room_specific`, `materialID`, `materialOther`, `hazard_type`, `samples_taken`, `sample_no`, `sample_status`, `extent`, `extent_mesurement`, `contact`, `contact_number`, `recommendations`, `item_condition`, `disturb_potential`, `risk_rating`, `current_label`, `date_updated`, `control_priority`, `work_records`, `description`, `photo_no`, `location_level`, `friability`, `control_recommendation`, `hide`, `work_action`, `item_status`) VALUES
(375, 315, 'Residence', 1, NULL, NULL, 'Laundry ', 0, 'Internal Insulation', 2, NULL, '', 'Suspected Positive', '1', 'unit(s)', NULL, NULL, NULL, 'Good', 'Low', 'Low', '', '2018-05-17 07:58:51', '', NULL, 'Hot Water Unit', '157', 'Interior - Ground Level ', 'Non-Friable', 'Maintain in good condition. Remove under controlled conditions prior to renovations.', 'N', '', ''),
(376, 315, 'Residence', 1, NULL, NULL, 'Ceiling Space', 9, '', 2, NULL, '', 'Suspected Positive', '100', 'm²', NULL, NULL, NULL, 'Good', 'Low', 'Low', '', '2018-05-17 07:58:51', '', NULL, 'Loose Insulation ', '', 'Interior - Ground Level ', 'Non-Friable', 'Maintain in good condition. Remove under controlled conditions prior to renovations.', 'N', '', ''),
(377, 316, 'Stores & Workshops', 1, NULL, NULL, 'North East Corner', 4, '', 1, NULL, '', 'Suspected Positive', '1', 'unit(s)', NULL, NULL, NULL, 'Good', '', 'Low', 'Suspected', '2018-04-26 04:53:32', 'P4', NULL, 'Bituminous Electrical Backing Board', '158', 'Exterior - Basement Level', 'Non-Friable', 'Maintain in good condition. Remove under controlled conditions by a Class A/B asbestos contractor prior to renovations.', 'N', '', ''),
(378, 316, 'Office & Staff Ammenities', 1, NULL, NULL, 'Staff Lunch Room', 20, '', 2, NULL, '', 'Suspected Positive', '1', 'unit(s)', NULL, NULL, NULL, 'Good', 'Low', 'Low', '', '2018-05-17 07:58:51', '', NULL, 'Hot Water Unit', '159', 'Interior - Ground Level', 'Non-Friable', 'Maintain in good condition. Remove under controlled conditions prior to renovations.', 'N', '', ''),
(379, 316, 'Office & Staff Ammenities', 1, NULL, NULL, 'Staff Showers', 20, '', 2, NULL, '', 'Suspected Positive', '1', 'unit(s)', NULL, NULL, NULL, 'Good', '', 'Low', '', '2018-04-26 04:46:05', '', NULL, 'Hot Water Unit', '160', 'Interior - Basement Level', 'Non-Friable', 'Maintain in good condition. Remove under controlled conditions prior to renovations.', 'N', '', ''),
(380, 315, 'Residence', 1, NULL, NULL, 'Laundry ', 0, 'Cream Paint System', 3, NULL, 'Southgate-LP01', 'Negative', '', 'm', NULL, NULL, NULL, '', '', '', '', '2018-04-26 04:44:34', '', NULL, 'Ceiling ', '', 'Interior - Ground Level ', '', 'Maintain in good condition. Remove or overpaint painted surfaces under controlled conditions prior to renovations.', 'N', '', ''),
(381, 316, 'Office & Staff Ammenities', 1, NULL, NULL, 'Various Throughout', 4, '', 1, NULL, '50300-153-004', 'Negative', '4', 'unit(s)', NULL, NULL, NULL, '', '', '', '', '2018-04-26 04:44:38', '', NULL, 'Bituminous Electrical Backing Board', '', 'Interior & Exterior', '', '', 'N', '', ''),
(382, 316, 'Office & Staff Ammenities', 1, NULL, NULL, 'Various Throughout', 22, '', 4, NULL, '', 'Suspected Negative', '', 'm', NULL, NULL, NULL, '', '', '', '', '2018-04-26 04:48:34', '', NULL, 'Fluorescent Light Fittings', '', 'Interior - All Levels', '', 'Maintain in good condition. Remove or overpaint painted surfaces under controlled conditions prior to renovations.', 'N', '<p>New Style Light Fittings</p>', ''),
(383, 316, 'Office & Staff Ammenities', 1, NULL, NULL, 'Various Throughout', 21, '', 3, NULL, 'Lead Check', 'Negative', '', 'm', NULL, NULL, NULL, '', '', '', '', '2018-04-26 04:50:57', '', NULL, 'Doors & Window Frames', '', 'Interior - All Levels', '', 'Maintain in good condition. Remove or overpaint painted surfaces under controlled conditions prior to renovations.', 'N', '', ''),
(384, 317, 'Ferry Terminus', 1, NULL, NULL, 'Throughout', 5, '', 1, NULL, '50300-153-006', 'Positive', '6', 'm²', NULL, NULL, NULL, 'Good', 'Low', 'Low', 'Confirmed', '2018-05-17 07:58:51', 'P4', NULL, 'Eaves Lining', '161', 'Exterior - Ground Level', 'Non-Friable', 'Maintain in good condition. Remove under controlled conditions by a Class A/B asbestos contractor prior to renovations.', 'N', '', ''),
(385, 317, 'Ferry Terminus', 1, NULL, NULL, 'Waiting Area - Throughout', 5, '', 1, NULL, 'Same As 50300-153-006', 'Positive', '16', 'm²', NULL, NULL, NULL, 'Good', 'Low', 'Low', 'Confirmed', '2018-05-17 07:58:51', 'P4', NULL, 'Ceiling Lining', '162', 'Exterior - Ground Level', 'Non-Friable', 'Maintain in good condition. Remove under controlled conditions by a Class A/B asbestos contractor prior to renovations.', 'N', '', ''),
(386, 317, 'Ferry Terminus', 1, NULL, NULL, 'Waiting Area', 5, '', 1, NULL, 'Same As 50300-153-006', 'Positive', '5', 'm', NULL, NULL, NULL, 'Good', 'Low', 'Low', 'Confirmed', '2018-05-17 07:58:51', 'P4', NULL, 'Facia ', '163', 'Exterior - Ground Level', 'Non-Friable', 'Maintain in good condition. Remove under controlled conditions by a Class A/B asbestos contractor prior to renovations.', 'N', '', ''),
(387, 317, 'Ferry Terminus', 1, NULL, NULL, 'Southern Side', 4, '', 1, NULL, '50300-153-007', 'Positive', '1', 'unit(s)', NULL, NULL, NULL, 'Good', 'Low', 'Low', 'Confirmed', '2018-04-26 05:23:51', 'P4', NULL, 'Bituminous Electrical Backing Board', '164', 'Exterior - Ground Level', 'Non-Friable', 'Maintain in good condition. Remove under controlled conditions by a Class A/B asbestos contractor prior to renovations.', 'N', '', ''),
(388, 317, 'Ferry Terminus', 1, NULL, NULL, 'Staff Room', 20, '', 2, NULL, '', 'Suspected Positive', '1', 'unit(s)', NULL, NULL, NULL, 'Good', 'Low', 'Low', '', '2018-05-17 07:58:51', '', NULL, 'Hot Water Unit', '165', 'Interior - Ground Level', 'Non-Friable', 'Maintain in good condition. Remove under controlled conditions prior to renovations.', 'N', '', ''),
(389, 317, 'Ferry Terminus', 1, NULL, NULL, 'Staff Room, Toilet & Shower', 22, '', 4, NULL, '', 'Suspected Negative', '', 'm', NULL, NULL, NULL, '', '', '', '', '2018-04-26 05:29:20', '', NULL, 'Fluorescent Light Fittings', '', 'Interior - Ground Level', '', '', 'N', '<p>New Style Light Fittings</p>', ''),
(390, 317, 'Ferry Terminus', 1, NULL, NULL, 'Waiting Area', 21, '', 3, NULL, 'Lead Check', 'Negative', '', 'm', NULL, NULL, NULL, '', '', '', '', '2018-04-26 05:31:41', '', NULL, 'White & Blue Paint Systems', '', 'Exterior - Ground Level', '', '', 'N', '', ''),
(391, 318, 'Site Office/Workshop', 1, NULL, NULL, 'Throughout ', 5, '', 1, NULL, 'Prensa 50299-01-002', 'Negative', '', 'm', NULL, NULL, NULL, '', '', '', '', '2018-04-30 03:31:00', '', NULL, 'Ceiling', '', 'Interior - Ground Level ', '', '', 'N', '', ''),
(392, 318, 'Site Office/Workshop', 1, NULL, NULL, 'Throughout', 5, '', 1, NULL, 'Same as Prensa 50299-01-002', 'Assumed Negative', '', 'm', NULL, NULL, NULL, '', '', '', '', '2018-04-30 03:32:21', '', NULL, 'Wall Lining', '', 'Interior - Ground Level ', '', '', 'N', '', ''),
(393, 318, 'Site Office/Workshop', 1, NULL, NULL, 'Northern Storeroom, adjacent Office', 16, '', 1, NULL, 'Prensa 50299-01-003', 'Negative', '', 'm', NULL, NULL, NULL, '', '', '', '', '2018-04-30 03:32:10', '', NULL, 'Covering to Timber Shelves', '', 'Interior - Ground Level ', '', '', 'N', '', ''),
(394, 318, 'Site Office/Workshop', 1, NULL, NULL, 'North-East Corner above Washing Machine', 5, '', 1, NULL, 'Prensa 50299-01-004', 'Positive', '0.5', 'm', NULL, NULL, NULL, 'Good', 'Low', 'Low', 'Yes', '2018-04-30 03:31:58', 'P4', NULL, 'Infill Panel to Wall Penetration', '166', 'Interior - Ground Level ', 'Non-Friable', 'Maintain in good condition. Remove under controlled conditions by a Class A/B asbestos contractor prior to renovations.', 'N', '', ''),
(395, 318, 'Site Office/Workshop', 1, NULL, NULL, 'South Side Bench and West End Carport', 8, '', 1, NULL, 'Prensa 50299-01-005', 'Negative', '', 'm', NULL, NULL, NULL, '', '', '', '', '2018-04-30 03:31:44', '', NULL, 'Stored Material', '', 'Interior - Ground Level ', '', '', 'N', '', ''),
(396, 318, 'Site Office/Workshop', 1, NULL, NULL, 'North Wall ', 4, '', 1, NULL, 'Not Sampled - Live', 'Suspected Negative', '', 'm', NULL, NULL, NULL, '', '', '', '', '2018-04-30 03:31:33', '', NULL, 'Electrical Switch Board', '', 'Exterior - Ground Level ', '', '', 'N', '', ''),
(397, 318, 'Site Office/Workshop', 1, NULL, NULL, 'Near Door to Site Office ', 9, '', 1, NULL, 'Not Sampled - No Access', 'Suspected Positive', '1', 'unit(s)', NULL, NULL, NULL, 'Good', '', 'Low', 'Yes', '2018-04-30 03:31:22', 'P3', NULL, 'Steel Safe ', '167', 'Interior - Ground Level ', 'Friable', 'Maintain in good condition. Remove under controlled conditions by a Class A asbestos contractor prior to renovations.', 'N', '', ''),
(398, 318, 'Site Office/Workshop', 1, NULL, NULL, 'Throughout', 5, '', 1, NULL, 'Prensa 50299-01-001', 'Positive', '10', 'm²', NULL, NULL, NULL, 'Good', 'Low', 'Low', 'Yes', '2018-05-17 07:58:51', 'P4', NULL, 'Eaves Linings ', '168', 'Exterior - Ground Level ', 'Non-Friable', 'Maintain in good condition. Remove under controlled conditions by a Class A/B asbestos contractor prior to renovations.', 'N', '', ''),
(399, 318, 'Site Office/Workshop', 1, NULL, NULL, 'Throughout ', 0, 'Capacitor', 4, NULL, '', 'Suspected Positive', '3', 'unit(s)', NULL, NULL, NULL, 'Good', 'Low', 'Low', '', '2018-05-17 07:58:51', '', NULL, 'Fluorescent Light Fittings', '169', 'Interior - Ground Level ', '', 'Maintain in good condition. Remove or overpaint painted surfaces under controlled conditions prior to renovations.', 'N', '', ''),
(400, 318, 'Site Office/Workshop', 1, NULL, NULL, 'Throughout ', 0, 'Blue Paint System ', 3, NULL, 'Prensa Swab', 'Positive', '10', 'm', NULL, NULL, NULL, 'Fair', 'Low', 'Low', '', '2018-04-30 03:47:12', '', NULL, 'Walls', '170', 'Interior - Ground Level ', '', 'Maintain in good condition. Remove or overpaint painted surfaces under controlled conditions prior to renovations.', 'N', '', ''),
(401, 318, 'Site Office/Workshop', 1, NULL, NULL, 'Throughout', 0, 'Yellow Paint System ', 3, NULL, 'Prensa Swab', 'Positive', '20', 'm', NULL, NULL, NULL, 'Fair', 'Low', 'Low', '', '2018-04-30 03:54:02', '', NULL, 'Walls', '171', 'Exterior - Ground Level ', '', 'Maintain in good condition. Remove or overpaint painted surfaces under controlled conditions prior to renovations.', 'N', '', ''),
(402, 318, 'Site Office/Workshop', 1, NULL, NULL, 'West ', 0, 'White Paint System', 3, NULL, 'Ashby-LP01', 'Positive', '20', 'm', NULL, NULL, NULL, 'Fair', 'Low', 'Low', '', '2018-04-30 04:01:44', '', NULL, 'Wall', '172', 'Interior - Ground Level ', '', 'Maintain in good condition. Remove or overpaint painted surfaces under controlled conditions prior to renovations.', 'N', '', ''),
(403, 318, 'Site Office/Workshop', 1, NULL, NULL, 'Ceiling ', 0, 'Capacitor', 4, NULL, '', 'Suspected Negative', '', 'm', NULL, NULL, NULL, '', '', '', '', '2018-04-30 04:02:58', '', NULL, 'Fluorescent Light Fitting', '', 'Interior - Ground Level ', '', 'Maintain in good condition. Remove or overpaint painted surfaces under controlled conditions prior to renovations.', 'N', '', ''),
(404, 318, 'Site Office/Workshop', 1, NULL, NULL, 'Ceiling Space, On Top of Site Office ', 0, 'Settled Dust', 3, NULL, 'Prensa 50299-01-LD01', 'Positive', '10', 'm', NULL, NULL, NULL, 'Poor', 'Medium', 'Medium', '', '2018-04-30 04:24:45', '', NULL, 'Dust', '', 'Interior - Ground Level ', '', 'Remove under controlled conditions prior to renovations or refurbishment. ', 'N', '', ''),
(405, 318, 'Site Office/Workshop', 1, NULL, NULL, 'Adacent Sliding Entrance Door', 0, 'Green Lower Paint System', 3, NULL, 'Prensa Swab', 'Positive', '2', 'm', NULL, NULL, NULL, 'Poor', 'Low', 'Low', '', '2018-05-17 07:58:51', '', NULL, 'Timber Corner Post ', '173', 'Interior - Ground Level ', '', 'Maintain in good condition. Remove or overpaint painted surfaces under controlled conditions prior to renovations.', 'N', '', ''),
(406, 318, 'Site Office/Workshop', 1, NULL, NULL, 'Adjacent Sliding Door Entrance', 0, 'White Upper Paint System', 3, NULL, 'Prensa Swab', 'Positive', '2', 'm', NULL, NULL, NULL, 'Poor', 'Low', 'Low', '', '2018-04-30 04:35:00', '', NULL, 'Timber Corner Post ', '174', 'Interior - Ground Level ', '', 'Consider removal of lead paint systems in poor condition or overpaint painted surfaces under controlled conditions. ', 'N', '', ''),
(407, 318, 'Staff Amenities Block ', 1, NULL, NULL, 'Ceiling ', 0, 'Capacitor', 4, NULL, '', 'Suspected Positive', '2', 'unit(s)', NULL, NULL, NULL, 'Good', 'Low', 'Low', '', '2018-05-17 07:58:51', '', NULL, 'Fluorescent Light Fitting', '', 'Interior - Ground Level ', '', 'Maintain in good condition. Remove or overpaint painted surfaces under controlled conditions prior to renovations.', 'N', '', ''),
(408, 318, 'Staff Amenities Block ', 1, NULL, NULL, 'Throughout ', 0, 'Yellow Paint System ', 3, NULL, 'Prensa Swab', 'Negative', '', 'm', NULL, NULL, NULL, '', '', '', '', '2018-04-30 04:42:06', '', NULL, 'Walls ', '', 'Interior & Exterior - Ground Level ', '', 'Maintain in good condition. Remove or overpaint painted surfaces under controlled conditions prior to renovations.', 'N', '', ''),
(409, 318, 'Staff Amenities Block ', 1, NULL, NULL, 'North ', 0, 'White Lower Paint System', 3, NULL, 'Prensa Swab', 'Positive', '', 'm', NULL, NULL, NULL, '', '', '', '', '2018-04-30 04:43:29', '', NULL, 'Wall', '', 'Interior - Ground Level ', '', 'Maintain in good condition. Remove or overpaint painted surfaces under controlled conditions prior to renovations.', 'N', '', ''),
(410, 318, 'Staff Amenities Block ', 1, NULL, NULL, 'Throughout', 0, 'Green Paint System ', 3, NULL, 'Prensa Swab', 'Negative', '', 'm', NULL, NULL, NULL, '', '', '', '', '2018-04-30 04:57:14', '', NULL, 'Window Frames ', '', 'Exterior - Ground Level ', '', 'Maintain in good condition. Remove or overpaint painted surfaces under controlled conditions prior to renovations.', 'N', '', ''),
(411, 318, 'Staff Amenities Block ', 1, NULL, NULL, 'On Top of Timber Framework above Shower Cubicles', 0, 'Settled Dust', 3, NULL, 'Prensa 50299-01-LD02', 'Positive', '20', 'm', NULL, NULL, NULL, 'Poor', 'Medium', 'Medium', '', '2018-04-30 04:59:17', '', NULL, 'Dust ', '', 'Interior - Ground Level ', '', 'Maintain in good condition. Remove or overpaint painted surfaces under controlled conditions prior to renovations.', 'N', '', ''),
(412, 318, 'Small Rope Store Shed', 1, NULL, NULL, 'Throughout', 0, 'No asbestos materials identified ', 0, NULL, '', '', '', 'm', NULL, NULL, NULL, '', '', '', '', '2018-04-30 05:32:18', '', NULL, '', '', 'Interior & Exterior ', '', '', 'N', '', ''),
(413, 318, 'Small Rope Store Shed', 1, NULL, NULL, 'Throughout ', 0, 'Yellow Paint System ', 3, NULL, 'Prensa Swab', 'Positive', '10', 'm²', NULL, NULL, NULL, 'Fair', 'Low', 'Low', '', '2018-05-17 07:58:51', '', NULL, 'Walls ', '', 'Exterior - Ground Level ', '', 'Maintain in good condition. Remove or overpaint painted surfaces under controlled conditions prior to renovations.', 'N', '', ''),
(414, 318, 'Storage Garage with Roller Door (East of Site Office/Workshop)', 1, NULL, NULL, 'Throughout', 0, 'No asbestos materials identified ', 0, NULL, '', '', '', 'm', NULL, NULL, NULL, '', '', '', '', '2018-05-01 04:23:18', '', NULL, '', '', 'Interior & Exterior ', '', '', 'N', '', ''),
(415, 318, 'Storage Garage with Roller Door (East of Site Office/Workshop)', 1, NULL, NULL, 'Throughout', 0, 'Yellow Paint System ', 3, NULL, 'Prensa Swab', 'Negative', '', 'm', NULL, NULL, NULL, '', '', '', '', '2018-05-01 04:24:49', '', NULL, 'Corrugated Iron Wall Cladding ', '', 'Exterior - Ground Level ', '', 'Maintain in good condition. Remove or overpaint painted surfaces under controlled conditions prior to renovations.', 'N', '', ''),
(416, 318, 'Storage Garage with Roller Door (East of Site Office/Workshop)', 1, NULL, NULL, 'Ceiling', 0, 'Capacitor', 4, NULL, '', 'Suspected Positive', '4', 'unit(s)', NULL, NULL, NULL, 'Good', 'Low', 'Low', '', '2018-05-01 04:27:25', '', NULL, 'Fluorescent Light Fittings', '175', 'Interior - Ground Level ', '', 'Maintain in good condition. Remove under controlled conditions prior to renovations.', 'N', '', ''),
(417, 318, 'Lunch Shed (East of Site Office/Workshop)', 1, NULL, NULL, 'Throughout ', 5, '', 1, NULL, 'Prensa 50299-01-006', 'Negative', '', 'm', NULL, NULL, NULL, '', '', '', '', '2018-05-01 04:31:53', '', NULL, 'Ceiling Lining ', '', 'Interior - Ground Level ', '', '', 'N', '', ''),
(418, 318, 'Lunch Shed (East of Site Office/Workshop)', 1, NULL, NULL, 'Throughout', 17, '', 1, NULL, 'Prensa 50299-01-007', 'Negative', '', 'm', NULL, NULL, NULL, '', '', '', '', '2018-05-01 04:32:45', '', NULL, 'Floor Covering ', '', 'Interior - Ground Level ', '', '', 'N', '', ''),
(419, 318, 'Lunch Shed (East of Site Office/Workshop)', 1, NULL, NULL, 'Ground Surfaces, North of Shed ', 5, '', 1, NULL, 'Prensa 50299-01-008', 'Positive', '1', 'm', NULL, NULL, NULL, 'Poor', 'Medium', 'Medium', 'No', '2018-05-01 04:36:36', 'P3', NULL, 'Debris ', '176', 'Exterior', 'Non-Friable', 'Restrict access and isolate area. Engage a Class A/B asbestos contractor ASAP to undertake remedial works immediately.', 'N', '', ''),
(420, 318, 'Lunch Shed (East of Site Office/Workshop)', 1, NULL, NULL, 'Throughout', 0, 'Yellow Paint System ', 3, NULL, 'Prensa Swab', 'Negative', '', 'm', NULL, NULL, NULL, '', '', '', '', '2018-05-01 04:37:37', '', NULL, 'Timber Weatherboard Walls', '', 'Exterior - Ground Level ', '', 'Maintain in good condition. Remove or overpaint painted surfaces under controlled conditions prior to renovations.', 'N', '', ''),
(421, 318, 'Lunch Shed (East of Site Office/Workshop)', 1, NULL, NULL, 'Throughout, Beneath Upper Painted Surfaces ', 0, 'White Paint System', 0, NULL, '', '', '', 'm', NULL, NULL, NULL, '', '', '', '', '2018-05-01 04:39:38', '', NULL, 'Timber ', '', 'Exterior - Ground Level ', '', '', 'Y', '', ''),
(422, 318, 'Lunch Shed (East of Site Office/Workshop)', 1, NULL, NULL, 'Throughout, Beneath Yellow Upper Surfaces ', 0, 'White Paint System', 3, NULL, 'Prensa Swab', 'Positive', '20', 'm²', NULL, NULL, NULL, 'Good', 'Low', 'Low', '', '2018-05-17 07:58:51', '', NULL, 'Timber Weatherboard Walls', '177', 'Exterior - Ground Level ', '', 'Maintain in good condition. Remove painted surfaces under controlled conditions prior to renovations.', 'N', '', ''),
(423, 318, 'Lunch Shed (East of Site Office/Workshop)', 1, NULL, NULL, 'Throughout', 0, 'Green Paint System ', 3, NULL, 'Ashby-LP02', 'Positive', '3', 'm', NULL, NULL, NULL, 'Fair', 'Medium', 'Medium', '', '2018-05-17 07:59:07', '', NULL, 'Window Frames ', '178', 'Exterior - Ground Level ', '', 'Consider removal of lead paint systems in fair-poor condition.', 'N', '', ''),
(424, 318, 'Lunch Shed (East of Site Office/Workshop)', 1, NULL, NULL, 'Throughout, Beneath Green Upper Paint System', 0, 'White Lower Paint System', 3, NULL, 'Prensa Swab', 'Positive', '3', 'm', NULL, NULL, NULL, 'Good', 'Low', 'Low', '', '2018-05-01 04:49:43', '', NULL, 'Window Frames ', '', 'Exterior - Ground Level ', '', 'Maintain in good condition. Remove or overpaint painted surfaces under controlled conditions prior to renovations.', 'N', '', ''),
(425, 318, 'Steel Framed Shed adjacent Site Entrance', 1, NULL, NULL, 'Throughout ', 5, '', 1, NULL, 'Prensa 50299-01-011', 'Negative', '', 'm', NULL, NULL, NULL, '', '', '', '', '2018-05-01 05:07:09', '', NULL, 'Wall Cladding', '', 'Exterior - Ground Level ', '', '', 'N', '', ''),
(426, 319, 'Site Office Demountable', 1, NULL, NULL, 'Throughout', 16, 'No asbestos materials identified ', 1, NULL, 'Woodburn-03', 'Negative', '', 'm', NULL, NULL, NULL, '', '', '', '', '2018-05-25 03:40:43', '', NULL, 'Floor Covering', '', 'Interior - Ground Level ', '', '', 'N', '', ''),
(427, 319, 'The Vault', 1, NULL, NULL, 'Adjacent Entrance ', 9, 'In', 1, NULL, 'Woodburn-01', 'Positive', '1', 'm', NULL, NULL, NULL, 'Fair', 'Medium', 'Medium', 'Yes', '2018-05-25 03:40:56', 'P2', NULL, 'Door Lining ', '179', 'Interior - Ground Level ', 'Friable', 'Engage a Class A asbestos contractor to clean up or remove the material as soon as practicable [less than 3 months].', 'N', '', ''),
(428, 319, 'Flammable Liquids Store ', 1, NULL, NULL, 'Throughout', 0, 'Yellow Paint System ', 3, NULL, 'Prensa Swab', 'Positive', '10', 'm', NULL, NULL, NULL, 'Good', 'Low', 'Low', '', '2018-05-25 03:53:25', '', NULL, 'Wall Cladding ', '180', 'Exterior - Ground Level ', '', 'Maintain in good condition. Remove or overpaint painted surfaces under controlled conditions prior to renovations.', 'Y', '', ''),
(429, 319, 'Amenities Block', 1, NULL, NULL, '', 0, 'Internal Insulation', 2, NULL, '', 'Suspected Positive', '1', 'unit(s)', NULL, NULL, NULL, 'Good', 'Low', 'Low', '', '2018-05-25 03:38:45', '', NULL, 'Hot Water Unit', '181', 'Exterior - Ground Level ', 'Non-Friable', 'Maintain in good condition. Remove under controlled conditions prior to renovations.', 'N', '', ''),
(430, 319, 'Asphalt Storage Tank', 1, NULL, NULL, 'Pipework ', 8, '', 1, NULL, 'Woodburn-02', 'Positive', '1', 'unit(s)', NULL, NULL, NULL, 'Good', 'Low', 'Low', 'Yes', '2018-05-25 03:39:04', 'P4', NULL, 'Pipework Flange Joint ', '182', 'Exterior - Ground Level ', 'Non-Friable', 'Maintain in good condition. Remove under controlled conditions by a Class A/B asbestos contractor prior to renovations.', 'N', '', ''),
(431, 319, 'Shipping Container 1', 1, NULL, NULL, 'Throughout', 0, 'Beige Paint System', 3, NULL, 'Prensa Swab', 'Positive', '20', 'm', NULL, NULL, NULL, 'Poor', 'Medium', 'Medium', '', '2018-05-25 03:56:25', '', NULL, 'Wall Cladding ', '183', 'Exterior - Ground Level ', '', 'consider removal or encapsulation of lead paint systems identified in poor condition.', 'Y', '', ''),
(432, 319, 'Shipping Container 2', 1, NULL, NULL, 'Throughout', 0, 'Beige Paint System', 3, NULL, 'Prensa Swab', 'Positive', '20', 'm', NULL, NULL, NULL, 'Good', 'Medium', 'Medium', '', '2018-05-25 03:58:13', '', NULL, 'Wall Cladding', '184', 'Exterior - Ground Level ', '', 'Maintain in good condition. Remove or overpaint painted surfaces under controlled conditions prior to renovations.', 'Y', '', ''),
(433, 319, 'Asphalt Storage Tank', 1, NULL, NULL, 'Throughout ', 9, '', 2, NULL, '', 'Suspected Positive', '6', 'm²', NULL, NULL, NULL, 'Good', 'Low', 'Low', '', '2018-05-25 03:55:31', '', NULL, 'Wall Lining ', '185', 'Interior - Ground Level ', 'Non-Friable', 'Maintain in good condition. Remove under controlled conditions prior to renovations.', 'N', '', ''),
(434, 319, 'Site Office ', 1, NULL, NULL, 'Throughout', 0, 'No hazardous materials identified ', 0, NULL, '', '', '', 'm', NULL, NULL, NULL, '', '', '', '', '2018-05-25 03:41:22', '', NULL, '', '', 'Interior & Exterior - Ground Level ', '', '', 'N', '', ''),
(435, 319, 'Site Office ', 1, NULL, NULL, 'Throughout', 0, 'No asbestos materials identified ', 0, NULL, '', '', '', 'm', NULL, NULL, NULL, '', '', '', '', '2018-05-02 05:08:07', '', NULL, '', '', 'Interior & Exterior', '', '', 'Y', '', ''),
(436, 319, 'Bridge Shed', 1, NULL, NULL, 'Throughout', 0, 'No hazardous materials identified ', 0, NULL, '', '', '', 'm', NULL, NULL, NULL, '', '', '', '', '2018-05-25 04:00:30', '', NULL, '', '', 'Interior & Exterior - Ground Level ', '', '', 'N', '', ''),
(437, 319, 'Large Metal Shed', 1, NULL, NULL, 'Throughout', 0, 'No hazardous materials identified ', 0, NULL, '', '', '', 'm', NULL, NULL, NULL, '', '', '', '', '2018-05-25 03:41:11', '', NULL, '', '', 'Interior & Exterior - Ground Level ', '', '', 'N', '', ''),
(438, 319, 'Bridge Services Shed', 1, NULL, NULL, 'Throughout ', 9, '', 2, NULL, '', 'Suspected Positive', '400', 'm²', NULL, NULL, NULL, 'Good', 'Low', 'Low', '', '2018-05-25 04:00:46', '', NULL, 'Roof Lining ', '', 'Interior - Ground Level ', '', 'Maintain in good condition. Remove under controlled conditions prior to renovations.', 'N', '', ''),
(439, 320, 'Office', 1, NULL, NULL, 'Pump Room', 8, '', 1, NULL, 'Ewingdale-01', 'Negative', '', 'm', NULL, NULL, NULL, '', '', '', '', '2018-05-02 05:40:55', '', NULL, 'Pipework Joint', '', 'Interior', '', '', 'N', '', ''),
(440, 320, 'Office', 1, NULL, NULL, 'Throughout', 9, '', 2, NULL, '', 'Suspected Positive', '600', 'm²', NULL, NULL, NULL, 'Good', 'Low', 'Low', '', '2018-05-02 05:42:44', '', NULL, 'Roof Lining', '186', 'Interior', 'Non-Friable', 'Maintain in good condition. Remove under controlled conditions prior to renovations.', 'N', '', ''),
(441, 320, 'Office', 1, NULL, NULL, 'Surrounding', 5, '', 1, NULL, 'Not Sampled - Newer Appearance', 'Suspected Negative', '', 'm', NULL, NULL, NULL, '', '', '', '', '2018-05-02 05:43:52', '', NULL, 'Eave Linings', '', 'Exterior ', '', '', 'N', '', ''),
(442, 320, 'Office', 1, NULL, NULL, 'Throughout ', 9, '', 2, NULL, '', 'Suspected Positive', '150', 'm', NULL, NULL, NULL, 'Good', 'Low', 'Low', '', '2018-05-02 05:46:44', '', NULL, 'Wall Lining ', '187', 'Interior ', 'Non-Friable', 'Maintain in good condition. Remove under controlled conditions prior to renovations.', 'N', '', ''),
(443, 320, 'Office', 1, NULL, NULL, 'Electrical Room', 4, '', 1, NULL, 'Not Sampled - Newer Appearance', 'Suspected Negative', '', 'm', NULL, NULL, NULL, '', '', '', '', '2018-05-02 05:47:23', '', NULL, 'Electrical Switch Board', '', 'Interior ', '', '', 'N', '', ''),
(444, 321, 'ATCO Demountable', 1, NULL, NULL, 'Shower ', 5, '', 1, NULL, 'Billinudgel-01', 'Negative', '', 'm', NULL, NULL, NULL, '', '', '', '', '2018-05-02 06:00:41', '', NULL, 'Shower Partition Wall ', '', 'Interior ', '', '', 'N', '', ''),
(445, 321, 'ATCO Demountable', 1, NULL, NULL, 'Throughout', 16, '', 1, NULL, 'Billinudgel-02', 'Negative', '', 'm', NULL, NULL, NULL, '', '', '', '', '2018-05-02 06:01:16', '', NULL, 'Floor Covering ', '', 'Interior ', '', '', 'N', '', ''),
(446, 321, 'Main Shed/Workshop', 1, NULL, NULL, 'Office Area', 5, '', 1, NULL, 'Billinudgel-03', 'Negative', '', 'm', NULL, NULL, NULL, '', '', '', '', '2018-05-02 06:02:08', '', NULL, 'Walls ', '', 'Interior ', '', '', 'N', '', ''),
(447, 321, 'Bitumen Tank Bund Area ', 1, NULL, NULL, 'Pipework', 8, '', 1, NULL, 'Billinudgel-04', 'Positive', '1', 'unit(s)', NULL, NULL, NULL, 'Good', 'Low', 'Low', 'Yes', '2018-05-17 07:58:51', 'P4', NULL, 'Pipework Joint', '188', 'Exterior ', 'Non-Friable', 'Maintain in good condition. Remove under controlled conditions by a Class A/B asbestos contractor prior to renovations.', 'N', '', ''),
(448, 321, 'Bitumen Tank Bund Area ', 1, NULL, NULL, 'Throughout ', 9, '', 2, NULL, '', 'Suspected Positive', '6', 'm²', NULL, NULL, NULL, 'Good', 'Low', 'Low', '', '2018-05-17 07:58:51', '', NULL, 'Wall Lining', '189', 'Interior ', 'Non-Friable', 'Maintain in good condition. Remove under controlled conditions prior to renovations.', 'N', '', ''),
(449, 321, 'Shed 1', 1, NULL, NULL, 'Throughout ', 0, 'No asbestos materials identified ', 0, NULL, '', '', '', 'm', NULL, NULL, NULL, '', '', '', '', '2018-05-02 06:13:13', '', NULL, '', '', 'Interior & Exterior ', '', '', 'N', '', ''),
(450, 321, 'Main Shed/Workshop', 1, NULL, NULL, '', 0, 'Internal Insulation', 2, NULL, '', 'Suspected Positive', '1', 'unit(s)', NULL, NULL, NULL, 'Good', 'Low', 'Low', '', '2018-05-17 07:58:51', '', NULL, 'Hot Water Unit', '190', 'Interior', 'Non-Friable', 'Maintain in good condition. Remove under controlled conditions prior to renovations.', 'N', '', ''),
(451, 321, 'Main Shed/Workshop', 1, NULL, NULL, 'South-West Compressor Store ', 0, 'Grey Paint System', 3, NULL, 'Prensa Swab', 'Positive', '10', 'm²', NULL, NULL, NULL, 'Fair', 'Low', 'Low', '', '2018-05-17 07:58:51', '', NULL, 'Door, Door Frame & Wall', '191', 'Interior ', '', 'Maintain in good condition. Remove or overpaint painted surfaces under controlled conditions prior to renovations.', 'N', '', ''),
(452, 323, '', 1, NULL, NULL, 'Exterior - North Side', 0, '', 0, NULL, '', '', '', 'm', NULL, NULL, NULL, '', '', '', '', '2018-05-14 22:36:18', '', NULL, '', '', 'Ground Level', '', '', 'Y', '', ''),
(453, 323, 'Administration Building', 1, NULL, NULL, 'Exterior - Various Throughout', 5, '', 1, NULL, 'ESP-E31086', 'Assumed Positive', '8', 'm²', NULL, NULL, NULL, 'Good', '', 'Low', 'Confirmed', '2018-05-25 03:04:22', 'P4', NULL, 'Eaves Lining', '192', 'Ground Level', 'Non-Friable', 'Maintain in good condition. Remove under controlled conditions by a Class A/B asbestos contractor prior to renovations.', 'N', '', ''),
(454, 323, 'Administration Building', 1, NULL, NULL, 'Exterior - Western Area', 2, '', 1, NULL, 'Prensa-50300-034-005', 'Negative', '', 'm', NULL, NULL, NULL, '', '', '', '', '2018-05-17 05:58:44', '', NULL, 'Exspansion Joint', '', 'Ground Level', '', '', 'N', '', ''),
(455, 323, 'Administration Building', 1, NULL, NULL, 'Electrical Room', 5, '', 1, NULL, 'Prensa-50300-034-006', 'Negative', '', 'm', NULL, NULL, NULL, '', '', '', '', '2018-05-17 05:59:34', '', NULL, 'Infill Panels', '', 'Ground Level', '', '', 'N', '', ''),
(456, 323, 'Administration Building', 1, NULL, NULL, 'Exterior - South Western Side', 3, '', 1, NULL, 'Prensa-50300-034-007', 'Negative', '', 'm', NULL, NULL, NULL, '', '', '', '', '2018-05-17 06:00:18', '', NULL, 'Infill Panels', '', 'Ground Level', '', '', 'N', '', ''),
(457, 323, 'Administration Building', 1, NULL, NULL, 'Various Throughout', 3, '', 1, NULL, 'Prensa-50300-034-008', 'Negative', '', 'm', NULL, NULL, NULL, '', '', '', '', '2018-05-17 06:00:39', '', NULL, 'Window Infill Panels', '', 'Ground Level', '', '', 'N', '', ''),
(458, 323, 'Administration Building', 1, NULL, NULL, 'Exterior-Kitchen', 5, '', 1, NULL, 'Prensa-50300-034-010', 'Negative', '', 'm', NULL, NULL, NULL, '', '', '', '', '2018-05-17 06:00:58', '', NULL, 'Wall Lining', '', 'Ground Level', '', '', 'N', '', ''),
(459, 323, 'Administration Building', 1, NULL, NULL, 'Exterior - Kitchen Porch', 5, '', 1, NULL, 'Prensa-50300-034-013', 'Negative', '', 'm', NULL, NULL, NULL, '', '', '', '', '2018-05-17 06:01:15', '', NULL, 'Ceiling Lining', '', 'Ground Level', '', '', 'N', '', ''),
(460, 323, 'Administration Building', 1, NULL, NULL, 'Office Area - Throughout', 17, '', 1, NULL, 'Prensa-50300-034-001', 'Negative', '', 'm', NULL, NULL, NULL, '', '', '', '', '2018-05-17 06:01:33', '', NULL, 'Cream Colour - Vinyl Floor Tiles', '', 'Ground Level', '', '', 'N', '', ''),
(461, 323, 'Administration Building', 1, NULL, NULL, 'Kitchen', 16, '', 1, NULL, 'ESP-E31083', 'Negative', '', 'm', NULL, NULL, NULL, '', '', '', '', '2018-05-17 06:01:59', '', NULL, 'Green', '', 'Ground Level', '', '', 'N', '', ''),
(462, 323, 'Administration Building', 1, NULL, NULL, 'Electrical Room', 5, '', 1, NULL, 'Prensa-50300-034-002', 'Negative', '', 'm', NULL, NULL, NULL, '', '', '', '', '2018-05-17 06:02:16', '', NULL, 'Infill Panels', '', 'Ground Level', '', '', 'N', '', ''),
(463, 323, 'Administration Building', 1, NULL, NULL, 'Basement', 5, '', 1, NULL, 'E31085', 'Negative', '', 'm', NULL, NULL, NULL, '', '', '', '', '2018-05-15 22:06:48', '', NULL, 'Ceiling Lining', '', 'Ground Level', '', '', 'Y', '', ''),
(464, 323, 'Administration Building', 1, NULL, NULL, 'Basement - Southern Wall', 5, '', 1, NULL, '50300-034-003', 'Negative', '', 'm', NULL, NULL, NULL, '', '', '', '', '2018-05-15 22:06:16', '', NULL, 'Infill Panels', '', 'Ground Level', '', '', 'Y', '', ''),
(465, 323, 'Administration Building', 1, NULL, NULL, 'Doorway', 5, '', 1, NULL, 'Prensa-50300-034-004', 'Negative', '', 'm', NULL, NULL, NULL, '', '', '', '', '2018-05-17 06:02:32', '', NULL, 'Infill Panels', '', 'Basement', '', '', 'N', '', ''),
(466, 324, 'Lunch Room', 1, NULL, NULL, 'Throughout', 0, 'Fluorescent Light Fittings', 4, NULL, '', 'Suspected Negative', '', 'm', NULL, NULL, NULL, '', '', '', '', '2018-05-15 06:51:59', '', NULL, 'Capacitor', '', 'Interior', '', 'Maintain in good condition. Remove or overpaint painted surfaces under controlled conditions prior to renovations.', 'N', '', ''),
(467, 324, 'Lunch Room', 1, NULL, NULL, 'Throughout', 0, 'No asbestos materials identified ', 1, NULL, '', '', '', 'm', NULL, NULL, NULL, '', '', '', '', '2018-05-15 06:52:40', '', NULL, '', '', 'Interior & Exterior ', '', '', 'N', '', ''),
(468, 324, 'Site Office ', 1, NULL, NULL, 'Throughout', 0, 'Fluorescent Light Fittings', 4, NULL, '', 'Suspected Negative', '', 'm', NULL, NULL, NULL, '', '', '', '', '2018-05-15 06:57:28', '', NULL, 'Capacitor', '', 'Interior ', '', 'Maintain in good condition. Remove or overpaint painted surfaces under controlled conditions prior to renovations.', 'N', '', ''),
(469, 324, 'Site Office ', 1, NULL, NULL, 'Throughout', 0, 'No asbestos materials identified ', 1, NULL, '', '', '', 'm', NULL, NULL, NULL, '', '', '', '', '2018-05-15 06:58:04', '', NULL, '', '', 'Interior & Exterior ', '', '', 'N', '', ''),
(470, 324, 'Roller Door Storage x 4', 1, NULL, NULL, 'West Side', 4, '', 1, NULL, 'Not Sampled - Newer Appearance', 'Suspected Negative', '', 'm', NULL, NULL, NULL, '', '', '', '', '2018-05-15 06:59:14', '', NULL, 'Electrical Panel ', '', 'Exterior', '', '', 'N', '', ''),
(471, 324, 'Roller Door Storage x 4', 1, NULL, NULL, 'Throughout', 0, 'Fluorescent Light Fittings', 4, NULL, '', 'Suspected Negative', '', 'm', NULL, NULL, NULL, '', '', '', '', '2018-05-15 06:59:46', '', NULL, 'Capacitor', '', 'Interior', '', 'Maintain in good condition. Remove or overpaint painted surfaces under controlled conditions prior to renovations.', 'N', '', ''),
(472, 323, 'Administration Building', 1, NULL, NULL, 'Storage Room', 5, '', 1, NULL, 'ESP-E31085', 'Negative', '', 'm', NULL, NULL, NULL, '', '', '', '', '2018-05-17 06:02:58', '', NULL, 'Ceiling Lining', '', 'Basement', '', '', 'N', '', ''),
(473, 323, 'Administration Building', 1, NULL, NULL, 'Storage Room', 5, '', 1, NULL, 'Prensa-50300-034-003', 'Negative', '', 'm', NULL, NULL, NULL, '', '', '', '', '2018-05-17 06:03:18', '', NULL, 'Inspection Riser - Infill Panel', '', 'Basement', '', '', 'N', '', ''),
(474, 323, 'Laboratory', 1, NULL, NULL, 'Exterior - South Side', 5, '', 1, NULL, 'ESP-E31104', 'Negative', '', 'm', NULL, NULL, NULL, '', '', '', '', '2018-05-17 06:09:54', '', NULL, 'Hot Water Unit - Enclosure', '', 'Ground Level', '', '', 'N', '', ''),
(475, 323, 'Laboratory', 1, NULL, NULL, 'Exterior - Various Throughout', 5, '', 1, NULL, 'ESP-E31105', 'Positive', '12', 'm²', NULL, NULL, NULL, 'Good', '', 'Low', 'Confirmed', '2018-05-25 03:09:27', 'P4', NULL, 'Eaves Lining', '193', 'Ground Level', 'Non-Friable', 'Maintain in good condition. Remove under controlled conditions by a Class A/B asbestos contractor prior to renovations.', 'N', '', ''),
(476, 323, 'Laboratory', 1, NULL, NULL, 'Exterior - Eastern Porch', 5, '', 1, NULL, 'Same As ESP-E31105', 'Assumed Positive', '8', 'm²', NULL, NULL, NULL, 'Good', '', 'Low', 'Confirmed', '2018-05-25 03:09:51', 'P4', NULL, 'Ceiling Lining', '194', 'Ground Level', 'Non-Friable', 'Maintain in good condition. Remove under controlled conditions by a Class A/B asbestos contractor prior to renovations.', 'N', '', ''),
(477, 323, 'Laboratory', 1, NULL, NULL, 'All Rooms - Throughout', 16, '', 1, NULL, 'ESP-E31100', 'Negative', '', 'm', NULL, NULL, NULL, '', '', '', '', '2018-05-17 06:11:51', '', NULL, 'Light Grey', '', 'Ground Level', '', '', 'N', '', ''),
(478, 323, 'Laboratory', 1, NULL, NULL, 'Laboratory Ovens', 12, '', 1, NULL, 'Prensa-50300-034-014', 'Positive', '4', 'unit(s)', NULL, NULL, NULL, 'Good', '', 'Low', 'Confirmed', '2018-05-17 06:12:18', 'P3', NULL, 'Oven Internal Insulation', '195', 'Ground Level', 'Friable', 'Maintain in good condition. Remove under controlled conditions by a Class A asbestos contractor prior to renovations.', 'N', '', ''),
(479, 323, 'Laboratory', 1, NULL, NULL, 'Interior - Throughout', 16, '', 1, NULL, 'ESP-E31103', 'Negative', '', 'm', NULL, NULL, NULL, '', '', '', '', '2018-05-17 06:12:40', '', NULL, 'Benchtops', '', 'Ground Level', '', '', 'N', '', ''),
(480, 323, 'Laboratory', 1, NULL, NULL, 'Locker Room & Toilet', 16, '', 1, NULL, 'ESP-E31102', 'Negative', '', 'm', NULL, NULL, NULL, '', '', '', '', '2018-05-17 06:13:09', '', NULL, 'Floor Covering', '', 'Ground Level', '', '', 'N', '', ''),
(481, 323, 'Laboratory', 1, NULL, NULL, 'Locker Room', 5, '', 1, NULL, 'ESP-E31101', 'Positive', '40', 'm²', NULL, NULL, NULL, 'Good', '', 'Low', 'Confirmed', '2018-05-25 03:10:28', 'P4', NULL, 'Wall Lining', '196', 'Ground Level', 'Non-Friable', 'Maintain in good condition. Remove under controlled conditions by a Class A/B asbestos contractor prior to renovations.', 'N', '', ''),
(482, 323, 'Laboratory', 1, NULL, NULL, 'Locker Room', 5, '', 1, NULL, 'Same As ESP-E31101', 'Assumed Positive', '14', 'm²', NULL, NULL, NULL, 'Good', '', 'Low', 'Confirmed', '2018-05-25 03:10:49', 'P4', NULL, 'Ceiling Lining', '197', 'Ground Level', 'Non-Friable', 'Maintain in good condition. Remove under controlled conditions by a Class A/B asbestos contractor prior to renovations.', 'N', '', ''),
(483, 323, 'Laboratory', 1, NULL, NULL, 'Toilet', 5, '', 1, NULL, 'Prensa-50300-034-015', 'Positive', '10', 'm²', NULL, NULL, NULL, 'Good', 'Low', 'Low', 'Confirmed', '2018-05-25 03:11:14', 'P4', NULL, 'Wall Lining', '198', 'Ground Level', 'Non-Friable', 'Maintain in good condition. Remove under controlled conditions by a Class A/B asbestos contractor prior to renovations.', 'N', '', ''),
(484, 323, 'Laboratory', 1, NULL, NULL, 'Toilet', 5, '', 1, NULL, 'Prensa-50300-034-016', 'Positive', '4', 'm²', NULL, NULL, NULL, 'Good', '', 'Low', 'Confirmed', '2018-05-25 03:11:42', 'P4', NULL, 'Ceiling Lining', '199', 'Ground Level', 'Non-Friable', 'Maintain in good condition. Remove under controlled conditions by a Class A/B asbestos contractor prior to renovations.', 'N', '', ''),
(485, 323, 'Laboratory', 1, NULL, NULL, 'Store, Concrete Cure Lab & Toilet', 5, '', 1, NULL, 'Prensa-50300-034-017', 'Positive', '100', 'm²', NULL, NULL, NULL, 'Good', '', 'Low', 'Confirmed', '2018-05-25 03:12:02', 'P4', NULL, 'Wall Lining', '200', 'Ground Level', 'Non-Friable', 'Maintain in good condition. Remove under controlled conditions by a Class A/B asbestos contractor prior to renovations.', 'N', '', ''),
(486, 323, 'Laboratory', 1, NULL, NULL, 'Technicians Office', 5, '', 1, NULL, 'Prensa-50300-034-018', 'Negative', '', 'm', NULL, NULL, NULL, '', '', '', '', '2018-05-17 06:16:28', '', NULL, 'Wall Lining', '', 'Ground Level', '', '', 'N', '', ''),
(487, 323, 'Amenities', 1, NULL, NULL, 'Locker Room', 17, '', 1, NULL, 'ESP-E31092', 'Negative', '', 'm', NULL, NULL, NULL, '', '', '', '', '2018-05-17 06:03:40', '', NULL, 'Light Brown', '', 'Ground Level', '', '', 'N', '', ''),
(488, 323, 'Amenities', 1, NULL, NULL, 'Showers', 5, '', 1, NULL, 'ESP-E31093', 'Negative', '', 'm', NULL, NULL, NULL, '', '', '', '', '2018-05-17 06:04:02', '', NULL, 'Access Hatch', '', 'Ground Level', '', '', 'N', '', ''),
(489, 323, 'General Store', 1, NULL, NULL, 'Office/Kitchenette', 5, '', 1, NULL, 'ESP-E31096', 'Positive', '1', 'm²', NULL, NULL, NULL, 'Good', '', 'Low', 'Confirmed', '2018-05-25 03:07:13', 'P4', NULL, 'Sink Splashback', '201', 'Ground Level', 'Non-Friable', 'Maintain in good condition. Remove under controlled conditions by a Class A/B asbestos contractor prior to renovations.', 'N', '', ''),
(490, 323, 'General Store', 1, NULL, NULL, 'Toilets', 5, '', 1, NULL, 'Same As ESP-E31096', 'Assumed Positive', '26', 'm²', NULL, NULL, NULL, 'Good', '', 'Low', 'Confirmed', '2018-05-25 03:07:53', 'P4', NULL, 'Wall Lining', '202', 'Ground Level', 'Non-Friable', 'Maintain in good condition. Remove under controlled conditions by a Class A/B asbestos contractor prior to renovations.', 'N', '', ''),
(491, 323, 'General Store', 1, NULL, NULL, 'Office/Kitchenette', 17, '', 1, NULL, 'ESP-E31084', 'Negative', '', 'm', NULL, NULL, NULL, '', '', '', '', '2018-05-17 06:06:50', '', NULL, 'Floor Covering', '', 'Ground Level', '', '', 'N', '', ''),
(492, 323, 'General Store', 1, NULL, NULL, 'Hallway ', 5, '', 1, NULL, 'Prensa-50300-034-021', 'Negative', '', 'm', NULL, NULL, NULL, '', '', '', '', '2018-05-17 06:07:22', '', NULL, 'Wall & Ceiling Lining', '', 'Ground Level', '', '', 'N', '', ''),
(493, 323, 'General Store', 1, NULL, NULL, 'Main Store', 5, '', 1, NULL, 'Prensa-50300-034-022', 'Negative', '', 'm', NULL, NULL, NULL, '', '', '', '', '2018-05-17 06:07:55', '', NULL, 'Ceiling Lining', '', 'Ground Level', '', '', 'N', '', ''),
(494, 323, 'General Store', 1, NULL, NULL, 'Main Store', 5, '', 1, NULL, 'Prensa-50300-034-023', 'Negative', '', 'm', NULL, NULL, NULL, '', '', '', '', '2018-05-17 06:08:21', '', NULL, 'Wall Lining', '', 'Ground Level', '', '', 'N', '', ''),
(495, 323, 'General Store', 1, NULL, NULL, 'Conference Room', 5, '', 1, NULL, 'ESP-E31096', 'Positive', '110', 'm²', NULL, NULL, NULL, 'Good', '', 'Low', 'Confirmed', '2018-05-25 03:08:17', 'P4', NULL, 'Wall Lining', '203', 'Ground Level', 'Non-Friable', 'Maintain in good condition. Remove under controlled conditions by a Class A/B asbestos contractor prior to renovations.', 'N', '', ''),
(496, 323, 'General Store', 1, NULL, NULL, 'conference Room', 5, '', 1, NULL, 'ESP-E31097', 'Positive', '80', 'm²', NULL, NULL, NULL, 'Good', '', 'Low', 'Confirmed', '2018-05-25 03:08:49', 'P4', NULL, 'Ceiling Lining', '204', 'Ground Level', 'Non-Friable', 'Maintain in good condition. Remove under controlled conditions by a Class A/B asbestos contractor prior to renovations.', 'N', '', ''),
(497, 323, 'Fleet Workshop', 1, NULL, NULL, 'First Aid Room', 2, '', 1, NULL, 'ESP-E31089', 'Negative', '', 'm', NULL, NULL, NULL, '', '', '', '', '2018-05-17 06:04:45', '', NULL, 'Floor Covering', '', 'Ground Level', '', '', 'N', '', ''),
(498, 323, 'Fleet Workshop', 1, NULL, NULL, 'Main Workshop', 12, '', 1, NULL, 'Not Sampled - Internal Insulation', 'Suspected Positive', '1', 'unit(s)', NULL, NULL, NULL, 'Good', 'Low', 'Low', 'Not Labelle', '2018-05-17 05:22:08', 'P3', NULL, 'Waste Oil Heater - Insulation', '205', 'Ground Level', 'Friable', 'Maintain in good condition. Remove under controlled conditions by a Class A asbestos contractor prior to renovations.', 'N', '<p>Not labelled due to high temporature degrading stickers.</p>', '<p>Not labelled due to high temporature degrading '),
(499, 323, 'Fleet Workshop', 1, NULL, NULL, 'Office', 16, '', 1, NULL, 'ESP-E31090', 'Negative', '', 'm', NULL, NULL, NULL, '', '', '', '', '2018-05-17 06:05:15', '', NULL, 'Grey', '', 'Ground Level', '', '', 'N', '', ''),
(500, 323, 'Temporary Lab Storage Shed', 1, NULL, NULL, 'Storage Shed', 17, '', 1, NULL, 'Prensa-50300-034-024', 'Negative', '', 'm', NULL, NULL, NULL, '', '', '', '', '2018-05-17 06:16:47', '', NULL, 'Cream Colour - Vinyl Floor Tiles', '', 'Ground Level', '', '', 'N', '', ''),
(501, 324, 'Sign Store x 2', 1, NULL, NULL, '', 0, 'No hazardous materials identified ', 0, NULL, '', '', '', 'm', NULL, NULL, NULL, '', '', '', '', '2018-05-16 05:07:09', '', NULL, '', '', 'Interior & Exterior ', '', '', 'N', '', ''),
(502, 324, 'Flammable Gas Storage Cage', 1, NULL, NULL, '', 0, 'No hazardous materials identified ', 0, NULL, '', '', '', 'm', NULL, NULL, NULL, '', '', '', '', '2018-05-16 05:07:36', '', NULL, '', '', 'Interior & Exterior ', '', '', 'N', '', ''),
(503, 324, 'Various Shipping Containers', 1, NULL, NULL, '', 0, 'No hazardous materials identified ', 0, NULL, '', '', '', 'm', NULL, NULL, NULL, '', '', '', '', '2018-05-16 05:07:53', '', NULL, '', '', 'Interior & Exterior ', '', '', 'N', '', ''),
(504, 324, 'Small Sign Hut', 1, NULL, NULL, 'Throughout ', 17, '', 1, NULL, 'Prensa 50300-107-002', 'Positive', '6', 'm', NULL, NULL, NULL, 'Poor', 'Medium', 'Medium', 'Yes', '2018-05-21 04:14:34', 'P2', NULL, 'Floor Covering ', '279', 'Interior ', 'Non-Friable', 'Engage a Class A/B asbestos contractor to clean up or remove the material as soon as practicable [less than 3 months].', 'N', '', ''),
(505, 324, 'Equipment Store ', 1, NULL, NULL, 'Throughout', 0, 'No hazardous materials identified ', 0, NULL, '', '', '', 'm', NULL, NULL, NULL, '', '', '', '', '2018-05-16 05:17:12', '', NULL, '', '', 'Interior & Exterior ', '', '', 'N', '', ''),
(506, 324, 'Flammable Liquids Store', 1, NULL, NULL, 'Throughout', 0, 'No hazardous materials identified ', 0, NULL, '', '', '', 'm', NULL, NULL, NULL, '', '', '', '', '2018-05-16 05:18:10', '', NULL, '', '', 'Interior & Exterior ', '', '', 'N', '', ''),
(507, 324, 'Survey Sheds x 5', 1, NULL, NULL, 'Throughout ', 0, 'No hazardous materials identified ', 0, NULL, '', '', '', 'm', NULL, NULL, NULL, '', '', '', '', '2018-05-16 05:18:43', '', NULL, '', '', 'Interior & Exterior ', '', '', 'N', '', ''),
(508, 324, 'Soil Lab', 1, NULL, NULL, 'Throughout', 0, 'No hazardous materials identified ', 0, NULL, '', '', '', 'm', NULL, NULL, NULL, '', '', '', '', '2018-05-16 05:19:06', '', NULL, '', '', 'Interior & Exterior ', '', '', 'N', '', ''),
(509, 324, 'Toilet/Conference Building', 1, NULL, NULL, 'Porch', 5, '', 1, NULL, 'ESP E31009', 'Positive', '4', 'm²', NULL, NULL, NULL, 'Good', 'Low', 'Low', 'Yes', '2018-05-17 07:58:51', 'P4', NULL, 'Ceiling', '', 'Exterior ', 'Non-Friable', 'Maintain in good condition. Remove under controlled conditions by a Class A/B asbestos contractor prior to renovations.', 'N', '', ''),
(510, 324, 'Toilet/Conference Building', 1, NULL, NULL, 'Throughout ', 5, '', 1, NULL, 'Same as ESP E31009', 'Assumed Positive', '50', 'm²', NULL, NULL, NULL, 'Good', 'Low', 'Low', 'Yes', '2018-05-17 07:58:51', 'P4', NULL, 'Eaves', '', 'Exterior ', 'Non-Friable', 'Maintain in good condition. Remove under controlled conditions by a Class A/B asbestos contractor prior to renovations.', 'N', '', ''),
(511, 324, 'Toilet/Conference Building', 1, NULL, NULL, 'Porch', 4, '', 1, NULL, 'Not Sampled - Newer Appearance', 'Suspected Negative', '', 'm', NULL, NULL, NULL, '', '', '', '', '2018-05-16 05:26:07', '', NULL, 'Electrical Panel ', '', 'Exterior ', '', '', 'N', '', ''),
(512, 323, 'Administration Building', 1, NULL, NULL, 'Interior - Electrical Room', 20, '', 2, NULL, '', 'Suspected Positive', '6', 'm²', NULL, NULL, NULL, 'Good', '', '', '', '2018-05-16 22:57:35', '', NULL, 'Sarking Insulation', '206', 'Ground Level', 'Non-Friable', 'Maintain in good condition. Remove under controlled conditions prior to renovations.', 'N', '', ''),
(513, 323, 'Administration Building', 1, NULL, NULL, 'Office Area - Throughout', 20, '', 2, NULL, '', 'Suspected Positive', '300', 'm²', NULL, NULL, NULL, 'Good', '', '', '', '2018-05-16 22:59:37', '', NULL, 'Compressed Ceiling Tiles', '207', 'Ground Level', 'Non-Friable', 'Maintain in good condition. Remove under controlled conditions prior to renovations.', 'N', '', ''),
(514, 323, 'Administration Building', 1, NULL, NULL, 'Reception Storage Room', 20, '', 2, NULL, '', 'Suspected Positive', '2', 'unit(s)', NULL, NULL, NULL, 'Good', '', '', '', '2018-05-16 23:01:39', '', NULL, 'Stored Ceiling Tiles', '208', 'Ground Level', 'Non-Friable', 'Maintain in good condition. Remove under controlled conditions prior to renovations.', 'N', '', ''),
(515, 323, 'Administration Building', 1, NULL, NULL, 'Interior - External Walls', 20, '', 2, NULL, '', 'Suspected Positive', '600', 'm²', NULL, NULL, NULL, 'Good', '', '', '', '2018-05-16 23:08:59', '', NULL, 'Wall Insulation', '209', 'Ground Level', 'Non-Friable', 'Maintain in good condition. Remove under controlled conditions prior to renovations.', 'N', '', ''),
(516, 323, 'Administration Building', 1, NULL, NULL, 'Interior - Roof Space', 20, '', 2, NULL, '', 'Suspected Positive', '400', 'm²', NULL, NULL, NULL, 'Good', '', '', '', '2018-05-25 03:03:39', '', NULL, 'Insulation Batts', '210', 'Ground Level', 'Non-Friable', 'Maintain in good condition. Remove under controlled conditions prior to renovations.', 'N', '', ''),
(517, 323, 'Administration Building', 1, NULL, NULL, 'Office Area - Throughout', 20, '', 2, NULL, '', 'Suspected Positive', '200', 'm', NULL, NULL, NULL, 'Good', '', '', '', '2018-05-16 23:16:45', '', NULL, 'Flexible A/C Ductwork', '211', 'Ground Level', 'Non-Friable', 'Maintain in good condition. Remove under controlled conditions prior to renovations.', 'N', '', ''),
(518, 323, 'Administration Building', 1, NULL, NULL, 'Office Area - Throughout', 20, '', 2, NULL, '', 'Suspected Positive', '100', 'm', NULL, NULL, NULL, 'Good', '', '', '', '2018-05-16 23:29:56', '', NULL, 'Fixed A/C Ductwork', '212', 'Ground Level', 'Non-Friable', 'Maintain in good condition. Remove under controlled conditions prior to renovations.', 'N', '', ''),
(519, 323, 'Administration Building', 1, NULL, NULL, 'Kitchen - Above Sink', 20, '', 2, NULL, '', 'Suspected Positive', '1', 'unit(s)', NULL, NULL, NULL, 'Good', '', '', '', '2018-05-16 23:32:50', '', NULL, 'Hot Water Unit', '213', 'Ground Level', 'Non-Friable', 'Maintain in good condition. Remove under controlled conditions prior to renovations.', 'N', '', ''),
(520, 323, 'Administration Building', 1, NULL, NULL, 'Storage Room', 20, '', 2, NULL, '', 'Suspected Positive', '1', 'unit(s)', NULL, NULL, NULL, 'Good', '', '', '', '2018-05-16 23:34:17', '', NULL, 'Hot Water Unit', '214', 'Basement', 'Non-Friable', 'Maintain in good condition. Remove under controlled conditions prior to renovations.', 'N', '', ''),
(521, 323, 'Laboratory', 1, NULL, NULL, 'Exterior - South Side', 20, '', 2, NULL, '', 'Suspected Positive', '1', 'unit(s)', NULL, NULL, NULL, 'Good', '', '', '', '2018-05-16 23:36:38', '', NULL, 'Hot Water Unit', '215', 'Ground Level', 'Non-Friable', 'Maintain in good condition. Remove under controlled conditions prior to renovations.', 'N', '', ''),
(522, 323, 'Laboratory', 1, NULL, NULL, 'Exterior - Sub Floor', 20, '', 2, NULL, '', 'Suspected Positive', '200', 'm²', NULL, NULL, NULL, 'Good', '', '', '', '2018-05-16 23:39:12', '', NULL, 'Floor Insulation', '216', 'Ground Level', 'Non-Friable', 'Maintain in good condition. Remove under controlled conditions prior to renovations.', 'N', '', '');
INSERT INTO `tbl_items` (`itemID`, `siteID`, `buildingName`, `clientID`, `item_no`, `item_name`, `room_specific`, `materialID`, `materialOther`, `hazard_type`, `samples_taken`, `sample_no`, `sample_status`, `extent`, `extent_mesurement`, `contact`, `contact_number`, `recommendations`, `item_condition`, `disturb_potential`, `risk_rating`, `current_label`, `date_updated`, `control_priority`, `work_records`, `description`, `photo_no`, `location_level`, `friability`, `control_recommendation`, `hide`, `work_action`, `item_status`) VALUES
(523, 323, 'Laboratory', 1, NULL, NULL, 'Main Lab', 20, '', 2, NULL, '', 'Suspected Positive', '1', 'unit(s)', NULL, NULL, NULL, 'Good', '', '', '', '2018-05-16 23:58:23', '', NULL, 'Water Cooler', '217', 'Ground Level', 'Non-Friable', 'Maintain in good condition. Remove under controlled conditions prior to renovations.', 'N', '', ''),
(524, 323, 'Laboratory', 1, NULL, NULL, 'Large Toilet', 20, '', 2, NULL, '', 'Suspected Positive', '1', 'unit(s)', NULL, NULL, NULL, 'Good', '', '', '', '2018-05-17 00:00:10', '', NULL, 'Hot Water Unit', '218', 'Ground Level', 'Non-Friable', 'Maintain in good condition. Remove under controlled conditions prior to renovations.', 'N', '', ''),
(525, 323, 'Laboratory', 1, NULL, NULL, 'Ceiling Throughout', 20, '', 2, NULL, '', 'Suspected Positive', '250', 'm²', NULL, NULL, NULL, 'Good', '', '', '', '2018-05-17 00:02:10', '', NULL, 'Compressed Ceiling Tiles', '219', 'Ground Level', 'Non-Friable', 'Maintain in good condition. Remove under controlled conditions prior to renovations.', 'N', '', ''),
(526, 323, 'Laboratory', 1, NULL, NULL, 'Ceiling Space', 20, '', 2, NULL, '', 'Suspected Positive', '250', 'm²', NULL, NULL, NULL, 'Good', '', '', '', '2018-05-17 00:05:17', '', NULL, 'Insulation Batts', '220', 'Ground Level', 'Non-Friable', 'Maintain in good condition. Remove under controlled conditions prior to renovations.', 'N', '', ''),
(527, 323, 'Amenities', 1, NULL, NULL, 'Toilets', 20, '', 2, NULL, '', 'Suspected Positive', '1', 'unit(s)', NULL, NULL, NULL, 'Good', '', '', '', '2018-05-17 00:07:41', '', NULL, 'Hot Water Unit', '221', 'Ground Level', 'Non-Friable', 'Maintain in good condition. Remove under controlled conditions prior to renovations.', 'N', '', ''),
(528, 323, 'Amenities', 1, NULL, NULL, 'Roof Space', 20, '', 2, NULL, '', 'Suspected Positive', '250', 'm²', NULL, NULL, NULL, 'Good', '', '', '', '2018-05-25 03:06:34', '', NULL, 'Sarking Insulation', '222', 'Ground Level', 'Non-Friable', 'Maintain in good condition. Remove under controlled conditions prior to renovations.', 'N', '', ''),
(529, 323, 'Amenities', 1, NULL, NULL, 'Staff Meal Room', 20, '', 2, NULL, '', 'Suspected Positive', '1', 'unit(s)', NULL, NULL, NULL, 'Good', '', '', '', '2018-05-17 00:49:56', '', NULL, 'Hot Water Unit', '223', 'Ground Level', 'Non-Friable', 'Maintain in good condition. Remove under controlled conditions prior to renovations.', 'N', '', ''),
(530, 323, 'General Store', 1, NULL, NULL, 'Office/Kitchenette', 20, '', 2, NULL, '', 'Suspected Positive', '1', 'unit(s)', NULL, NULL, NULL, 'Good', '', '', '', '2018-05-17 00:53:05', '', NULL, 'Hot Water Unit', '224', 'Ground Level', 'Non-Friable', 'Maintain in good condition. Remove under controlled conditions prior to renovations.', 'N', '', ''),
(531, 323, 'General Store', 1, NULL, NULL, 'Throughout', 20, '', 2, NULL, '', 'Suspected Positive', '500', 'm²', NULL, NULL, NULL, 'Good', '', '', '', '2018-05-17 00:55:02', '', NULL, 'Sarking Insulation', '225', 'Ground Level', 'Non-Friable', 'Maintain in good condition. Remove under controlled conditions prior to renovations.', 'N', '', ''),
(532, 323, 'Fleet Workshop', 1, NULL, NULL, 'Throughout', 20, '', 2, NULL, '', 'Suspected Positive', '600', 'm²', NULL, NULL, NULL, 'Good', '', '', '', '2018-05-17 01:00:26', '', NULL, 'Sarking Insulation', '226', 'Ground Level', 'Non-Friable', 'Maintain in good condition. Remove under controlled conditions prior to renovations.', 'N', '', ''),
(533, 323, 'Fleet Workshop', 1, NULL, NULL, 'Adjacent Workshop Office', 20, '', 2, NULL, '', 'Suspected Positive', '1', 'unit(s)', NULL, NULL, NULL, 'Good', '', '', '', '2018-05-17 01:02:45', '', NULL, 'Hot Water Unit', '227', 'Ground Level', 'Non-Friable', 'Maintain in good condition. Remove under controlled conditions prior to renovations.', 'N', '', ''),
(534, 323, 'Fleet Workshop', 1, NULL, NULL, 'Switch Room', 20, '', 2, NULL, '', 'Suspected Positive', '18', 'm²', NULL, NULL, NULL, 'Good', '', '', '', '2018-05-17 01:07:40', '', NULL, 'Wall Insulation', '228', 'Ground Level', 'Non-Friable', 'Maintain in good condition. Remove under controlled conditions prior to renovations.', 'N', '', ''),
(535, 323, 'Fleet Workshop', 1, NULL, NULL, 'Switch Room', 20, '', 2, NULL, '', 'Suspected Positive', '4', 'm²', NULL, NULL, NULL, 'Good', '', '', '', '2018-05-17 01:10:32', '', NULL, 'Sarking Insulation', '229', 'Ground Level', 'Non-Friable', 'Maintain in good condition. Remove under controlled conditions prior to renovations.', 'N', '', ''),
(536, 323, 'Accomodation Sheds', 1, NULL, NULL, 'Throughout', 20, '', 2, NULL, '', 'Suspected Positive', '400', 'm²', NULL, NULL, NULL, 'Good', '', '', '', '2018-05-17 02:42:18', '', NULL, 'Sarking Insulation', '230', 'Ground Level', 'Non-Friable', 'Maintain in good condition. Remove under controlled conditions prior to renovations.', 'N', '', ''),
(537, 323, 'Accomodation Sheds', 1, NULL, NULL, 'North & South End Sheds', 20, '', 2, NULL, '', 'Suspected Positive', '100', 'm²', NULL, NULL, NULL, 'Good', '', '', '', '2018-05-17 02:45:18', '', NULL, 'Wall Insulation', '231', 'Ground Level', 'Non-Friable', 'Maintain in good condition. Remove under controlled conditions prior to renovations.', 'N', '', ''),
(538, 323, 'Administration Building', 1, NULL, NULL, 'Various Throughout', 22, '', 4, NULL, '', 'Assumed Negative', '', 'm', NULL, NULL, NULL, '', '', '', '', '2018-05-17 02:48:14', '', NULL, 'Fluorescent Light Fittings', '', 'Ground Level', '', 'New Style Light Fittings', 'N', '', ''),
(539, 323, 'Amenities', 1, NULL, NULL, 'Various Throughout', 22, '', 4, NULL, '', 'Suspected Positive', '6', 'unit(s)', NULL, NULL, NULL, 'Good', '', '', '', '2018-05-17 02:51:11', '', NULL, 'Fluorescent Light Fittings', '232', 'Ground Level', '', 'Maintain in good condition. Remove or overpaint painted surfaces under controlled conditions prior to renovations.', 'N', '', ''),
(540, 323, 'Laboratory', 1, NULL, NULL, 'Various Throughout', 22, '', 4, NULL, '', 'Suspected Positive', '41', 'unit(s)', NULL, NULL, NULL, 'Good', '', '', '', '2018-05-17 02:53:57', '', NULL, 'Fluorescent Light Fittings', '233', 'Ground Level', '', 'Maintain in good condition. Remove under controlled conditions prior to renovations.', 'N', '', ''),
(541, 323, 'General Store', 1, NULL, NULL, 'Various Throughout', 22, '', 4, NULL, '', 'Suspected Positive', '38', 'unit(s)', NULL, NULL, NULL, '', '', '', '', '2018-05-17 02:56:33', '', NULL, 'Fluorescent Light Fittings', '234', 'Ground Level', '', 'Maintain in good condition. Remove or overpaint painted surfaces under controlled conditions prior to renovations.', 'N', '', ''),
(542, 323, 'Fleet Workshop', 1, NULL, NULL, 'Various Throughout', 22, '', 4, NULL, '', 'Suspected Positive', '20', 'unit(s)', NULL, NULL, NULL, 'Good', '', '', '', '2018-05-17 02:59:30', '', NULL, 'Fluorescent Light Fittings', '235', 'Ground Level', '', 'Maintain in good condition. Remove or overpaint painted surfaces under controlled conditions prior to renovations.', 'N', '', ''),
(543, 323, 'Accomodation Sheds', 1, NULL, NULL, 'Various Throughout', 22, '', 4, NULL, '', 'Suspected Negative', '25', 'unit(s)', NULL, NULL, NULL, '', '', '', '', '2018-05-17 03:02:24', '', NULL, 'Fluorescent Light Fittings', '', 'Ground Level', '', 'Maintain in good condition. Remove or overpaint painted surfaces under controlled conditions prior to renovations.', 'N', '', ''),
(544, 323, 'Administration Building', 1, NULL, NULL, 'Electrical Room', 21, '', 3, NULL, 'Leadcheck', 'Negative', '', 'unit(s)', NULL, NULL, NULL, '', '', '', '', '2018-05-17 03:56:11', '', NULL, 'White Colour Paint Systems', '', 'Ground Level', '', 'Maintain in good condition. Remove or overpaint painted surfaces under controlled conditions prior to renovations.', 'N', '', ''),
(545, 323, 'Laboratory', 1, NULL, NULL, 'Exterior Window Frames', 21, '', 3, NULL, 'Leadcheck', 'Positive', '10', 'unit(s)', NULL, NULL, NULL, 'Fair', '', '', '', '2018-05-17 03:21:09', '', NULL, 'White Colour Paint Systems', '236', 'Ground Level', '', 'Maintain in good condition. Remove or overpaint painted surfaces under controlled conditions prior to renovations.', 'N', '', ''),
(546, 323, 'Fleet Workshop', 1, NULL, NULL, 'Door Frames', 21, '', 3, NULL, 'Leadcheck', 'Negative', '', 'm', NULL, NULL, NULL, '', '', '', '', '2018-05-17 03:23:20', '', NULL, 'Brown Colour Paint Systems', '', 'Ground Level', '', '', 'N', '', ''),
(547, 323, 'Fleet Workshop', 1, NULL, NULL, 'Crane', 21, '', 3, NULL, 'Leadcheck', 'Negative', '', 'm', NULL, NULL, NULL, '', '', '', '', '2018-05-17 03:25:10', '', NULL, 'Orange Colour Paint Systems', '', 'Ground Level', '', 'Maintain in good condition. Remove or overpaint painted surfaces under controlled conditions prior to renovations.', 'N', '', ''),
(548, 323, 'Gang Sheds X 11 Units', 1, NULL, NULL, 'Throughout', 0, 'None', 0, NULL, '', '', '', 'm', NULL, NULL, NULL, '', '', '', '', '2018-05-17 23:47:20', '', NULL, '', '', 'Ground Level', '', '', 'N', '<p>No hazardous materials identified during this 2018 re-assessment</p>', '<p>No hazardous materials identified during this 2'),
(549, 323, 'Oil Store', 1, NULL, NULL, 'Throughout', 0, 'None', 0, NULL, '', '', '', 'm', NULL, NULL, NULL, '', '', '', '', '2018-05-17 05:53:25', '', NULL, '', '', 'Ground Level', '', '', 'N', '<p>No hazardous materials identified during this 2018 re-assessment</p>', ''),
(550, 325, 'Motor Registry', 1, NULL, NULL, 'Plant Room', 12, '', 1, NULL, 'Not Sampled - Internal Insulation', 'Suspected Positive', '2', 'unit(s)', NULL, NULL, NULL, 'Good', '', 'Low', 'Suspected', '2018-05-18 00:06:48', 'P3', NULL, 'Air Conditioning Re-Heat Units', '237', 'Ground Level', 'Friable', 'Maintain in good condition. Remove under controlled conditions by a Class A asbestos contractor prior to renovations.', 'N', '', ''),
(551, 325, 'Motor Registry', 1, NULL, NULL, 'Plant Room', 4, '', 1, NULL, 'Prensa-50300-058-001', 'Positive', '1', 'unit(s)', NULL, NULL, NULL, 'Good', 'Low Accessibility', 'Low', 'Confirmed', '2018-05-18 00:09:46', 'P4', NULL, 'Bituminous Electrical Backing Board', '238', 'Ground Level', 'Non-Friable', 'Maintain in good condition. Remove under controlled conditions by a Class A/B asbestos contractor prior to renovations.', 'N', '', ''),
(552, 325, 'Motor Registry', 1, NULL, NULL, 'Plant Room', 5, '', 1, NULL, 'ESP-E30359', 'Assumed Positive', '', 'm', NULL, NULL, NULL, '', '', '', '', '2018-05-18 00:14:01', '', NULL, 'Ceiling Lining', '', 'Ground Level', '', '', 'N', '<p>Item Removed, no documentation sighted on removal clearence.</p>', ''),
(553, 325, 'Motor Registry', 1, NULL, NULL, 'Plant Room', 20, '', 2, NULL, '', 'Suspected Positive', '150', 'm²', NULL, NULL, NULL, 'Good', '', '', '', '2018-05-18 00:16:10', '', NULL, 'Ceiling Insulation', '239', 'Ground Level', 'Non-Friable', 'Maintain in good condition. Remove under controlled conditions prior to renovations.', 'N', '', ''),
(554, 325, 'Motor Registry', 1, NULL, NULL, 'Plant Room', 20, '', 2, NULL, '', 'Suspected Positive', '1', 'unit(s)', NULL, NULL, NULL, 'Good', '', '', '', '2018-05-18 00:18:44', '', NULL, 'Hot Water Unit', '240', 'Ground Level', 'Non-Friable', 'Maintain in good condition. Remove under controlled conditions prior to renovations.', 'N', '', ''),
(555, 325, 'Motor Registry', 1, NULL, NULL, 'Kitchen - Above Sink', 20, '', 2, NULL, '', 'Suspected Positive', '1', 'unit(s)', NULL, NULL, NULL, 'Good', '', '', '', '2018-05-18 00:19:48', '', NULL, 'Hot Water Unit', '241', 'Ground Level', 'Non-Friable', 'Maintain in good condition. Remove under controlled conditions prior to renovations.', 'N', '', ''),
(556, 326, 'Motor Registry', 1, NULL, NULL, 'Exterior - Rear of building', 18, '', 1, NULL, 'Prensa-50300-132-001', 'Positive', '4', 'unit(s)', NULL, NULL, NULL, 'Good', 'Low Accessibility', 'Low', 'Confirmed', '2018-05-18 00:31:12', 'P4', NULL, 'Window Beading', '242', 'Ground Level', 'Non-Friable', 'Maintain in good condition. Remove under controlled conditions by a Class A/B asbestos contractor prior to renovations.', 'N', '', ''),
(557, 326, 'Motor Registry', 1, NULL, NULL, 'Plant Room', 20, '', 2, NULL, '', 'Suspected Positive', '1', 'unit(s)', NULL, NULL, NULL, 'Good', '', '', '', '2018-05-18 00:33:01', '', NULL, 'Hot Water Unit', '243', 'Ground Level', 'Non-Friable', 'Maintain in good condition. Remove under controlled conditions prior to renovations.', 'N', '', ''),
(558, 327, 'Site Office/Amenities', 1, NULL, NULL, 'Amenities', 5, '', 1, NULL, 'Prensa-50300-225-002', 'Negative', '', 'm', NULL, NULL, NULL, '', '', '', '', '2018-05-18 01:25:35', '', NULL, 'Eaves Lining', '', 'Ground Level', '', '', 'N', '', ''),
(559, 327, 'Site Office/Amenities', 1, NULL, NULL, 'Amenities', 5, '', 1, NULL, 'Prensa-50300-255-003', 'Negative', '', 'm', NULL, NULL, NULL, '', '', '', '', '2018-05-18 01:28:35', '', NULL, 'Wall Cladding', '', 'Ground Level', '', '', 'N', '', ''),
(560, 327, 'Site Office/Amenities', 1, NULL, NULL, 'Amenities', 5, '', 1, NULL, 'Same As Prensa-50300-255-003', 'Assumed Negative', '', 'm', NULL, NULL, NULL, '', '', '', '', '2018-05-18 02:30:22', '', NULL, 'Pier Packing', '', 'Ground Level', '', '', 'N', '', ''),
(561, 327, 'Site Office/Amenities', 1, NULL, NULL, 'Amenities', 5, '', 1, NULL, 'Prensa-50300-255-001', 'Negative', '', 'm', NULL, NULL, NULL, '', '', '', '', '2018-05-18 01:31:55', '', NULL, 'Wall Lining', '', 'Ground Level', '', '', 'N', '', ''),
(562, 327, 'Bridge Services', 1, NULL, NULL, 'Small file store', 5, '', 1, NULL, 'Prensa-50300-255-004', 'Negative', '', 'm', NULL, NULL, NULL, '', '', '', '', '2018-05-18 01:35:14', '', NULL, 'Wall Lining', '', 'Ground Level', '', '', 'N', '', ''),
(563, 327, 'Bridge Services', 1, NULL, NULL, 'Small file store', 5, '', 1, NULL, 'Same As Prensa 50300-255-004', 'Suspected Negative', '', 'm', NULL, NULL, NULL, '', '', '', '', '2018-05-18 01:58:29', '', NULL, 'Ceiling Lining', '', 'Ground Level', '', '', 'N', '', ''),
(564, 327, 'Bridge Services', 1, NULL, NULL, 'Roof Insulation', 20, '', 2, NULL, '', 'Suspected Positive', '600', 'm', NULL, NULL, NULL, 'Good', '', '', '', '2018-05-18 02:33:10', '', NULL, 'Sarking Insulation', '244', 'Ground Level', 'Non-Friable', 'Maintain in good condition. Remove under controlled conditions prior to renovations.', 'N', '', ''),
(565, 327, 'Bridge Services Storage', 1, NULL, NULL, 'Roof Insulation', 20, '', 2, NULL, '', 'Suspected Positive', '600', 'm', NULL, NULL, NULL, 'Good', '', '', '', '2018-05-18 02:35:05', '', NULL, 'Sarking Insulation', '245', 'Ground Level', 'Non-Friable', 'Maintain in good condition. Remove under controlled conditions prior to renovations.', 'N', '', ''),
(566, 327, 'Maintenance Shed', 1, NULL, NULL, 'Throughout', 0, 'None', 0, NULL, '', '', '', 'm', NULL, NULL, NULL, '', '', '', '', '2018-05-18 01:45:48', '', NULL, '', '', 'Ground Level', '', '', 'N', '<p>No hazardous materials identified.</p>', ''),
(567, 327, 'Pallet Shed', 1, NULL, NULL, 'Throughout', 0, 'None', 0, NULL, '', '', '', 'm', NULL, NULL, NULL, '', '', '', '', '2018-05-18 01:47:21', '', NULL, '', '', 'Ground Level', '', '', 'N', '<p>No hazardous materials identified.</p>', ''),
(568, 327, 'Sign Shed', 1, NULL, NULL, 'Throughout', 0, 'None', 0, NULL, '', '', '', 'm', NULL, NULL, NULL, '', '', '', '', '2018-05-18 01:49:01', '', NULL, '', '', 'Ground Level', '', '', 'N', '<p>No hazardous materials identified.</p>', ''),
(569, 327, 'Laboratory', 1, NULL, NULL, 'Throughout', 20, '', 2, NULL, '', 'Suspected Positive', '300', 'm²', NULL, NULL, NULL, 'Good', '', '', '', '2018-05-18 01:53:14', '', NULL, 'Roof Insulation', '246', 'Ground Level', 'Non-Friable', 'Maintain in good condition. Remove under controlled conditions prior to renovations.', 'N', '', ''),
(570, 327, 'Laboratory', 1, NULL, NULL, 'Exterior - East', 20, '', 2, NULL, '', 'Suspected Positive', '1', 'unit(s)', NULL, NULL, NULL, 'Good', '', '', '', '2018-05-18 01:55:17', '', NULL, 'Hot Water Unit', '247', 'Ground Level', 'Non-Friable', 'Maintain in good condition. Remove under controlled conditions prior to renovations.', 'N', '', ''),
(571, 327, 'Site Office/Amenities', 1, NULL, NULL, 'Kitchen - Below Sink', 20, '', 2, NULL, '', 'Suspected Positive', '1', 'unit(s)', NULL, NULL, NULL, 'Good', '', '', '', '2018-05-18 01:56:54', '', NULL, 'Hot Water Unit', '248', 'Ground Level', 'Non-Friable', 'Maintain in good condition. Remove under controlled conditions prior to renovations.', 'N', '', ''),
(572, 328, 'Motor Registry', 1, NULL, NULL, 'Office Area', 12, '', 1, NULL, '', 'Suspected Positive', '2', 'unit(s)', NULL, NULL, NULL, 'Good', 'Low Accessibility', 'Low', 'Suspected', '2018-05-18 03:17:53', 'P3', NULL, 'Safe Insulation', '249', 'Ground Level', 'Friable', 'Maintain in good condition. Remove under controlled conditions by a Class A asbestos contractor prior to renovations.', 'N', '', ''),
(573, 328, 'Motor Registry', 1, NULL, NULL, 'Throughout', 20, '', 2, NULL, '', 'Suspected Positive', '150', 'm²', NULL, NULL, NULL, 'Good', '', '', '', '2018-05-18 03:28:49', '', NULL, 'Sarking Insulation', '250', 'Ground Level', 'Non-Friable', 'Maintain in good condition. Remove under controlled conditions prior to renovations.', 'N', '', ''),
(574, 328, 'Motor Registry', 1, NULL, NULL, 'Throughout', 20, '', 2, NULL, '', 'Suspected Positive', '150', 'm', NULL, NULL, NULL, '', '', '', '', '2018-05-18 03:30:41', '', NULL, 'Roof Insulation', '251', 'Ground Level', '', 'Maintain in good condition. Remove under controlled conditions prior to renovations.', 'N', '', ''),
(575, 328, 'Motor Registry', 1, NULL, NULL, 'Ceiling Space', 20, '', 2, NULL, '', 'Suspected Positive', '150', 'm²', NULL, NULL, NULL, 'Good', '', '', '', '2018-05-18 03:31:52', '', NULL, 'Insulation Batts', '252', 'Ground Level', 'Non-Friable', 'Maintain in good condition. Remove under controlled conditions prior to renovations.', 'N', '', ''),
(576, 329, 'Old Office Complex', 1, NULL, NULL, 'Western Toilets', 5, '', 1, NULL, 'Prensa-51212-001-01', 'Negative', '', 'm', NULL, NULL, NULL, '', '', '', '', '2018-05-18 04:01:16', '', NULL, 'Wall Lining', '', 'Ground Level', '', '', 'N', '', ''),
(577, 329, 'Old Office Complex', 1, NULL, NULL, 'Various Throughout', 16, '', 1, NULL, 'Prensa-51212-001-02', 'Negative', '', 'm', NULL, NULL, NULL, '', '', '', '', '2018-05-18 04:05:32', '', NULL, 'Cream Colour', '', 'Ground Level', '', '', 'N', '', ''),
(578, 329, 'Old Office Complex', 1, NULL, NULL, 'Kitchen - Below Sink', 20, '', 2, NULL, '', 'Suspected Positive', '1', 'unit(s)', NULL, NULL, NULL, 'Good', '', '', '', '2018-05-18 04:34:59', '', NULL, 'Hot Water Unit', '253', 'Ground Level', 'Non-Friable', 'Maintain in good condition. Remove under controlled conditions prior to renovations.', 'N', '', ''),
(579, 329, 'Amenities', 1, NULL, NULL, 'Subfloor area', 5, '', 1, NULL, 'Prensa-55700-018-001', 'Positive', '', 'm', NULL, NULL, NULL, '', '', '', '', '2018-05-18 04:21:31', '', NULL, 'Debris', '', 'Ground Level', '', '', 'N', '<p>Not found during this 2018 re-assessment, no documentation on site for clearance.</p>', ''),
(580, 329, 'Amenities', 1, NULL, NULL, 'Staff Meal Room', 20, '', 2, NULL, '', 'Suspected Positive', '1', 'unit(s)', NULL, NULL, NULL, 'Good', '', '', '', '2018-05-18 04:32:59', '', NULL, 'Hot Water Unit', '254', 'Ground Level', 'Non-Friable', 'Maintain in good condition. Remove under controlled conditions prior to renovations.', 'N', '', ''),
(581, 329, 'Amenities', 1, NULL, NULL, 'Exterior', 20, '', 2, NULL, '', 'Suspected Positive', '1', 'unit(s)', NULL, NULL, NULL, 'Good', '', '', '', '2018-05-18 04:28:53', '', NULL, 'Hot Water Unit', '255', 'Ground Level', 'Non-Friable', 'Maintain in good condition. Remove under controlled conditions prior to renovations.', 'N', '', ''),
(582, 329, 'Maintenance Shed Ajacent Amenities', 1, NULL, NULL, 'Interior - Adjacent entrance', 4, '', 1, NULL, 'A-01', 'Positive', '1', 'unit(s)', NULL, NULL, NULL, 'Good', 'Low Accessibility', 'Low', 'Confirmed', '2018-05-18 04:50:14', 'P4', NULL, 'Bituminous Electrical Backing Board', '256', 'Ground Level', 'Non-Friable', 'Maintain in good condition. Remove under controlled conditions by a Class A/B asbestos contractor prior to renovations.', 'N', '', ''),
(583, 329, 'Central Store', 1, NULL, NULL, 'Ceiling Space', 20, '', 2, NULL, '', 'Suspected Positive', '100', 'm²', NULL, NULL, NULL, 'Good', '', '', '', '2018-05-18 04:54:00', '', NULL, 'Sarking Insulation', '257', 'Ground Level', 'Non-Friable', 'Maintain in good condition. Remove under controlled conditions prior to renovations.', 'N', '', ''),
(584, 329, 'Administration Office', 1, NULL, NULL, 'Ceiling Space', 20, '', 2, NULL, '', 'Suspected Positive', '150', 'lm', NULL, NULL, NULL, 'Good', '', '', '', '2018-05-18 04:57:04', '', NULL, 'Flexible A/C Ductwork', '258', 'Ground Level', 'Non-Friable', 'Maintain in good condition. Remove under controlled conditions prior to renovations.', 'N', '', ''),
(585, 329, 'Administration Office', 1, NULL, NULL, 'Old Southern End', 5, '', 1, NULL, 'A - 02', 'Positive', '18', 'm²', NULL, NULL, NULL, 'Good', 'Low Accessibility', 'Low', 'Confirmed', '2018-05-18 05:17:30', 'P4', NULL, 'Eaves Lining', '259', 'Ground Level', 'Non-Friable', 'Maintain in good condition. Remove under controlled conditions by a Class A/B asbestos contractor prior to renovations.', 'N', '', ''),
(586, 329, 'Administration Office', 1, NULL, NULL, 'Newer Northern end', 5, '', 1, NULL, 'Prensa-51212-001-07', 'Negative', '', 'm', NULL, NULL, NULL, '', '', '', '', '2018-05-18 05:20:54', '', NULL, 'Awning Lining', '', 'Ground Level', '', '', 'N', '', ''),
(587, 329, 'Administration Office', 1, NULL, NULL, 'Kitchen - Above & Below Sink', 20, '', 2, NULL, '', 'Suspected Positive', '2', 'unit(s)', NULL, NULL, NULL, 'Good', '', '', '', '2018-05-18 05:23:23', '', NULL, 'Hot Water Unit', '260', 'Ground Level', 'Non-Friable', 'Maintain in good condition. Remove under controlled conditions prior to renovations.', 'N', '', ''),
(588, 329, 'Administration Office', 1, NULL, NULL, 'Conference Room', 2, '', 1, NULL, 'Prensa-55700-018-02', 'Negative', '', 'm', NULL, NULL, NULL, '', '', '', '', '2018-05-18 05:28:35', '', NULL, 'Sink Pad', '', 'Ground Level', '', '', 'N', '', ''),
(589, 329, 'Central Store', 1, NULL, NULL, 'Exterior - Various Throughout', 5, '', 1, NULL, 'Same As-A-01', 'Positive', '10', 'm²', NULL, NULL, NULL, 'Good', 'Low Accessibility', 'Low', 'Not Labelle', '2018-05-18 05:32:52', 'P4', NULL, 'Eaves Lining', '261', 'Ground Level', 'Non-Friable', 'Maintain in good condition. Remove under controlled conditions by a Class A/B asbestos contractor prior to renovations.', 'N', '', ''),
(590, 329, 'Laboratory', 1, NULL, NULL, 'Throughout', 16, '', 1, NULL, 'Prensa-51212-001-05', 'Negative', '', 'm', NULL, NULL, NULL, '', '', '', '', '2018-05-18 05:35:22', '', NULL, 'Beige', '', 'Ground Level', '', '', 'N', '', ''),
(591, 329, 'Laboratory', 1, NULL, NULL, 'Kitchen', 4, '', 1, NULL, 'Restricted Access', 'Suspected Positive', '1', 'unit(s)', NULL, NULL, NULL, 'Good', 'Low Accessibility', 'Low', 'Suspected', '2018-05-18 05:38:11', 'P4', NULL, 'Bituminous Electrical Backing Board', '262', 'Ground Level', 'Non-Friable', 'Maintain in good condition. Remove under controlled conditions by a Class A/B asbestos contractor prior to renovations.', 'N', '', ''),
(592, 329, 'Laboratory', 1, NULL, NULL, 'Kitchen', 20, '', 2, NULL, '', 'Suspected Positive', '1', 'unit(s)', NULL, NULL, NULL, 'Good', '', '', '', '2018-05-18 05:40:55', '', NULL, 'Hot Water Unit', '263', 'Ground Level', 'Non-Friable', 'Maintain in good condition. Remove under controlled conditions prior to renovations.', 'N', '', ''),
(593, 329, 'Fleet Workshop', 1, NULL, NULL, 'Throughout', 20, '', 2, NULL, '', 'Suspected Positive', '800', 'm²', NULL, NULL, NULL, 'Good', '', '', '', '2018-05-18 05:42:24', '', NULL, 'Sarking Insulation', '264', 'Ground Level', 'Non-Friable', 'Maintain in good condition. Remove under controlled conditions prior to renovations.', 'N', '', ''),
(594, 329, 'Fleet Workshop', 1, NULL, NULL, 'Office & Store Room', 17, '', 1, NULL, 'Prensa-51212-001-06', 'Negative', '', 'm', NULL, NULL, NULL, '', '', '', '', '2018-05-18 05:45:22', '', NULL, 'Black Speck', '', 'Ground Level', '', '', 'N', '', ''),
(595, 329, 'Fleet Workshop', 1, NULL, NULL, 'Under Stairs', 20, '', 2, NULL, '', 'Suspected Positive', '1', 'unit(s)', NULL, NULL, NULL, 'Good', '', '', '', '2018-05-18 05:47:10', '', NULL, 'Hot Water Unit', '265', 'Ground Level', 'Non-Friable', 'Maintain in good condition. Remove under controlled conditions prior to renovations.', 'N', '', ''),
(596, 329, 'Maintenance Shed Ajacent Bunded sealing area', 1, NULL, NULL, 'Western Room', 0, 'None', 0, NULL, '', '', '', 'm', NULL, NULL, NULL, '', '', '', '', '2018-05-25 00:06:16', '', NULL, '', '266', 'Ground Level', '', '', 'Y', '', ''),
(597, 329, 'Bunded Area', 1, NULL, NULL, 'Throughout', 0, 'None', 0, NULL, '', '', '', 'm', NULL, NULL, NULL, '', '', '', '', '2018-05-18 06:04:56', '', NULL, '', '', 'Ground Level', '', '', 'N', '<p>No Hazardous Materials identified during this 2018 re-assessment.</p>', ''),
(598, 329, 'Wash Bay', 1, NULL, NULL, 'Throughout', 0, 'None', 0, NULL, '', '', '', 'm', NULL, NULL, NULL, '', '', '', '', '2018-05-18 06:06:55', '', NULL, '', '', 'Ground Level', '', '', 'N', '', ''),
(599, 329, 'Sign Shed', 1, NULL, NULL, 'Throughout', 0, 'None', 0, NULL, '', '', '', 'm', NULL, NULL, NULL, '', '', '', '', '2018-05-21 02:57:29', '', NULL, '', '', 'Ground Level', '', '', 'N', '', ''),
(600, 324, 'Toilet/Conference Building', 1, NULL, NULL, 'Conference Room', 5, '', 1, NULL, 'ESP E31006', 'Positive', '25', 'm', NULL, NULL, NULL, 'Good', '', 'Low', 'Yes', '2018-05-21 03:46:54', 'P4', NULL, 'Walls', '267', 'Interior', 'Non-Friable', 'Maintain in good condition. Remove under controlled conditions by a Class A/B asbestos contractor prior to renovations.', 'Y', '', ''),
(601, 330, 'Depot Office', 1, NULL, NULL, 'Exterior - Office - Western Side', 5, '', 1, NULL, 'Prensa-50300-112-001', 'Negative', '', 'm', NULL, NULL, NULL, '', '', '', '', '2018-05-21 03:47:07', '', NULL, 'Awning Lining', '', 'Ground Level', '', '', 'N', '', ''),
(602, 324, 'Toilet/Conference Building', 1, NULL, NULL, 'Conference Room', 5, '', 1, NULL, 'ESP E31006', 'Positive', '25', 'm²', NULL, NULL, NULL, 'Good', 'Low Accessibility', 'Low', 'Yes', '2018-05-21 03:47:55', 'P4', NULL, 'Walls', '', 'Interior', 'Non-Friable', 'Maintain in good condition. Remove under controlled conditions by a Class A/B asbestos contractor prior to renovations.', 'N', '', ''),
(603, 330, 'Depot Office', 1, NULL, NULL, 'Male Toilet', 5, '', 1, NULL, 'Prens-50300-112-002', 'Positive', '60', 'm²', NULL, NULL, NULL, 'Good', 'Low Accessibility', 'Low', 'Confirmed', '2018-05-21 03:50:08', 'P4', NULL, 'Wall Lining', '268', 'Ground Level', 'Non-Friable', 'Maintain in good condition. Remove under controlled conditions by a Class A/B asbestos contractor prior to renovations.', 'N', '', ''),
(604, 330, 'Depot Office', 1, NULL, NULL, 'Ladies Toilet', 5, '', 1, NULL, 'Same As - 50300-112-002', 'Assumed Positive', '60', 'm²', NULL, NULL, NULL, 'Good', 'Low Accessibility', 'Low', 'Confirmed', '2018-05-21 03:52:24', 'P4', NULL, 'Wall Lining', '269', 'Ground Level', 'Non-Friable', 'Maintain in good condition. Remove under controlled conditions by a Class A/B asbestos contractor prior to renovations.', 'N', '', ''),
(605, 324, 'Toilet/Conference Building', 1, NULL, NULL, 'Male and Female Toilets and Change Room', 5, '', 1, NULL, 'Same as ESP E31008', 'Assumed Positive', '85', 'm', NULL, NULL, NULL, 'Good', '', 'Low', 'Yes', '2018-05-21 03:55:59', 'P4', NULL, 'Walls', '270', 'Interior ', 'Non-Friable', 'Maintain in good condition. Remove under controlled conditions by a Class A/B asbestos contractor prior to renovations.', 'N', '', ''),
(606, 330, 'Depot Office', 1, NULL, NULL, 'Male Toilet', 5, '', 1, NULL, 'Prensa-50300-112-003', 'Positive', '20', 'm²', NULL, NULL, NULL, 'Good', 'Low Accessibility', 'Low', 'Confirmed', '2018-05-21 03:54:57', 'P4', NULL, 'Ceiling Lining', '271', 'Ground Level', 'Non-Friable', 'Maintain in good condition. Remove under controlled conditions by a Class A/B asbestos contractor prior to renovations.', 'N', '', ''),
(607, 324, 'Toilet/Conference Building', 1, NULL, NULL, 'Male and Female Toilets and Change Room', 5, '', 1, NULL, 'Same as ESP E31008', 'Assumed Positive', '27', 'm²', NULL, NULL, NULL, 'Good', 'Low Accessibility', 'Low', 'Yes', '2018-05-21 03:55:10', 'P4', NULL, 'Ceiling', '272', 'Interior ', 'Non-Friable', 'Maintain in good condition. Remove under controlled conditions by a Class A/B asbestos contractor prior to renovations.', 'N', '', ''),
(608, 330, 'Depot Office', 1, NULL, NULL, 'Ladies Toilet', 5, '', 1, NULL, 'Same As - 50300-112-003', 'Assumed Positive', '20', 'm²', NULL, NULL, NULL, 'Good', 'Low Accessibility', 'Low', 'Confirmed', '2018-05-21 03:57:25', 'P4', NULL, 'Ceiling Lining', '273', 'Ground Level', 'Non-Friable', 'Maintain in good condition. Remove under controlled conditions by a Class A/B asbestos contractor prior to renovations.', 'N', '', ''),
(609, 330, 'Depot Office', 1, NULL, NULL, 'Hallway', 5, '', 1, NULL, 'Prens-50300-112-004', 'Positive', '1', 'm²', NULL, NULL, NULL, 'Good', 'Low Accessibility', 'Low', 'Confirmed', '2018-05-21 03:59:50', 'P4', NULL, 'Access Hatch', '274', 'Ground Level', 'Non-Friable', 'Maintain in good condition. Remove under controlled conditions by a Class A/B asbestos contractor prior to renovations.', 'N', '', ''),
(610, 330, 'Archive Shed', 1, NULL, NULL, 'Exterior-File Room', 5, '', 1, NULL, 'Prens-50300-112-010', 'Negative', '', 'm', NULL, NULL, NULL, '', '', '', '', '2018-05-21 04:02:29', '', NULL, 'Wall Cladding', '', 'Ground Level', '', '', 'N', '', ''),
(611, 324, 'Storage Building (Stores 1-6)', 1, NULL, NULL, 'Verandah', 5, '', 1, NULL, 'ESP E31005', 'Positive', '14', 'm²', NULL, NULL, NULL, 'Good', 'Low Accessibility', 'Low', 'Yes', '2018-05-21 04:04:32', 'P4', NULL, 'Ceiling ', '275', 'Exterior', 'Non-Friable', 'Maintain in good condition. Remove under controlled conditions by a Class A/B asbestos contractor prior to renovations.', 'N', '', ''),
(612, 330, 'Archive Shed', 1, NULL, NULL, 'South Room', 17, '', 1, NULL, 'Prens-50300-112-011', 'Negative', '', 'm', NULL, NULL, NULL, '', '', '', '', '2018-05-21 04:04:37', '', NULL, 'Light Green', '', 'Ground Level', '', '', 'N', '', ''),
(613, 324, 'Storage Building (Stores 1-6)', 1, NULL, NULL, 'Store 2', 5, '', 1, NULL, 'Prensa 50300-107-001', 'Negative', '', 'm', NULL, NULL, NULL, '', '', '', '', '2018-05-21 04:06:30', '', NULL, 'Ceiling', '', 'Interior', '', '', 'N', '', ''),
(614, 324, 'Storage Building (Stores 1-6)', 1, NULL, NULL, 'Store 6', 5, '', 1, NULL, 'Gundagai-02', 'Negative', '', 'm', NULL, NULL, NULL, '', '', '', '', '2018-05-21 04:10:01', '', NULL, 'Ceiling ', '', 'Interior ', '', '', 'N', '', ''),
(615, 330, 'Amenities ', 1, NULL, NULL, 'Toilets - Throughout', 5, '', 1, NULL, 'Prens-50300-112-012', 'Positive', '90', 'm', NULL, NULL, NULL, 'Good', '', 'Low', 'Confirmed', '2018-05-21 04:12:44', 'P4', NULL, 'Wall Lining', '276', 'Ground Level', 'Non-Friable', 'Maintain in good condition. Remove under controlled conditions by a Class A/B asbestos contractor prior to renovations.', 'N', '', ''),
(616, 324, 'Storage Building (Stores 1-6)', 1, NULL, NULL, 'Throughout ', 5, '', 0, NULL, 'Same as ESP E31005', 'Assumed Positive', '50', 'm²', NULL, NULL, NULL, 'Good', 'Low Accessibility', 'Low', 'Yes', '2018-05-21 04:09:16', 'P4', NULL, 'Eaves', '277', 'Exterior', 'Non-Friable', '', 'N', '', ''),
(617, 330, 'Amenities ', 1, NULL, NULL, 'Exterior - Various Throughout', 5, '', 1, NULL, 'Prens-50300-112-013', 'Positive', '20', 'm²', NULL, NULL, NULL, 'Good', 'Low Accessibility', 'Low', 'Confirmed', '2018-05-21 04:11:16', 'P4', NULL, 'Eaves Lining', '278', 'Ground Level', 'Non-Friable', 'Maintain in good condition. Remove under controlled conditions by a Class A/B asbestos contractor prior to renovations.', 'N', '', ''),
(618, 324, 'Storage Building (Stores 1-6)', 1, NULL, NULL, 'Stores 1,3, 4 & 5', 5, '', 1, NULL, 'Same as ESP E31005', 'Assumed Negative', '', 'm', NULL, NULL, NULL, '', '', '', '', '2018-05-21 04:13:01', '', NULL, 'Ceiling ', '', 'Interior', '', '', 'N', '', ''),
(619, 330, 'Work Shop', 1, NULL, NULL, 'Office Area - Throughout', 17, '', 1, NULL, 'Prens-50300-112-014', 'Negative', '', 'm', NULL, NULL, NULL, '', '', '', '', '2018-05-21 04:15:46', '', NULL, 'Brown colour Vinyl Floor Tiles', '', 'Ground Level', '', '', 'N', '', ''),
(620, 324, 'Toilet/Conference Building', 1, NULL, NULL, 'Change Room', 9, '', 2, NULL, '', 'Suspected Positive', '1', 'unit(s)', NULL, NULL, NULL, 'Good', '', '', '', '2018-05-21 04:16:45', '', NULL, 'Hot Water Unit', '280', 'Interior ', 'Non-Friable', 'Maintain in good condition. Remove under controlled conditions prior to renovations.', 'N', '', ''),
(621, 330, 'Work Shop', 1, NULL, NULL, 'Office Area - Throughout', 5, '', 1, NULL, 'Prens-50300-112-015', 'Negative', '', 'm', NULL, NULL, NULL, '', '', '', '', '2018-05-21 04:16:58', '', NULL, 'Ceiling Lining', '', 'Ground Level', '', '', 'N', '', ''),
(622, 330, 'Work Shop', 1, NULL, NULL, 'Store Room', 5, '', 1, NULL, 'Prens-50300-112-016', 'Negative', '', 'm', NULL, NULL, NULL, '', '', '', '', '2018-05-21 04:18:23', '', NULL, 'Ceiling Lining', '', 'Ground Level', '', '', 'N', '', ''),
(623, 330, 'Depot Office', 1, NULL, NULL, 'ceiling Space', 20, '', 2, NULL, '', 'Suspected Positive', '200', 'm²', NULL, NULL, NULL, 'Good', '', '', '', '2018-05-21 04:20:39', '', NULL, 'Insulation Batts', '281', 'Ground Level', 'Non-Friable', 'Maintain in good condition. Remove under controlled conditions prior to renovations.', 'N', '', ''),
(624, 330, 'Depot Office', 1, NULL, NULL, 'Ceiling Space', 20, '', 2, NULL, '', 'Suspected Positive', '200', 'm²', NULL, NULL, NULL, 'Good', '', '', '', '2018-05-21 04:22:23', '', NULL, 'Sarking Insulation', '282', 'Ground Level', 'Non-Friable', 'Maintain in good condition. Remove under controlled conditions prior to renovations.', 'N', '', ''),
(625, 324, 'Toilet/Conference Building', 1, NULL, NULL, 'Throughout', 0, 'Door and Door Frame', 3, NULL, 'Prensa Swab', 'Negative', '', 'm', NULL, NULL, NULL, '', '', '', '', '2018-05-21 04:23:48', '', NULL, 'Green Lower Paint System', '', 'Exterior ', '', 'Maintain in good condition. Remove or overpaint painted surfaces under controlled conditions prior to renovations.', 'N', '', ''),
(626, 330, 'Store', 1, NULL, NULL, 'Store Room', 20, '', 2, NULL, '', 'Suspected Positive', '150', 'm²', NULL, NULL, NULL, 'Good', '', '', '', '2018-05-21 04:26:57', '', NULL, 'Insulation Batts', '283', 'Ground Level', 'Non-Friable', 'Maintain in good condition. Remove under controlled conditions prior to renovations.', 'N', '', ''),
(627, 330, 'Store', 1, NULL, NULL, 'Store Room', 20, '', 2, NULL, '', 'Suspected Positive', '150', 'm', NULL, NULL, NULL, 'Good', '', '', '', '2018-05-21 04:52:54', '', NULL, 'Sarking Insulation', '284', 'Ground Level', 'Non-Friable', 'Maintain in good condition. Remove under controlled conditions prior to renovations.', 'N', '', ''),
(628, 324, 'Toilet/Conference Building', 1, NULL, NULL, 'Throughout', 0, 'Mastic Sealant', 0, NULL, 'Gundagai-01', '', '', 'm', NULL, NULL, NULL, '', '', '', '', '2018-05-21 04:34:39', '', NULL, 'Window Frames', '285', 'Exterior', '', '', 'N', '', ''),
(629, 330, 'Amenities ', 1, NULL, NULL, 'Ceiling Space', 20, '', 2, NULL, '', 'Suspected Positive', '100', 'm²', NULL, NULL, NULL, 'Good', '', '', '', '2018-05-21 04:56:25', '', NULL, 'Insulation Batts', '286', 'Ground Level', 'Non-Friable', 'Maintain in good condition. Remove under controlled conditions prior to renovations.', 'N', '', ''),
(630, 330, 'Amenities ', 1, NULL, NULL, 'Male Toilet', 20, '', 2, NULL, '', 'Suspected Positive', '1', 'unit(s)', NULL, NULL, NULL, 'Good', '', '', '', '2018-05-21 04:58:17', '', NULL, 'Hot Water Unit', '287', 'Ground Level', 'Non-Friable', 'Maintain in good condition. Remove under controlled conditions prior to renovations.', 'N', '', ''),
(631, 330, 'Depot Office', 1, NULL, NULL, 'Exterior-East Kitchen', 20, '', 2, NULL, '', 'Suspected Positive', '1', 'unit(s)', NULL, NULL, NULL, 'Good', '', '', '', '2018-05-21 05:01:30', '', NULL, 'Hot Water Unit', '288', 'Ground Level', 'Non-Friable', 'Maintain in good condition. Remove under controlled conditions prior to renovations.', 'N', '', ''),
(632, 330, 'Depot Office', 1, NULL, NULL, 'Interior-East Kitchen', 20, '', 2, NULL, '', 'Suspected Positive', '1', 'unit(s)', NULL, NULL, NULL, 'Good', '', '', '', '2018-05-21 05:03:11', '', NULL, 'Hot Water Unit', '289', 'Ground Level', 'Non-Friable', 'Maintain in good condition. Remove under controlled conditions prior to renovations.', 'N', '', ''),
(633, 330, 'Lime Shed', 1, NULL, NULL, '', 0, 'None', 0, NULL, '', '', '', 'm', NULL, NULL, NULL, '', '', '', '', '2018-05-21 05:03:52', '', NULL, '', '', 'Ground Level', '', '', 'N', '', ''),
(634, 330, 'Small Plant Shed', 1, NULL, NULL, '', 0, 'None', 0, NULL, '', '', '', 'm', NULL, NULL, NULL, '', '', '', '', '2018-05-21 05:04:24', '', NULL, '', '', 'Ground Level', '', '', 'N', '', ''),
(635, 330, 'Line Marking Shed', 1, NULL, NULL, '', 0, 'None', 0, NULL, '', '', '', 'm', NULL, NULL, NULL, '', '', '', '', '2018-05-21 05:04:57', '', NULL, '', '', 'Ground Level', '', '', 'N', '', ''),
(636, 330, 'Depot Office', 1, NULL, NULL, 'Exterior - Throughout', 21, '', 3, NULL, 'Lead Check', 'Positive', '1000', 'm', NULL, NULL, NULL, 'Good', 'Low', '', '', '2018-05-24 05:02:28', '', NULL, 'White Colour Paint Systems', '290', 'Ground Level', '', 'Maintain in good condition. Remove or overpaint painted surfaces under controlled conditions prior to renovations.', 'N', '', ''),
(637, 330, 'Store', 1, NULL, NULL, 'Exterior', 21, '', 3, NULL, 'Lead Check', 'Negative', '', 'm', NULL, NULL, NULL, '', '', '', '', '2018-05-21 05:11:35', '', NULL, 'Cream Colour Paint Systems', '', 'Ground Level', '', 'Maintain in good condition. Remove or overpaint painted surfaces under controlled conditions prior to renovations.', 'N', '', ''),
(638, 331, 'Motor Registry', 1, NULL, NULL, 'Exterior - North Side', 5, '', 1, NULL, 'Prens-50300-112-005', 'Negative', '', 'm', NULL, NULL, NULL, '', '', '', '', '2018-05-21 05:26:03', '', NULL, 'Awning Lining', '', 'Ground Level', '', '', 'N', '', ''),
(639, 331, 'Motor Registry', 1, NULL, NULL, 'Interior-Various Throughout', 17, '', 1, NULL, 'Prensa-50300-112-007A', 'Positive', '200', 'm²', NULL, NULL, NULL, 'Good', '', 'Low', 'Confirmed', '2018-05-21 05:46:24', 'P4', NULL, 'White Colour Vinyl Floor Tiles', '291', 'Ground Level', 'Non-Friable', 'Maintain in good condition. Remove under controlled conditions by a Class A/B asbestos contractor prior to renovations.', 'N', '', ''),
(640, 331, 'Motor Registry', 1, NULL, NULL, 'Interior-Various Throughout', 0, 'Tile Adhesive', 1, NULL, 'Prensa-50300-112-007B', 'Negative', '', 'm', NULL, NULL, NULL, '', '', '', '', '2018-05-21 05:47:35', '', NULL, '', '', 'Ground Level', '', '', 'N', '', ''),
(641, 331, 'Motor Registry', 1, NULL, NULL, 'Western Wall-Safe Room', 5, '', 1, NULL, 'Prens-50300-112-008', 'Negative', '', 'm', NULL, NULL, NULL, '', '', '', '', '2018-05-21 05:35:13', '', NULL, 'Wall Lining', '', 'Ground Level', '', '', 'N', '', ''),
(642, 332, 'Amenities Block', 1, NULL, NULL, 'Male Toilet, Cleaners Store', 0, 'Internal Insulation', 2, NULL, '', 'Suspected Positive', '1', 'unit(s)', NULL, NULL, NULL, 'Good', '', 'Low', '', '2018-05-21 23:14:30', '', NULL, 'Hot Water Unit', '292', 'Interior', 'Non-Friable', 'Maintain in good condition. Remove under controlled conditions prior to renovations.', 'N', '', ''),
(643, 331, 'Motor Registry', 1, NULL, NULL, 'Office Area - Throughout', 5, '', 1, NULL, 'Prens-50300-112-009', 'Positive', '40', 'm²', NULL, NULL, NULL, 'Good', 'Low Accessibility', 'Low', 'Confirmed', '2018-05-21 05:37:25', 'P4', NULL, 'Ceiling Lining', '293', 'Ground Level', 'Non-Friable', 'Maintain in good condition. Remove under controlled conditions by a Class A/B asbestos contractor prior to renovations.', 'N', '', ''),
(644, 332, 'Amenities Block', 1, NULL, NULL, 'Male Toilet', 0, 'Blue Paint System', 3, NULL, 'Glen Innes - LP01', 'Negative', '', 'm', NULL, NULL, NULL, '', '', '', '', '2018-05-21 23:14:53', '', NULL, 'Walls ', '', 'Interior ', '', 'Maintain in good condition. Remove or overpaint painted surfaces under controlled conditions prior to renovations.', 'N', '', ''),
(645, 332, 'Amenities Block', 1, NULL, NULL, 'Male Toilet ', 0, 'Dark Blue Paint System', 3, NULL, 'Glen Innes - LP02', 'Negative', '', 'm', NULL, NULL, NULL, '', '', '', '', '2018-05-21 23:16:41', '', NULL, 'Door Frames ', '', 'Interior', '', 'Maintain in good condition. Remove or overpaint painted surfaces under controlled conditions prior to renovations.', 'N', '', ''),
(646, 332, 'Amenities Block', 1, NULL, NULL, 'Male & Female Toilets', 0, 'Fluorescent Light Fittings', 4, NULL, '', 'Suspected Negative', '', 'm', NULL, NULL, NULL, '', '', '', '', '2018-05-21 23:14:12', '', NULL, 'Capacitor', '', 'Interior', '', 'Maintain in good condition. Remove or overpaint painted surfaces under controlled conditions prior to renovations.', 'N', '', ''),
(647, 332, 'Amenities Block', 1, NULL, NULL, 'Kitchen', 17, '', 1, NULL, 'Glen Innes - 01', 'Negative', '', 'm', NULL, NULL, NULL, '', '', '', '', '2018-05-21 23:13:52', '', NULL, 'Floor Covering', '', 'Interior', '', '', 'N', '', ''),
(648, 331, 'Motor Registry', 1, NULL, NULL, 'Redundant Office Area', 17, '', 1, NULL, 'Same As-Prensa-50300-112-007A', 'Assumed Positive', '80', 'm²', NULL, NULL, NULL, 'Good', 'Low Accessibility', 'Low', 'Confirmed', '2018-05-21 05:44:59', 'P4', NULL, 'Floor Covering', '294', 'Ground Level', 'Non-Friable', 'Maintain in good condition. Remove under controlled conditions by a Class A/B asbestos contractor prior to renovations.', 'Y', '', ''),
(649, 332, 'Amenities Block', 1, NULL, NULL, 'Shower Area', 17, '', 1, NULL, 'Same as Glen Innes-01', 'Assumed Negative', '', 'm', NULL, NULL, NULL, '', '', '', '', '2018-05-21 23:13:34', '', NULL, 'Floor Covering ', '', 'Interior', '', '', 'N', '', ''),
(650, 331, 'Motor Registry', 1, NULL, NULL, 'Redundant Office Area', 0, 'Vinyl Floor Tile Adhesive', 1, NULL, 'Same As-Prensa-50300-112-007B', 'Assumed Negative', '', 'm', NULL, NULL, NULL, '', '', '', '', '2018-05-21 05:44:43', '', NULL, '', '', 'Ground Level', '', '', 'Y', '', ''),
(651, 331, 'Motor Registry', 1, NULL, NULL, 'Ceiling Space', 20, '', 2, NULL, '', 'Suspected Positive', '200', 'm²', NULL, NULL, NULL, 'Good', '', '', '', '2018-05-21 05:55:23', '', NULL, 'Sarking Insulation', '295', 'Ground Level', 'Non-Friable', 'Maintain in good condition. Remove under controlled conditions prior to renovations.', 'N', '', ''),
(652, 331, 'Motor Registry', 1, NULL, NULL, 'Ceiling Space', 20, '', 2, NULL, '', 'Suspected Positive', '200', 'm²', NULL, NULL, NULL, 'Good', '', '', '', '2018-05-21 05:56:55', '', NULL, 'Insulation Batts', '296', 'Ground Level', 'Non-Friable', 'Maintain in good condition. Remove under controlled conditions prior to renovations.', 'N', '', ''),
(653, 332, 'Mechanics Workshop', 1, NULL, NULL, '', 0, 'Fluorescent Light Fittings', 4, NULL, '', 'Suspected Positive', '6', 'unit(s)', NULL, NULL, NULL, 'Good', 'Low Accessibility', 'Low', '', '2018-05-21 06:04:30', '', NULL, 'Capacitor', '297', 'Interior - Mezzanine Level ', '', 'Maintain in good condition. Remove or overpaint painted surfaces under controlled conditions prior to renovations.', 'N', '', ''),
(654, 332, 'Sign Storage', 1, NULL, NULL, 'Throughout', 0, 'No asbestos materials identified ', 0, NULL, '', '', '', 'm', NULL, NULL, NULL, '', '', '', '', '2018-05-21 06:06:08', '', NULL, '', '', 'Interior & Exterior', '', '', 'N', '', ''),
(655, 332, 'Mechanics Workshop', 1, NULL, NULL, 'Plant Foremans Office', 16, '', 1, NULL, 'Glen Innes - 02', 'Negative', '', 'm', NULL, NULL, NULL, '', '', '', '', '2018-05-21 06:07:26', '', NULL, 'Floor Covering ', '', 'Interior ', '', '', 'N', '', ''),
(656, 332, 'Wash Bay', 1, NULL, NULL, 'Throughout', 0, 'No hazardous materials identified ', 0, NULL, '', '', '', 'm', NULL, NULL, NULL, '', '', '', '', '2018-05-21 23:05:05', '', NULL, '', '', 'Interior & Exterior ', '', '', 'N', '', ''),
(657, 332, 'Fuel Bund', 1, NULL, NULL, 'Throughout', 0, 'No hazardous materials identified ', 0, NULL, '', '', '', 'm', NULL, NULL, NULL, '', '', '', '', '2018-05-22 00:59:44', '', NULL, '', '', 'Interior & Exterior ', '', '', 'Y', '', ''),
(658, 332, 'Various Shipping Containers ', 1, NULL, NULL, 'Throughout', 0, 'No hazardous materials identified ', 0, NULL, '', '', '', 'm', NULL, NULL, NULL, '', '', '', '', '2018-05-21 23:06:17', '', NULL, '', '', 'Interior & Exterior ', '', '', 'N', '', ''),
(659, 332, 'Administration Building ', 1, NULL, NULL, 'North-West Store/Office', 0, 'Grey Vinyl Tiles', 1, NULL, 'Same as Glen Innes-01', 'Negative', '', 'm', NULL, NULL, NULL, '', '', '', '', '2018-05-21 23:12:44', '', NULL, 'Floor Covering ', '', 'Interior', '', '', 'N', '', ''),
(660, 332, 'Administration Building ', 1, NULL, NULL, 'South Store', 16, '', 1, NULL, 'Glen Innes - 04', 'Negative', '', 'm', NULL, NULL, NULL, '', '', '', '', '2018-05-21 23:13:07', '', NULL, 'Floor Covering ', '', 'Interior ', '', '', 'N', '', ''),
(661, 332, 'Administration Building ', 1, NULL, NULL, 'West Side', 5, '', 1, NULL, 'Glen Innes - 05', 'Negative', '', 'm', NULL, NULL, NULL, '', '', '', '', '2018-05-21 23:21:06', '', NULL, 'Wall Cladding ', '', 'Exterior ', '', '', 'N', '', ''),
(662, 332, 'Administration Building ', 1, NULL, NULL, 'Over Balcony', 5, '', 1, NULL, 'Same as Glen Innes - 05', 'Assumed Negative', '', 'm', NULL, NULL, NULL, '', '', '', '', '2018-05-21 23:22:04', '', NULL, 'Eave Linings', '', 'Exterior ', '', 'Maintain in good condition. Remove under controlled conditions prior to renovations.', 'N', '', ''),
(663, 332, 'Administration Building ', 1, NULL, NULL, 'East Side, Below Timber Cladding', 5, '', 1, NULL, 'Same as Glen Innes - 05', 'Assumed Negative', '', 'm', NULL, NULL, NULL, '', '', '', '', '2018-05-21 23:24:24', '', NULL, 'Wall Cladding ', '', 'Exterior ', '', '', 'N', '', ''),
(664, 332, 'Administration Building ', 1, NULL, NULL, 'Roof Space Throughout, On Top of Ceiling ', 5, '', 1, NULL, 'ESO E31906', 'Positive', '250', 'm²', NULL, NULL, NULL, 'Poor', 'Medium Accessibility', 'Medium', 'No', '2018-05-21 23:31:29', 'P2', NULL, 'Debris', '', 'Interior ', 'Non-Friable', 'Item not sighted during 2018 inspection. Further investigation may be required. Engage a Class A/B asbestos contractor to clean up or remove the material as soon as practicable [less than 3 months].', 'N', '', ''),
(665, 332, 'Administration Building ', 1, NULL, NULL, 'Throughout', 5, '', 1, NULL, 'Prensa 50300-090-001', 'Positive', '60', 'm²', NULL, NULL, NULL, 'Good', 'Low Accessibility', 'Low', 'No - Height', '2018-05-21 23:33:22', 'P4', NULL, 'Eave Linings', '298', 'Exterior', 'Non-Friable', 'Maintain in good condition. Remove under controlled conditions by a Class A/B asbestos contractor prior to renovations.', 'N', '', ''),
(666, 333, 'Amenities/Office', 1, NULL, NULL, 'Toilet/Showers', 5, '', 1, NULL, 'ESP-E29688', 'Assumed Positive', '100', 'm²', NULL, NULL, NULL, 'Good', 'Low', 'Low', 'Confirmed', '2018-05-24 03:26:08', 'P4', NULL, 'Wall Lining', '299', 'Ground Level', 'Non-Friable', 'Maintain in good condition. Remove under controlled conditions by a Class A/B asbestos contractor prior to renovations.', 'N', '', ''),
(667, 333, 'Amenities/Office', 1, NULL, NULL, 'Toilet/Showers', 5, '', 1, NULL, 'ESP-E29688', 'Assumed Positive', '20', 'm²', NULL, NULL, NULL, 'Good', 'Low', 'Low', 'Confirmed', '2018-05-24 03:26:44', 'P4', NULL, 'Cubicle Partitions', '300', 'Ground Level', 'Non-Friable', 'Maintain in good condition. Remove under controlled conditions by a Class A/B asbestos contractor prior to renovations.', 'N', '', ''),
(668, 333, 'Amenities/Office', 1, NULL, NULL, 'Exterior - Throughout', 5, '', 1, NULL, 'Prensa-50300-091-001', 'Positive', '8', 'm²', NULL, NULL, NULL, 'Good', 'Low', 'Low', 'Confirmed', '2018-05-24 03:27:16', 'P4', NULL, 'Eaves Lining', '301', 'Ground Level', 'Non-Friable', 'Maintain in good condition. Remove under controlled conditions by a Class A/B asbestos contractor prior to renovations.', 'N', '', ''),
(669, 333, 'Amenities/Office', 1, NULL, NULL, 'Office/Staff Room', 20, '', 2, NULL, '', 'Suspected Positive', '1', 'unit(s)', NULL, NULL, NULL, 'Good', '', '', '', '2018-05-22 00:08:05', '', NULL, 'Hot Water Unit', '302', 'Ground Level', 'Non-Friable', 'Maintain in good condition. Remove under controlled conditions prior to renovations.', 'N', '', ''),
(670, 333, 'Yard', 1, NULL, NULL, 'Bitumen Tank', 20, '', 2, NULL, '', 'Suspected Positive', '1', 'unit(s)', NULL, NULL, NULL, 'Good', '', '', '', '2018-05-22 00:18:15', '', NULL, 'Tank Insulation', '303', 'Ground Level', 'Non-Friable', 'Maintain in good condition. Remove under controlled conditions prior to renovations.', 'N', '<p>Tank reportably installed in the 1990,s</p>', '<p>Tank reportably installed in the 1990,s</p>'),
(671, 333, 'Amenities/Office', 1, NULL, NULL, 'Ceiling Space', 20, '', 2, NULL, '', 'Suspected Positive', '140', 'm²', NULL, NULL, NULL, 'Good', '', '', '', '2018-05-22 00:20:12', '', NULL, 'Insulation Batts', '304', 'Ground Level', 'Non-Friable', 'Maintain in good condition. Remove under controlled conditions prior to renovations.', 'N', '', '');
INSERT INTO `tbl_items` (`itemID`, `siteID`, `buildingName`, `clientID`, `item_no`, `item_name`, `room_specific`, `materialID`, `materialOther`, `hazard_type`, `samples_taken`, `sample_no`, `sample_status`, `extent`, `extent_mesurement`, `contact`, `contact_number`, `recommendations`, `item_condition`, `disturb_potential`, `risk_rating`, `current_label`, `date_updated`, `control_priority`, `work_records`, `description`, `photo_no`, `location_level`, `friability`, `control_recommendation`, `hide`, `work_action`, `item_status`) VALUES
(672, 333, 'Yard', 1, NULL, NULL, 'Exterior - North East', 4, '', 1, NULL, '', 'Suspected Positive', '1', 'unit(s)', NULL, NULL, NULL, 'Good', 'Low', 'Low', 'Confirmed', '2018-05-24 03:09:12', 'P4', NULL, 'Bituminous Electrical Backing Board', '305', 'Ground Level', 'Non-Friable', 'Maintain in good condition. Remove under controlled conditions by a Class A/B asbestos contractor prior to renovations.', 'N', '', ''),
(673, 333, 'Truck Shed', 1, NULL, NULL, 'Interior - North West Corner', 4, '', 1, NULL, '', 'Suspected Positive', '1', 'unit(s)', NULL, NULL, NULL, 'Good', 'Low', 'Low', 'Confirmed', '2018-05-24 03:08:47', 'P4', NULL, 'Bituminous Electrical Backing Board', '306', 'Ground Level', 'Non-Friable', 'Maintain in good condition. Remove under controlled conditions by a Class A/B asbestos contractor prior to renovations.', 'N', '', ''),
(674, 333, 'Amenities/Office', 1, NULL, NULL, 'Office Interior', 4, '', 1, NULL, '', 'Suspected Positive', '1', 'unit(s)', NULL, NULL, NULL, 'Good', 'Low', 'Low', 'Confirmed', '2018-05-24 03:08:28', 'P4', NULL, 'Bituminous Electrical Backing Board', '307', 'Ground Level', 'Non-Friable', 'Maintain in good condition. Remove under controlled conditions by a Class A/B asbestos contractor prior to renovations.', 'N', '', ''),
(675, 332, 'Administration Building ', 1, NULL, NULL, '', 5, '', 1, NULL, 'ESP E31909', 'Positive', '240', 'm²', NULL, NULL, NULL, 'Poor', 'Medium Accessibility', 'Medium', 'No', '2018-05-22 00:27:08', 'P2', NULL, 'Debris', '', 'Exterior - Subfloor', 'Non-Friable', 'Not sighted during 2018 inspection. Engage a Class A/B asbestos contractor to clean up or remove the material as soon as practicable [less than 3 months].', 'N', '', ''),
(676, 332, 'Amenities Block', 1, NULL, NULL, 'Throughout', 5, '', 1, NULL, 'Prensa 50300-090-002', 'Positive', '25', 'm', NULL, NULL, NULL, 'Good', '', 'Low', 'Yes', '2018-05-22 00:30:40', 'P4', NULL, 'Eaves', '308', 'Exterior', 'Non-Friable', 'Maintain in good condition. Remove under controlled conditions by a Class A/B asbestos contractor prior to renovations.', 'N', '', ''),
(677, 332, 'Administration Building ', 1, NULL, NULL, 'North Side Lobby at Top of Stairs', 5, '', 1, NULL, 'Same as Prensa 50300-009-002', 'Assumed Positive', '4', 'm²', NULL, NULL, NULL, 'Good', 'Low Accessibility', 'Low', 'Yes', '2018-05-22 00:31:55', 'P4', NULL, 'Soffit ', '309', 'Exterior ', 'Non-Friable', 'Maintain in good condition. Remove under controlled conditions by a Class A/B asbestos contractor prior to renovations.', 'N', '', ''),
(678, 332, 'Large Sign Storage Shed', 1, NULL, NULL, 'East Wall Adjacent Door', 4, '', 1, NULL, 'Prensa 50300-009-004', 'Positive', '1', 'unit(s)', NULL, NULL, NULL, 'Good', 'Low Accessibility', 'Low', 'Yes', '2018-05-22 00:33:58', 'P4', NULL, 'Electrical Switch Board', '', 'Interior', 'Non-Friable', 'No access to this area during 2018 inspection. Maintain in good condition. Remove under controlled conditions by a Class A/B asbestos contractor prior to renovations.', 'N', '', ''),
(679, 332, 'Mechanics Workshop', 1, NULL, NULL, 'Plant Foremans Office ', 0, 'Light Grey Vinyl Tiles ', 1, NULL, 'ESP E31915', 'Positive', '35', 'm²', NULL, NULL, NULL, 'Good', 'Low Accessibility', 'Low', 'Yes', '2018-05-22 00:36:31', 'P4', NULL, 'Floor Covering ', '', 'Interior ', 'Non-Friable', 'Not sighted during 2018 inspection. May be present beneath grey sheet vinyl (RiskTech Sample Glen Innes-02). Maintain in good condition. Remove under controlled conditions by a Class A/B asbestos contractor prior to renovations.', 'N', '', ''),
(680, 332, 'Mechanics Workshop', 1, NULL, NULL, 'South Side, Nuts & Bolts Storage Room', 8, '', 1, NULL, 'Glen Innes-03', 'Negative', '', 'm', NULL, NULL, NULL, '', '', '', '', '2018-05-22 00:37:25', '', NULL, 'Compressor Unit', '', 'Exterior ', '', '', 'N', '', ''),
(681, 332, 'Mechanics Workshop', 1, NULL, NULL, 'South Side Mezzanine Store', 0, 'Sheet Gasket Material', 1, NULL, 'Prensa 50300-090-005', 'Positive', '', 'm', NULL, NULL, NULL, '', '', '', '', '2018-05-22 00:44:25', '', NULL, 'Stored Item', '', 'Interior ', '', 'This item was not observed during 2018 inspection. ', 'N', '', ''),
(682, 332, 'Mechanics Workshop', 1, NULL, NULL, 'Plant Formans Office ', 5, '', 1, NULL, 'Prensa 50300-090-007', 'Positive', '35', 'm²', NULL, NULL, NULL, 'Good', 'Low Accessibility', 'Low', 'Yes', '2018-05-22 00:46:12', 'P4', NULL, 'Ceiling', '310', 'Interior', 'Non-Friable', 'Maintain in good condition. Remove under controlled conditions by a Class A/B asbestos contractor prior to renovations.', 'N', '', ''),
(683, 332, 'Mechanics Workshop', 1, NULL, NULL, 'Plant Foremans Office, External South & East Walls', 5, '', 1, NULL, 'Prensa 50300-090-006', 'Positive', '25', 'm²', NULL, NULL, NULL, 'Good', 'Low Accessibility', 'Low', 'Yes', '2018-05-22 00:52:06', 'P4', NULL, 'Wall Lining ', '311', 'Interior', 'Non-Friable', 'Maintain in good condition. Remove under controlled conditions by a Class A/B asbestos contractor prior to renovations.', 'N', '', ''),
(684, 332, 'Mechanics Workshop', 1, NULL, NULL, 'Plant Foremans Office, Throughout', 5, '', 1, NULL, 'Same as Prensa 50300-090-006', 'Assumed Positive', '40', 'm²', NULL, NULL, NULL, 'Good', 'Low Accessibility', 'Low', 'Yes', '2018-05-22 00:53:30', 'P4', NULL, 'Wall Linings ', '312', 'Interior ', 'Non-Friable', 'Maintain in good condition. Remove under controlled conditions by a Class A/B asbestos contractor prior to renovations.', 'N', '', ''),
(685, 332, 'Mechanics Workshop', 1, NULL, NULL, 'Exit Corridor Adjacent Plant Foremans Office', 5, '', 1, NULL, 'Same as Prensa 50300-009-006', '', '20', 'm²', NULL, NULL, NULL, 'Good', 'Low Accessibility', 'Low', 'Yes', '2018-05-22 00:55:10', 'P4', NULL, 'Wall Linings ', '313', 'Interior ', 'Non-Friable', 'Maintain in good condition. Remove under controlled conditions by a Class A/B asbestos contractor prior to renovations.', 'N', '', ''),
(686, 332, 'Mechanics Workshop', 1, NULL, NULL, 'Exit Corridor Adjacent Plant Foremans Office', 5, '', 1, NULL, 'Same as Prensa 50300-009-007', 'Assumed Positive', '8', 'm²', NULL, NULL, NULL, 'Fair', 'Medium Accessibility', 'Low', 'Yes', '2018-05-22 00:56:56', 'P3', NULL, 'Ceiling ', '314', 'Interior ', 'Non-Friable', 'Maintain in good condition. Remove under controlled conditions by a Class A/B asbestos contractor prior to renovations.', 'N', '', ''),
(687, 332, 'Mechanics Workshop', 1, NULL, NULL, 'North Corrugated Iron Wall ', 2, '', 1, NULL, 'Prensa 50300-009-008', 'Positive', '1', 'm²', NULL, NULL, NULL, 'Good', 'Low Accessibility', 'Low', 'Yes', '2018-05-22 00:59:16', 'P4', NULL, 'Penetrations', '315', 'Exterior ', 'Friable', 'Maintain in good condition. Remove under controlled conditions by a Class A/B asbestos contractor prior to renovations.', 'N', '', ''),
(688, 332, 'Fuel Bund', 1, NULL, NULL, 'Elevated Silver Tank Pipe', 8, '', 1, NULL, 'Prensa 50300--009-009', 'Positive', '4', 'unit(s)', NULL, NULL, NULL, 'Good', 'Low Accessibility', 'Low', 'Yes', '2018-05-22 01:02:20', 'P4', NULL, 'Flange Joints ', '316', 'Exterior ', 'Non-Friable', 'Maintain in good condition. Remove under controlled conditions by a Class A/B asbestos contractor prior to renovations.', 'N', '', ''),
(689, 332, 'Disused Soil Lab Demountable', 1, NULL, NULL, 'Throughout', 0, 'Brown Sheet Vinyl ', 1, NULL, 'Prensa 50300--009-010', 'Negative', '', 'm', NULL, NULL, NULL, '', '', '', '', '2018-05-22 01:04:24', '', NULL, 'Floor Covering ', '', 'Interior', '', '', 'N', '', ''),
(690, 332, 'Administration Building ', 1, NULL, NULL, 'Roof Space Throughout', 9, '', 2, NULL, '', 'Suspected Positive', '240', 'm²', NULL, NULL, NULL, 'Good', 'Low Accessibility', 'Low', '', '2018-05-22 01:07:53', '', NULL, 'Batts', '317', 'Interior ', 'Non-Friable', 'Maintain in good condition. Remove under controlled conditions prior to renovations.', 'N', '', ''),
(691, 332, 'Amenities Block', 1, NULL, NULL, 'Roof Space Throughout', 9, '', 2, NULL, '', 'Suspected Positive', '70', 'm²', NULL, NULL, NULL, 'Good', 'Low Accessibility', 'Low', '', '2018-05-22 01:11:38', '', NULL, 'Batts', '318', 'Interior', 'Non-Friable', 'Maintain in good condition. Remove under controlled conditions prior to renovations.', 'N', '', ''),
(692, 332, 'Fuel Bund', 1, NULL, NULL, 'Silver and Green Tanks', 9, '', 2, NULL, '', 'Suspected Positive', '2', 'unit(s)', NULL, NULL, NULL, 'Good', 'Low Accessibility', 'Low', '', '2018-05-22 01:13:44', '', NULL, 'Wall Linings ', '319', 'Exterior', 'Non-Friable', 'Maintain in good condition. Remove under controlled conditions prior to renovations.', 'N', '', ''),
(693, 315, 'Residence', 1, NULL, NULL, 'Throughout', 0, 'Fluorescent Light Fittings', 4, NULL, '', 'Suspected Negative', '', 'm', NULL, NULL, NULL, '', '', '', '', '2018-05-24 03:39:15', '', NULL, 'Capacitor ', '', 'Interior - Ground Level ', '', 'Maintain in good condition. Remove or overpaint painted surfaces under controlled conditions prior to renovations.', 'N', '', ''),
(694, 315, 'Residence', 1, NULL, NULL, 'Laundry ', 0, 'White Paint System', 3, NULL, 'Prensa Swab', 'Negative', '', 'm', NULL, NULL, NULL, '', '', '', '', '2018-05-24 03:38:50', '', NULL, 'Timber Window Frames ', '', 'Exterior - Ground Level ', '', 'Maintain in good condition. Remove or overpaint painted surfaces under controlled conditions prior to renovations.', 'N', '', ''),
(695, 315, 'Residence', 1, NULL, NULL, 'Laundry ', 0, 'Beige Lower Paint System', 3, NULL, 'Prensa Swab', 'Positive', '4', 'm', NULL, NULL, NULL, 'Good', 'Low', 'Low', '', '2018-05-24 05:08:46', '', NULL, 'Window Frames ', '320', 'Exterior - Ground Level ', '', 'Maintain in good condition. Remove or overpaint painted surfaces under controlled conditions prior to renovations.', 'N', '', ''),
(696, 315, 'Residence', 1, NULL, NULL, 'Rear Wall of House ', 0, 'Burgundy Paint System', 3, NULL, 'Prensa Swab', 'Negative', '', 'm', NULL, NULL, NULL, '', '', '', '', '2018-05-24 05:09:01', '', NULL, 'Timber Window Frames ', '', 'Exterior - Ground Level ', '', 'Maintain in good condition. Remove or overpaint painted surfaces under controlled conditions prior to renovations.', 'N', '', ''),
(697, 315, 'Residence', 1, NULL, NULL, 'Rear Wall of House ', 0, 'Yellow Paint System ', 3, NULL, 'Prensa Swab', 'Negative', '', 'm', NULL, NULL, NULL, '', '', '', '', '2018-05-24 05:09:14', '', NULL, 'Cladding ', '', 'Exterior - Ground Level ', '', 'Maintain in good condition. Remove or overpaint painted surfaces under controlled conditions prior to renovations.', 'N', '', ''),
(698, 315, 'Residence', 1, NULL, NULL, 'Rear Wall of House ', 0, 'White Paint System', 3, NULL, 'Prensa Swab', 'Negative', '', 'm', NULL, NULL, NULL, '', '', '', '', '2018-05-24 05:09:27', '', NULL, 'Timber Window Frames ', '', 'Exterior - Ground Level ', '', 'Maintain in good condition. Remove or overpaint painted surfaces under controlled conditions prior to renovations.', 'N', '', ''),
(699, 315, 'Residence', 1, NULL, NULL, 'Rear Wall of House ', 0, 'Beige Lower Paint System', 3, NULL, 'Prensa Swab', 'Positive', '4', 'm', NULL, NULL, NULL, 'Good', 'Low', 'Low', '', '2018-05-24 05:09:43', '', NULL, 'Timber Window Frames ', '321', 'Exterior - Ground Level ', '', 'Maintain in good condition. Remove or overpaint painted surfaces under controlled conditions prior to renovations.', 'N', '', ''),
(700, 315, 'Residence', 1, NULL, NULL, 'South Side Deck ', 0, 'Beige Lower Paint System', 3, NULL, 'Prensa Swab', 'Positive', '50', 'm', NULL, NULL, NULL, 'Poor', 'Medium', 'Medium', '', '2018-05-24 05:09:58', '', NULL, 'Timber Barge Board around Deck Perimter', '322', 'Exterior - Ground Level ', '', 'Maintain in good condition. Remove or overpaint painted surfaces under controlled conditions prior to renovations.', 'N', '', ''),
(701, 315, 'Residence', 1, NULL, NULL, 'Carport ', 0, 'Burgundy Paint System', 3, NULL, 'Prensa Swab', 'Negative', '', 'm', NULL, NULL, NULL, '', '', '', '', '2018-05-24 03:48:35', '', NULL, 'Timber Roof Frame ', '', 'Exterior - Ground Level ', '', 'Maintain in good condition. Remove or overpaint painted surfaces under controlled conditions prior to renovations.', 'N', '', ''),
(702, 334, 'Bulk Storage Sheds', 1, NULL, NULL, 'Throughout', 0, 'None', 0, NULL, '', '', '', 'm', NULL, NULL, NULL, '', '', '', '', '2018-05-24 06:00:24', '', NULL, '', '', 'Ground Level', '', '', 'Y', '<p>No Asbestos &amp; Hazardous materials identified during assessment within 2 bulk storage sheds.</p>', ''),
(703, 334, 'Maintenance Shed', 1, NULL, NULL, 'Throughout', 0, 'None', 0, NULL, '', '', '', 'm', NULL, NULL, NULL, '', '', '', '', '2018-05-24 06:00:13', '', NULL, '', '', 'Ground Level', '', '', 'Y', '<p>No Asbestos &amp; Hazardous materials identified during assessment.</p>', '<p>No Asbestos &amp; Hazardous materials identifie'),
(704, 333, 'Amenities/Office', 1, NULL, NULL, '', 0, 'fluorescent light', 4, NULL, '', 'Positive', '1', 'unit(s)', NULL, NULL, NULL, '', 'Low', 'Low', '', '2018-05-24 04:11:37', '', NULL, 'capacitor', '', 'East Wing - Exterior', '', 'Maintain in good condition. Remove or overpaint painted surfaces under controlled conditions prior to renovations.', 'Y', '', ''),
(705, 334, 'Administration/Ammentities', 1, NULL, NULL, 'Pool Room, Ceilig Space', 0, 'Settled Dust', 3, NULL, 'Prensa-50300-287-002', 'Positive', '200', 'm', NULL, NULL, NULL, 'Poor', 'Low', 'Medium', '', '2018-05-24 04:29:54', '', NULL, '', '', 'Level 3', '', 'Result is 250mg/m2. Maintain in good condition. Remove or overpaint painted surfaces under controlled conditions prior to renovations.', 'Y', '<p>250mg/m2</p>', '<p>250mg/m2</p>'),
(706, 334, 'Yard', 1, NULL, NULL, 'Adjacent Entry Gate', 4, '', 1, NULL, 'Prensa-50300-057-001', 'Positive', '1', 'unit(s)', NULL, NULL, NULL, 'Good', 'Low', 'Low', 'Confirmed', '2018-05-24 04:37:43', 'P4', NULL, 'Bituminous Electrical Backing Board', '323', 'Ground Level', 'Non-Friable', 'Maintain in good condition. Remove under controlled conditions by a Class A/B asbestos contractor prior to renovations.', 'N', '', ''),
(707, 334, 'Sheds 5 & 6', 1, NULL, NULL, 'Throughout', 17, '', 1, NULL, 'A-01-A', 'Positive', '36', 'm', NULL, NULL, NULL, 'Good', 'Low', 'Low', 'Confirmed', '2018-05-24 05:39:24', 'P4', NULL, 'Light Green', '324', 'Ground Level', 'Non-Friable', 'Maintain in good condition. Remove under controlled conditions by a Class A/B asbestos contractor prior to renovations.', 'N', '', ''),
(708, 315, 'Residence', 1, NULL, NULL, 'Roof Space, Beneath SMF Insulation', 0, 'Surface', 3, NULL, 'Prensa Bulk Sample ', 'Negative', '', 'm', NULL, NULL, NULL, '', '', '', '', '2018-05-24 04:49:29', '', NULL, 'Dust', '', 'Interior - Ground Level ', '', 'Maintain in good condition. Remove or overpaint painted surfaces under controlled conditions prior to renovations.', 'N', '', ''),
(709, 315, 'Residence', 1, NULL, NULL, 'Roof Space, Top of Timber Roof Joists, Beneath Tin Roof Cladding', 0, 'Surface', 3, NULL, 'Prensa Bulk Sample ', 'Negative', '', 'm', NULL, NULL, NULL, '', '', '', '', '2018-05-24 05:07:52', '', NULL, 'Dust', '', 'Interior - Ground Level ', '', 'Maintain in good condition. Remove or overpaint painted surfaces under controlled conditions prior to renovations.', 'N', '', ''),
(710, 296, 'Washing Bay Shed', 1, NULL, NULL, '', 0, 'No hazardous materials identified', 0, NULL, '', '', '', 'm', NULL, NULL, NULL, '', '', '', '', '2018-05-24 05:08:22', '', NULL, '', '', 'Throughout', '', '', 'N', '', ''),
(711, 334, 'Bulk Storage Sheds', 1, NULL, NULL, 'Throughout', 0, 'None', 0, NULL, '', '', '', 'm', NULL, NULL, NULL, '', '', '', '', '2018-05-24 05:29:00', '', NULL, '', '', 'Ground Level', '', '', 'N', '', ''),
(712, 334, 'Maintenance Shed', 1, NULL, NULL, 'Throughout', 0, 'None', 0, NULL, '', '', '', 'm', NULL, NULL, NULL, '', '', '', '', '2018-05-24 05:29:40', '', NULL, '', '', 'Ground Level', '', '', 'N', '', ''),
(713, 334, 'Administration', 1, NULL, NULL, 'Throughout', 0, 'None', 0, NULL, '', '', '', 'm', NULL, NULL, NULL, '', '', '', '', '2018-05-24 05:30:20', '', NULL, '', '', 'Ground Level', '', '', 'N', '', ''),
(714, 334, 'Sheds 5 & 6', 1, NULL, NULL, 'Throughout', 0, 'Vinyl Floor Tile Adhesive', 1, NULL, 'A-01-B', 'Negative', '', 'm', NULL, NULL, NULL, '', '', '', '', '2018-05-24 06:03:43', '', NULL, 'Amber adhesive', '', 'Ground Level', '', '', 'N', '', ''),
(715, 334, 'Amenities Shed', 1, NULL, NULL, 'Amenities', 0, 'None', 0, NULL, '', '', '', 'm', NULL, NULL, NULL, '', '', '', '', '2018-05-24 05:40:37', '', NULL, '', '', 'Ground Level', '', '', 'N', '', ''),
(716, 335, 'Amenities', 1, NULL, NULL, 'Western Side', 4, '', 1, NULL, 'Prensa-50300-064-001', 'Positive', '1', 'm', NULL, NULL, NULL, 'Good', '', 'Low', 'Confirmed', '2018-05-24 22:10:37', 'P4', NULL, 'Bituminous Electrical Backing Board', '325', 'Ground Level', 'Non-Friable', 'Maintain in good condition. Remove under controlled conditions by a Class A/B asbestos contractor prior to renovations.', 'N', '', ''),
(717, 335, 'Amenities', 1, NULL, NULL, 'Toilet/Showers', 5, '', 1, NULL, 'ESP-E28847', 'Positive', '60', 'm', NULL, NULL, NULL, 'Good', 'Low', 'Low', 'Confirmed', '2018-05-24 22:10:58', 'P4', NULL, 'Wall & Cubicle Lining', '326', 'Ground Level', 'Non-Friable', 'Maintain in good condition. Remove under controlled conditions by a Class A/B asbestos contractor prior to renovations.', 'N', '', ''),
(718, 335, 'Administration', 1, NULL, NULL, 'Exterior-Lunch Room', 20, '', 2, NULL, '', 'Suspected Positive', '1', 'unit(s)', NULL, NULL, NULL, 'Good', '', '', '', '2018-05-24 22:19:05', '', NULL, 'Hot Water Unit', '327', 'Ground Level', 'Non-Friable', 'Maintain in good condition. Remove under controlled conditions prior to renovations.', 'N', '', ''),
(719, 335, 'Amenities', 1, NULL, NULL, 'Toilets & Showers', 20, '', 2, NULL, '', 'Suspected Positive', '1', 'unit(s)', NULL, NULL, NULL, 'Good', '', '', '', '2018-05-24 22:16:16', '', NULL, 'Hot Water Unit', '328', 'Ground Level', '', 'Maintain in good condition. Remove under controlled conditions prior to renovations.', 'N', '', ''),
(720, 335, 'Amenities', 1, NULL, NULL, 'Exterior - Throughout', 5, '', 1, NULL, 'A-01', 'Positive', '10', 'm', NULL, NULL, NULL, 'Good', '', 'Low', 'Confirmed', '2018-05-24 22:12:07', 'P4', NULL, 'Eaves Lining', '329', 'Ground Level', 'Non-Friable', 'Maintain in good condition. Remove under controlled conditions by a Class A/B asbestos contractor prior to renovations.', 'N', '', ''),
(721, 335, 'Amenities', 1, NULL, NULL, 'Exterior-Sub Floor', 5, '', 1, NULL, 'Not Sampled - Restricted Access', 'Suspected Positive', '30', 'm', NULL, NULL, NULL, 'Good', 'Low', 'Low', 'Not Labelle', '2018-05-24 22:12:25', 'P4', NULL, 'Flooring', '330', 'Ground Level', 'Non-Friable', 'Maintain in good condition. Remove under controlled conditions by a Class A/B asbestos contractor prior to renovations.', 'N', '', ''),
(722, 335, 'Amenities', 1, NULL, NULL, 'Toilets - Showers', 5, '', 1, NULL, 'Same As - E28847', 'Assumed Positive', '1', 'unit(s)', NULL, NULL, NULL, 'Good', 'Low', 'Low', 'Confirmed', '2018-05-24 22:12:50', 'P4', NULL, 'Inspection Hatch', '331', 'Ground Level', 'Non-Friable', 'Maintain in good condition. Remove under controlled conditions by a Class A/B asbestos contractor prior to renovations.', 'N', '', ''),
(723, 335, 'Amenities', 1, NULL, NULL, 'Toilets - Throughout', 20, '', 2, NULL, '', 'Suspected Positive', '120', 'm', NULL, NULL, NULL, 'Good', '', '', '', '2018-05-24 22:13:11', '', NULL, 'Ceiling Insulation', '332', 'Ground Level', 'Non-Friable', 'Maintain in good condition. Remove under controlled conditions prior to renovations.', 'N', '', ''),
(724, 335, 'Truck Shed', 1, NULL, NULL, 'Throughout', 0, 'None', 0, NULL, '', '', '', 'm', NULL, NULL, NULL, '', '', '', '', '2018-05-24 07:01:53', '', NULL, '', '', 'Ground Level', '', '', 'N', '<p>No Asbestos or hazardous materials were identified during this assessment.</p>', '<p>No Asbestos or hazardous materials were identif'),
(725, 314, 'Motor Registry ', 1, NULL, NULL, 'Throughout', 2, '', 1, NULL, 'Prensa 50300-151-001', 'Positive', '100', 'm', NULL, NULL, NULL, 'Good', '', 'Low', 'No', '2018-05-25 02:08:32', 'P4', NULL, 'Expansion Joints', '348', 'Exterior - Ground Level ', 'Non-Friable', 'Maintain in good condition. Remove under controlled conditions by a Class A/B asbestos contractor prior to renovations.', 'N', '', ''),
(726, 335, 'Workshop', 1, NULL, NULL, 'Throughout', 0, 'None', 0, NULL, '', '', '', 'm', NULL, NULL, NULL, '', '', '', '', '2018-05-24 22:08:45', '', NULL, '', '', 'Ground Level', '', '', 'N', '<p>No Asbestos or hazardous materials were identified during this assessment.</p>', '<p>No Asbestos or hazardous materials were identif'),
(727, 335, 'Storage Shed', 1, NULL, NULL, 'Throughout', 0, 'None', 0, NULL, '', '', '', 'm', NULL, NULL, NULL, '', '', '', '', '2018-05-24 22:08:23', '', NULL, '', '', 'Ground Level', '', '', 'N', '<p>No Asbestos or hazardous materials were identified during this assessment.</p>', '<p>No Asbestos or hazardous materials were identif'),
(728, 297, 'Works Office ', 1, NULL, NULL, 'Ceiling Space, Rear Section of Office', 0, 'Sarking Insulation', 2, NULL, '', 'Suspected Positive', '100', 'm²', NULL, NULL, NULL, 'Good', 'Low Accessibility', 'Low', '', '2018-05-24 22:39:03', '', NULL, 'Roof Lining', '', 'Interior - Ground Level ', 'Non-Friable', 'Maintain in good condition. Remove under controlled conditions prior to renovations.', 'N', '', ''),
(729, 336, 'Amenities Building', 1, NULL, NULL, 'Lunch Room', 5, '', 1, NULL, 'ESP E31074', 'Positive', '16', 'm²', NULL, NULL, NULL, 'Good', 'Low Accessibility', 'Low', 'Yes', '2018-05-24 23:24:18', 'P4', NULL, 'Ceiling', '333', 'Interior - Ground Level ', 'Non-Friable', 'Maintain in good condition. Remove under controlled conditions by a Class A/B asbestos contractor prior to renovations.', 'N', '', ''),
(730, 336, 'Amenities Building', 1, NULL, NULL, 'Lunch Room', 0, 'Cream Vinyl Tiles ', 1, NULL, 'ESP E31073', 'Positive', '16', 'm²', NULL, NULL, NULL, 'Good', 'Low Accessibility', 'Low', 'Yes', '2018-05-24 23:26:21', 'P4', NULL, 'Floor Covering ', '334', 'Interior - Ground Level ', 'Non-Friable', 'Maintain in good condition. Remove under controlled conditions by a Class A/B asbestos contractor prior to renovations.', 'N', '', ''),
(731, 336, 'Amenities Building', 1, NULL, NULL, 'Locker Room', 0, 'Cream Vinyl Tiles ', 1, NULL, 'Same as ESP E31073', 'Assumed Positive', '8', 'm²', NULL, NULL, NULL, 'Good', 'Low Accessibility', 'Low', 'Yes', '2018-05-24 23:27:36', 'P4', NULL, 'Floor Covering ', '335', 'Interior - Ground Level ', 'Non-Friable', 'Maintain in good condition. Remove under controlled conditions by a Class A/B asbestos contractor prior to renovations.', 'N', '', ''),
(732, 336, 'Amenities Building', 1, NULL, NULL, 'Locker Room', 5, '', 1, NULL, 'Same as ESP E31074', 'Assumed Positive', '8', 'm²', NULL, NULL, NULL, 'Good', 'Low Accessibility', 'Low', 'Yes', '2018-05-24 23:29:06', 'P4', NULL, 'Ceiling', '336', 'Interior - Ground Level ', 'Non-Friable', 'Maintain in good condition. Remove under controlled conditions by a Class A/B asbestos contractor prior to renovations.', 'N', '', ''),
(733, 336, 'Amenities Building', 1, NULL, NULL, 'Entrance Corridor, Toilet/Shower Area & Store Room', 5, '', 1, NULL, 'Same as ESP E31074', 'Assumed Positive', '20', 'm²', NULL, NULL, NULL, 'Good', 'Low Accessibility', 'Low', 'Yes', '2018-05-24 23:37:27', 'P4', NULL, 'Ceiling', '337', 'Interior - Ground Level ', 'Non-Friable', 'Maintain in good condition. Remove under controlled conditions by a Class A/B asbestos contractor prior to renovations.', 'N', '', ''),
(734, 336, 'Amenities Building', 1, NULL, NULL, 'Throughout', 5, '', 1, NULL, 'Same as ESP E31074', 'Assumed Positive', '20', 'm²', NULL, NULL, NULL, 'Good', 'Low Accessibility', 'Low', 'Yes', '2018-05-24 23:42:37', 'P4', NULL, 'Eaves', '338', 'Exterior - Ground Level ', 'Non-Friable', 'Maintain in good condition. Remove under controlled conditions by a Class A/B asbestos contractor prior to renovations.', 'N', '', ''),
(735, 336, 'Amenities Building', 1, NULL, NULL, '', 4, '', 1, NULL, 'Not Sampled - Live', 'Suspected Positive', '1', 'unit(s)', NULL, NULL, NULL, 'Good', 'Low', 'Low', 'Yes', '2018-05-24 23:51:40', 'P4', NULL, 'Distribution Board', '339', 'Exterior - Ground Level ', 'Non-Friable', 'Maintain in good condition. Remove under controlled conditions by a Class A/B asbestos contractor prior to renovations.', 'N', '', ''),
(736, 336, 'Compound', 1, NULL, NULL, 'Electrical Pole ', 4, '', 1, NULL, 'Not Sampled - Live', 'Suspected Positive', '1', 'unit(s)', NULL, NULL, NULL, 'Good', 'Low Accessibility', 'Low', 'Yes', '2018-05-24 23:54:33', 'P4', NULL, 'Distribution Board', '340', 'Exterior - Ground Level ', 'Non-Friable', 'Maintain in good condition. Remove under controlled conditions by a Class A/B asbestos contractor prior to renovations.', 'N', '', ''),
(737, 336, 'Main Office ', 1, NULL, NULL, 'Throughout', 0, 'Brown Sheet Vinyl ', 1, NULL, 'ESP E31075', 'Negative', '', 'm', NULL, NULL, NULL, '', '', '', '', '2018-05-24 23:57:08', '', NULL, 'Floor Covering ', '', 'Interior - Ground Level ', '', 'Maintain in good condition. Remove under controlled conditions prior to renovations.', 'N', '', ''),
(738, 336, 'Demountable Call-Out Shed', 1, NULL, NULL, 'Throughout ', 0, 'Cream Sheet Vinyl ', 1, NULL, 'Same as ESP E31076', 'Assumed Negative', '', 'm', NULL, NULL, NULL, '', '', '', '', '2018-05-25 00:28:28', '', NULL, 'Floor Covering ', '', 'Interior - Ground Level ', '', '', 'N', '', ''),
(739, 336, 'Demountable Call-Out Shed', 1, NULL, NULL, 'South', 5, '', 1, NULL, 'Nabiac-02', 'Positive', '4', 'm', NULL, NULL, NULL, 'Good', '', 'Low', 'Yes', '2018-05-25 00:28:53', 'P4', NULL, 'Wall Lining ', '341', 'Interior - Ground Level ', 'Non-Friable', 'Maintain in good condition. Remove under controlled conditions by a Class A/B asbestos contractor prior to renovations.', 'N', '', ''),
(740, 336, 'Demountable Call-Out Shed', 1, NULL, NULL, 'Throughout', 5, '', 1, NULL, 'ESP E31079', 'Positive', '12', 'm²', NULL, NULL, NULL, 'Good', 'Low', 'Low', 'Yes', '2018-05-25 01:59:28', 'P4', NULL, 'Ceiling', '342', 'Interior - Ground Level ', 'Non-Friable', 'Maintain in good condition. Remove under controlled conditions by a Class A/B asbestos contractor prior to renovations.', 'N', '', ''),
(741, 329, 'Maintenance Shed Ajacent Bunded sealing area', 1, NULL, NULL, '', 0, 'None', 0, NULL, '', '', '', 'm', NULL, NULL, NULL, '', '', '', '', '2018-05-25 00:06:55', '', NULL, '', '', 'Ground Level', '', '', 'N', '', ''),
(742, 336, 'Amenities Building', 1, NULL, NULL, 'Male Toilets', 9, '', 2, NULL, '', 'Assumed Positive', '1', 'unit(s)', NULL, NULL, NULL, 'Good', 'Low Accessibility', 'Low', '', '2018-05-25 00:07:50', '', NULL, 'Hot Water Unit ', '343', 'Interior - Ground Level ', 'Non-Friable', 'Maintain in good condition. Remove under controlled conditions prior to renovations.', 'N', '', ''),
(743, 336, 'Demountable Stores', 1, NULL, NULL, 'Throughout ', 0, 'Cream Vinyl Tile ', 1, NULL, 'Nabiac-01', 'Positive', '12', 'm', NULL, NULL, NULL, 'Good', '', 'Low', 'Yes', '2018-05-25 00:26:57', 'P4', NULL, 'Floor Covering ', '344', 'Interior - Ground Level ', 'Non-Friable', 'Maintain in good condition. Remove under controlled conditions by a Class A/B asbestos contractor prior to renovations.', 'N', '', ''),
(744, 336, 'Demountable Amenities Store ', 1, NULL, NULL, '', 4, '', 1, NULL, 'Not Sampled - Newer Appearance', 'Suspected Negative', '', 'm', NULL, NULL, NULL, '', '', '', '', '2018-05-25 00:32:56', '', NULL, 'Distribution Board', '', 'Exterior - Ground Level ', '', '', 'N', '', ''),
(745, 336, 'Training Demountable', 1, NULL, NULL, 'Throughout', 0, 'Green Vinyl Tiles ', 1, NULL, 'Prensa 50300-166-001A', 'Negative', '', 'm', NULL, NULL, NULL, '', '', '', '', '2018-05-25 00:34:39', '', NULL, 'Floor Covering ', '', 'Interior - Ground Level ', '', '', 'N', '', ''),
(746, 336, 'Training Demountable', 1, NULL, NULL, 'Throughout ', 0, 'Grey Vinyl Tiles ', 1, NULL, 'Prensa 50300-166-001B', 'Negative', '', 'm', NULL, NULL, NULL, '', '', '', '', '2018-05-25 00:35:24', '', NULL, 'Floor Covering ', '', 'Interior - Ground Level ', '', '', 'N', '', ''),
(747, 336, 'Training Demountable', 1, NULL, NULL, 'Throughout ', 0, 'Beige Vinyl Tiles ', 1, NULL, '50300-166-001C', 'Negative', '', 'm', NULL, NULL, NULL, '', '', '', '', '2018-05-25 00:36:51', '', NULL, 'Floor Covering', '', 'Interior - Ground Level ', '', '', 'N', '', ''),
(748, 336, 'Amenities Building', 1, NULL, NULL, 'Throughout ', 0, 'Fluorescent Light Fitting', 4, NULL, '', 'Suspected Positive', '7', 'unit(s)', NULL, NULL, NULL, 'Good', 'Low Accessibility', 'Low', '', '2018-05-25 00:39:12', '', NULL, 'Capacitor ', '345', 'Interior - Ground Level ', '', 'Maintain in good condition. Remove or overpaint painted surfaces under controlled conditions prior to renovations.', 'N', '', ''),
(749, 336, 'Various Shipping Containers', 1, NULL, NULL, 'Throughout ', 0, 'No hazardous materials identified', 0, NULL, '', '', '', 'm', NULL, NULL, NULL, '', '', '', '', '2018-05-25 00:40:31', '', NULL, '', '', 'Interior & Exterior', '', '', 'N', '', ''),
(750, 336, 'Flammable Liquids Store ', 1, NULL, NULL, 'Throughout ', 0, 'No hazardous materials identified', 0, NULL, '', '', '', 'm', NULL, NULL, NULL, '', '', '', '', '2018-05-25 00:41:03', '', NULL, '', '', 'Interior & Exterior ', '', '', 'N', '', ''),
(751, 336, 'Amenities Building', 1, NULL, NULL, 'Throughout', 0, 'White Lower Paint System', 3, NULL, 'Prensa Swab', 'Positive', '8', 'm', NULL, NULL, NULL, 'Good', 'Low Accessibility', 'Low', '', '2018-05-25 00:43:34', '', NULL, 'Door Frames ', '346', 'Interior - Ground Level ', '', 'Maintain in good condition. Remove or overpaint painted surfaces under controlled conditions prior to renovations.', 'N', '', ''),
(752, 336, 'Amenities Building', 1, NULL, NULL, 'Throughout', 0, 'White Lower Paint System', 3, NULL, 'Prensa Swab', 'Positive', '40', 'm', NULL, NULL, NULL, 'Good', 'Low Accessibility', 'Low', '', '2018-05-25 00:46:24', '', NULL, 'Walls ', '347', 'Interior - Ground Level ', '', 'Maintain in good condition. Remove or overpaint painted surfaces under controlled conditions prior to renovations.', 'N', '', ''),
(753, 336, 'Demountable Signs Store Shed', 1, NULL, NULL, 'Throughout', 0, 'No hazardous materials identified ', 0, NULL, '', '', '', 'm', NULL, NULL, NULL, '', '', '', '', '2018-05-25 02:01:37', '', NULL, '', '', 'Interior - Ground Level  ', '', '', 'N', '', ''),
(754, 297, 'Works Office ', 1, NULL, NULL, 'Meeting Room', 9, '', 2, NULL, '', 'Suspected Positive', '50', 'm²', NULL, NULL, NULL, 'Good', 'Low Accessibility', 'Low', '', '2018-05-25 02:21:31', '', NULL, 'Compressed Ceiling Tiles', '349', 'Interior - Ground Level ', '', 'Maintain in good condition. Remove under controlled conditions prior to renovations.', 'N', '', ''),
(755, 312, 'Work Shed', 1, NULL, NULL, 'Throughout', 0, 'Building has been removed from site', 0, NULL, '', '', '', 'm', NULL, NULL, NULL, '', '', '', '', '2018-05-25 02:48:50', '', NULL, '', '', 'Interior & Exterior - Ground Level ', '', '', 'N', '', ''),
(756, 327, 'Bridge Services Storage', 1, NULL, NULL, 'Throughout', 0, 'None', 0, NULL, '', '', '', 'm', NULL, NULL, NULL, '', '', '', '', '2018-05-25 02:50:47', '', NULL, '', '', 'Ground Level', '', '', 'Y', '', ''),
(757, 312, 'Various Shipping Containers ', 1, NULL, NULL, 'Throughout', 0, 'White Paint System', 3, NULL, 'Narrabri-LP02', 'Negative', '', 'm', NULL, NULL, NULL, '', '', '', '', '2018-05-25 02:52:06', '', NULL, 'Walls', '', 'Interior - Ground Level ', '', 'Maintain in good condition. Remove or overpaint painted surfaces under controlled conditions prior to renovations.', 'N', '', ''),
(758, 312, 'Open Yellow Sheds', 1, NULL, NULL, 'Throughout', 0, 'Yellow Paint System ', 3, NULL, 'Narrabri-LP03', 'Negative', '', 'm', NULL, NULL, NULL, '', '', '', '', '2018-05-25 02:53:35', '', NULL, 'Walls ', '', 'Exterior - Ground Level ', '', 'Maintain in good condition. Remove or overpaint painted surfaces under controlled conditions prior to renovations.', 'N', '', ''),
(759, 312, 'Amenities Block', 1, NULL, NULL, 'Entrance', 0, 'Green Paint System ', 3, NULL, 'Narrabri-LP01', 'Negative', '', 'm', NULL, NULL, NULL, '', '', '', '', '2018-05-25 03:01:18', '', NULL, 'Railing', '', 'Exterior - Ground Level ', '', 'Maintain in good condition. Remove or overpaint painted surfaces under controlled conditions prior to renovations.', 'N', '', ''),
(760, 319, 'Flammable Liquids Store ', 1, NULL, NULL, 'Throughout', 0, 'Yellow Paint System ', 3, NULL, 'Prensa Swab', 'Positive', '10', 'm²', NULL, NULL, NULL, 'Good', 'Low Accessibility', 'Low', '', '2018-05-25 03:54:38', '', NULL, 'Wall Cladding', '350', 'Exterior - Ground Level ', '', 'Maintain in good condition. Remove or overpaint painted surfaces under controlled conditions prior to renovations.', 'N', '', ''),
(761, 319, 'Shipping Container 1', 1, NULL, NULL, 'Throughout', 0, 'Beige Paint System', 3, NULL, 'Prensa Swab ', 'Positive', '20', 'm²', NULL, NULL, NULL, 'Poor', 'Medium Accessibility', 'Medium', '', '2018-05-25 03:57:37', '', NULL, 'Wall Cladding', '351', 'Exterior - Ground Level ', '', 'Maintain in good condition. Remove or overpaint painted surfaces under controlled conditions prior to renovations.', 'N', '', ''),
(762, 319, 'Shipping Container 2', 1, NULL, NULL, 'Throughout', 0, 'Beige Paint System', 3, NULL, 'Prensa Swab', 'Positive', '20', 'm²', NULL, NULL, NULL, 'Poor', 'Medium Accessibility', 'Medium', '', '2018-05-25 03:59:56', '', NULL, 'Wall Cladding', '352', 'Exterior - Ground Level ', '', 'Maintain in good condition. Remove or overpaint painted surfaces under controlled conditions prior to renovations.', 'N', '', ''),
(763, 326, 'Motor Registry', 1, NULL, NULL, 'Exterior - Various Throughout', 5, '', 1, NULL, 'ESP-E29684', 'Negative', '', 'm', NULL, NULL, NULL, '', '', '', '', '2018-05-25 04:04:13', '', NULL, 'Eaves Lining', '', 'Ground Level', '', '', 'N', '', ''),
(764, 338, 'Motor Registry', 1, NULL, NULL, 'File Room', 12, '', 1, NULL, '', 'Suspected Positive', '1', 'unit(s)', NULL, NULL, NULL, 'Good', 'Low', 'Low', 'Suspected', '2018-05-28 00:40:55', 'P3', NULL, 'Safe Insulation', '353', 'Ground Level', 'Friable', 'Maintain in good condition. Remove under controlled conditions by a Class A asbestos contractor prior to renovations.', 'N', '', ''),
(765, 338, 'Motor Registry', 1, NULL, NULL, 'Managers Office', 12, '', 1, NULL, '', 'Suspected Positive', '1', 'unit(s)', NULL, NULL, NULL, 'Good', 'Low', 'Low', 'Suspected', '2018-05-28 00:41:12', 'P3', NULL, 'Safe Insulation', '354', 'Ground Level', 'Friable', 'Maintain in good condition. Remove under controlled conditions by a Class A asbestos contractor prior to renovations.', 'N', '', ''),
(766, 338, 'Motor Registry', 1, NULL, NULL, 'Customer Service Area', 16, '', 1, NULL, 'ESP-E30967', 'Negative', '', 'm', NULL, NULL, NULL, '', '', '', '', '2018-05-28 00:43:35', '', NULL, 'Floor Covering', '', 'Ground Level', '', '', 'N', '', ''),
(767, 338, 'Motor Registry', 1, NULL, NULL, 'Rear Entrance', 5, '', 1, NULL, 'ESP-E30968', 'Negative', '', 'm', NULL, NULL, NULL, '', '', '', '', '2018-05-28 00:46:06', '', NULL, 'Board under Mat', '', 'Ground Level', '', '', 'N', '', ''),
(768, 338, 'Motor Registry', 1, NULL, NULL, 'Kitchen - Below Sink', 20, '', 2, NULL, '', 'Suspected Positive', '1', 'unit(s)', NULL, NULL, NULL, 'Good', '', '', '', '2018-05-28 00:47:30', '', NULL, 'Hot Water Unit', '355', 'Ground Level', 'Non-Friable', 'Maintain in good condition. Remove under controlled conditions prior to renovations.', 'N', '', ''),
(769, 338, 'Motor Registry', 1, NULL, NULL, 'Exterior - South eastern Side', 20, '', 2, NULL, '', 'Suspected Positive', '60', 'm²', NULL, NULL, NULL, 'Good', '', '', '', '2018-05-28 00:49:25', '', NULL, 'Sarking Insulation', '356', 'Ground Level', 'Non-Friable', 'Maintain in good condition. Remove under controlled conditions prior to renovations.', 'N', '', ''),
(770, 338, 'Motor Registry', 1, NULL, NULL, 'Exterior - South Western Side', 20, '', 2, NULL, '', 'Suspected Positive', '6', 'm²', NULL, NULL, NULL, 'Good', '', '', '', '2018-05-28 00:51:03', '', NULL, 'Sarking Insulation', '357', 'Ground Level', 'Non-Friable', 'Maintain in good condition. Remove under controlled conditions prior to renovations.', 'N', '', ''),
(771, 338, 'Motor Registry', 1, NULL, NULL, 'File Room', 22, '', 4, NULL, '', 'Suspected Negative', '', 'm', NULL, NULL, NULL, '', '', '', '', '2018-05-28 00:56:15', '', NULL, 'Fluorescent Light Fittings', '', 'Ground Level', '', 'Maintain in good condition. Remove or overpaint painted surfaces under controlled conditions prior to renovations.', 'N', '<p>New Light fitting</p>', ''),
(772, 338, 'Motor Registry', 1, NULL, NULL, 'Customer Entrance', 22, '', 4, NULL, '', 'Suspected Positive', '1', 'unit(s)', NULL, NULL, NULL, 'Good', '', '', '', '2018-05-28 00:58:23', '', NULL, 'Fluorescent Light Fittings', '358', 'Ground Level', '', 'Maintain in good condition. Remove or overpaint painted surfaces under controlled conditions prior to renovations.', 'N', '', ''),
(773, 338, 'Motor Registry', 1, NULL, NULL, 'Various Throughout', 21, '', 3, NULL, 'Lead Check', 'Negative', '', 'm', NULL, NULL, NULL, '', '', '', '', '2018-05-28 01:03:56', '', NULL, 'Grey Colour Paint Systems', '', 'Ground Level', '', '', 'N', '', ''),
(774, 338, 'Motor Registry', 1, NULL, NULL, 'Exterior - File Room', 21, '', 3, NULL, 'Lead Check', 'Negative', '', 'm', NULL, NULL, NULL, '', '', '', '', '2018-05-28 01:04:16', '', NULL, 'White Colour Paint Systems', '', 'Ground Level', '', '', 'N', '', ''),
(775, 338, 'Motor Registry', 1, NULL, NULL, 'Exterior - Throughout', 21, '', 3, NULL, 'Lead Check', 'Negative', '', 'm', NULL, NULL, NULL, '', '', '', '', '2018-05-28 01:03:12', '', NULL, 'White Colour Paint Systems', '', 'Ground Level', '', '', 'N', '', ''),
(776, 339, 'Storage Sheds X 3', 1, NULL, NULL, 'Interior - Throughout', 17, '', 1, NULL, 'A-01-A', 'Positive', '46', 'm', NULL, NULL, NULL, 'Good', 'Low', 'Low', 'Confirmed', '2018-05-28 02:24:10', 'P4', NULL, 'Grey Colour Vinyl Floor Tiles', '359', 'Ground Level', 'Non-Friable', 'Maintain in good condition. Remove under controlled conditions by a Class A/B asbestos contractor prior to renovations.', 'N', '', ''),
(777, 339, 'Storage Sheds X 3', 1, NULL, NULL, 'Interior - Throughout', 17, '', 1, NULL, 'A-01-B', 'Negative', '', 'm', NULL, NULL, NULL, '', '', '', '', '2018-05-28 02:23:14', '', NULL, 'Adhesive', '', 'Ground Level', '', '', 'N', '', ''),
(778, 339, 'Administration/Laboratory', 1, NULL, NULL, 'Exterior', 20, '', 2, NULL, '', 'Suspected Positive', '1', 'unit(s)', NULL, NULL, NULL, 'Good', '', '', '', '2018-05-28 02:26:15', '', NULL, 'Hot Water Unit', '360', 'Ground Level', 'Non-Friable', 'Maintain in good condition. Remove under controlled conditions prior to renovations.', 'N', '', ''),
(779, 339, 'Amenities Shed', 1, NULL, NULL, 'Toilet/Shower', 20, '', 2, NULL, '', 'Suspected Positive', '1', 'unit(s)', NULL, NULL, NULL, 'Good', '', '', '', '2018-05-28 02:27:43', '', NULL, 'Hot Water Unit', '361', 'Ground Level', 'Non-Friable', 'Maintain in good condition. Remove under controlled conditions prior to renovations.', 'N', '', ''),
(780, 339, 'Main Storage Shed', 1, NULL, NULL, 'Interior - Throughout', 20, '', 2, NULL, '', 'Suspected Positive', '200', 'm²', NULL, NULL, NULL, 'Good', '', '', '', '2018-05-28 02:29:28', '', NULL, 'Roof Insulation', '362', 'Ground Level', 'Non-Friable', 'Maintain in good condition. Remove under controlled conditions prior to renovations.', 'N', '', ''),
(781, 339, 'Beam Truck Shed', 1, NULL, NULL, 'Throughout', 0, 'None', 0, NULL, '', '', '', 'm', NULL, NULL, NULL, '', '', '', '', '2018-05-28 02:30:44', '', NULL, '', '', 'Ground Level', '', '', 'N', '', ''),
(782, 339, 'Grounds Survey Shed', 1, NULL, NULL, 'Throughout', 20, '', 2, NULL, '', 'Suspected Positive', '120', 'm²', NULL, NULL, NULL, 'Good', '', '', '', '2018-05-28 02:35:55', '', NULL, 'Sarking Insulation', '363', 'Ground Level', 'Non-Friable', 'Maintain in good condition. Remove under controlled conditions prior to renovations.', 'N', '', ''),
(783, 340, 'Amenities Building', 1, NULL, NULL, 'Showers', 5, '', 1, NULL, 'Prensa-50300-038-001', 'Negative', '', 'm', NULL, NULL, NULL, '', '', '', '', '2018-05-28 02:59:05', '', NULL, 'Shower Partitions', '', 'Ground Level', '', '', 'N', '', ''),
(784, 340, 'Amenities Building', 1, NULL, NULL, 'Throughout', 16, '', 1, NULL, 'ESP-E34130', 'Negative', '', 'm', NULL, NULL, NULL, '', '', '', '', '2018-05-28 03:01:02', '', NULL, 'Floor Covering', '', 'Ground Level', '', '', 'N', '', ''),
(785, 340, 'Supervisors Office', 1, NULL, NULL, 'Office Area - Throughout', 16, '', 1, NULL, 'ESP-E34129', 'Negative', '', 'm', NULL, NULL, NULL, '', '', '', '', '2018-05-28 03:02:45', '', NULL, 'Floor Covering', '', 'Ground Level', '', '', 'N', '', ''),
(786, 340, 'Leading Hand Building', 1, NULL, NULL, 'Office Area - Throughout', 16, '', 1, NULL, 'ESP-E34130', 'Negative', '', 'm', NULL, NULL, NULL, '', '', '', '', '2018-05-28 03:04:18', '', NULL, 'Floor Covering', '', 'Ground Level', '', '', 'N', '', ''),
(787, 340, 'Amenities Building', 1, NULL, NULL, 'Shower Room', 20, '', 2, NULL, '', 'Positive', '1', 'unit(s)', NULL, NULL, NULL, 'Good', '', '', '', '2018-05-28 03:05:33', '', NULL, 'Hot Water Unit', '364', 'Ground Level', 'Non-Friable', 'Maintain in good condition. Remove under controlled conditions prior to renovations.', 'N', '', ''),
(788, 340, 'Timber Storage Shed', 1, NULL, NULL, 'Throughout', 0, 'None', 0, NULL, '', '', '', 'm', NULL, NULL, NULL, '', '', '', '', '2018-05-28 03:06:49', '', NULL, '', '', 'Ground Level', '', '', 'N', '', ''),
(789, 340, 'Workshop', 1, NULL, NULL, 'Throughout', 0, 'None', 0, NULL, '', '', '', 'm', NULL, NULL, NULL, '', '', '', '', '2018-05-28 03:07:34', '', NULL, '', '', 'Ground Level', '', '', 'N', '', ''),
(790, 340, 'Main Workshop', 1, NULL, NULL, 'Throughout', 0, 'None', 0, NULL, '', '', '', 'm', NULL, NULL, NULL, '', '', '', '', '2018-05-28 03:08:16', '', NULL, '', '', 'Ground Level', '', '', 'N', '', ''),
(791, 341, 'Motor Registry', 1, NULL, NULL, 'Plant Room', 4, '', 1, NULL, 'Prensa-50300-266-001', 'Positive', '1', 'unit(s)', NULL, NULL, NULL, 'Good', 'Low', 'Low', 'Confirmed', '2018-05-28 03:27:17', 'P4', NULL, 'Bituminous Electrical Backing Board', '365', 'Ground Level', 'Non-Friable', 'Maintain in good condition. Remove under controlled conditions by a Class A/B asbestos contractor prior to renovations.', 'N', '', ''),
(792, 341, 'Motor Registry', 1, NULL, NULL, 'Strong Room', 0, 'Sheet Vinyl Backing', 1, NULL, 'ESP-E34126', 'Positive', '10', 'm', NULL, NULL, NULL, 'Good', 'Low', 'Low', 'Confirmed', '2018-05-28 03:31:52', 'P3', NULL, 'Paper backing', '366', 'Ground Level', 'Friable', 'Maintain in good condition. Remove under controlled conditions by a Class A asbestos contractor prior to renovations.', 'N', '', ''),
(793, 341, 'Motor Registry', 1, NULL, NULL, 'Cleaners Room', 5, '', 1, NULL, 'ESP-E34127', 'Positive', '1', 'm', NULL, NULL, NULL, 'Good', 'Low', 'Low', 'Confirmed', '2018-05-28 03:33:55', 'P4', NULL, 'Access Hatch', '367', 'Ground Level', 'Non-Friable', 'Maintain in good condition. Remove under controlled conditions by a Class A/B asbestos contractor prior to renovations.', 'N', '', ''),
(794, 341, 'Motor Registry', 1, NULL, NULL, 'Plant Room', 20, '', 2, NULL, '', 'Suspected Positive', '1', 'unit(s)', NULL, NULL, NULL, 'Good', '', '', '', '2018-05-28 03:35:27', '', NULL, 'Hot Water Unit', '368', 'Ground Level', 'Non-Friable', 'Maintain in good condition. Remove under controlled conditions prior to renovations.', 'N', '', ''),
(795, 341, 'Motor Registry', 1, NULL, NULL, 'Plant Room', 20, '', 2, NULL, '', 'Suspected Positive', '120', 'm²', NULL, NULL, NULL, 'Good', '', '', '', '2018-05-28 03:36:44', '', NULL, 'Sarking Insulation', '369', 'Ground Level', 'Non-Friable', 'Maintain in good condition. Remove under controlled conditions prior to renovations.', 'N', '', ''),
(796, 341, 'Motor Registry', 1, NULL, NULL, 'Plant Room', 21, '', 3, NULL, 'Lead Check', 'Negative', '', 'm', NULL, NULL, NULL, '', '', '', '', '2018-05-28 03:37:50', '', NULL, 'White Colour Paint Systems', '', 'Ground Level', '', 'Maintain in good condition. Remove or overpaint painted surfaces under controlled conditions prior to renovations.', 'N', '', ''),
(797, 341, 'Motor Registry', 1, NULL, NULL, 'Staff Lunch Room', 20, '', 2, NULL, '', 'Suspected Positive', '1', 'unit(s)', NULL, NULL, NULL, 'Good', '', '', '', '2018-05-28 03:38:53', '', NULL, 'Hot Water Unit', '370', 'Ground Level', 'Non-Friable', 'Maintain in good condition. Remove under controlled conditions prior to renovations.', 'N', '', ''),
(798, 342, 'Truck Shed', 1, NULL, NULL, 'Western wall', 5, '', 1, NULL, 'Prensa-50300-191-002', 'Negative', '', 'm', NULL, NULL, NULL, '', '', '', '', '2018-05-28 04:07:31', '', NULL, 'Stored items', '', 'Ground Level', '', '', 'N', '', ''),
(799, 342, 'Maintenance Shed', 1, NULL, NULL, 'Interior - Throughout', 2, '', 1, NULL, 'ESP-E29783', 'Negative', '', 'm', NULL, NULL, NULL, '', '', '', '', '2018-05-28 04:10:18', '', NULL, 'Floor Covering', '', 'Ground Level', '', '', 'N', '', ''),
(800, 342, 'Workshop', 1, NULL, NULL, 'Southern wall-Exterior', 4, '', 1, NULL, 'Prensa-50300-191-003', 'Positive', '1', 'unit(s)', NULL, NULL, NULL, 'Good', 'Low Accessibility', 'Low', 'Confirmed', '2018-05-28 04:13:12', 'P4', NULL, 'Bituminous Electrical Backing Board', '371', 'Ground Level', 'Non-Friable', 'Maintain in good condition. Remove under controlled conditions by a Class A/B asbestos contractor prior to renovations.', 'N', '', ''),
(801, 342, 'Workshop', 1, NULL, NULL, 'Office Area - Throughout', 17, '', 1, NULL, 'ESP-E29782', 'Negative', '', 'm', NULL, NULL, NULL, '', '', '', '', '2018-05-28 04:15:26', '', NULL, 'Floor Covering-Grey', '', 'Ground Level', '', '', 'N', '', ''),
(802, 342, 'Amenities Building', 1, NULL, NULL, 'Adjacent Entrance', 0, 'Moulded Fibre Cement', 1, NULL, 'ESP-E42030', 'Positive', '4', 'm', NULL, NULL, NULL, 'Good', 'Low', 'Low', 'Confirmed', '2018-05-28 04:23:03', 'P4', NULL, 'Wind Break/Privacy Screen', '372', 'Ground Level', 'Non-Friable', 'Maintain in good condition. Remove under controlled conditions by a Class A/B asbestos contractor prior to renovations.', 'N', '', ''),
(803, 342, 'Long Term Store', 1, NULL, NULL, 'Interior - Throughout', 5, '', 1, NULL, 'Prensa-50300-191-004', 'Negative', '', 'm', NULL, NULL, NULL, '', '', '', '', '2018-05-28 04:25:12', '', NULL, 'Wall Lining', '', 'Ground Level', '', '', 'N', '', ''),
(804, 342, 'Long Term Store', 1, NULL, NULL, 'Interior - Throughout', 5, '', 1, NULL, 'Prensa-50300-191-004', 'Negative', '', 'm', NULL, NULL, NULL, '', '', '', '', '2018-05-28 04:26:56', '', NULL, 'Ceiling Lining', '', 'Ground Level', '', '', 'N', '', ''),
(805, 342, 'Carpenters Workshop', 1, NULL, NULL, 'Old Carpenters Room', 5, '', 1, NULL, 'ESP-E29780', 'Negative', '', 'm', NULL, NULL, NULL, '', '', '', '', '2018-05-28 04:30:28', '', NULL, 'Wall Lining', '', 'Ground Level', '', '', 'N', '', ''),
(806, 342, 'Truck Shed', 1, NULL, NULL, 'Northern Wall', 20, '', 2, NULL, '', 'Suspected Positive', '100', 'm²', NULL, NULL, NULL, 'Good', '', '', '', '2018-05-28 04:34:35', '', NULL, 'Sarking Insulation', '373', 'Ground Level', 'Non-Friable', 'Maintain in good condition. Remove under controlled conditions prior to renovations.', 'N', '', ''),
(807, 342, 'Truck Shed', 1, NULL, NULL, 'Interior - Throughout', 20, '', 2, NULL, '', 'Suspected Positive', '250', 'm', NULL, NULL, NULL, 'Good', '', '', '', '2018-05-28 04:36:41', '', NULL, 'Sarking Insulation', '374', 'Ground Level', 'Non-Friable', 'Maintain in good condition. Remove under controlled conditions prior to renovations.', 'N', '', ''),
(808, 342, 'Paint Store', 1, NULL, NULL, 'Roof Throughout', 20, '', 2, NULL, '', 'Suspected Positive', '100', 'm²', NULL, NULL, NULL, 'Good', '', '', '', '2018-05-28 04:38:36', '', NULL, 'Sarking Insulation', '375', 'Ground Level', 'Non-Friable', 'Maintain in good condition. Remove under controlled conditions prior to renovations.', 'N', '', ''),
(809, 342, 'Workshop', 1, NULL, NULL, 'Compressor Room', 20, '', 2, NULL, '', 'Suspected Positive', '4', 'm²', NULL, NULL, NULL, 'Good', '', '', '', '2018-05-28 04:40:36', '', NULL, 'Sarking Insulation', '376', 'Ground Level', 'Non-Friable', 'Maintain in good condition. Remove under controlled conditions prior to renovations.', 'N', '', ''),
(810, 342, 'Administration', 1, NULL, NULL, 'Conference Room ', 20, '', 2, NULL, '', 'Suspected Positive', '140', 'm²', NULL, NULL, NULL, 'Good', '', '', '', '2018-05-28 04:43:22', '', NULL, 'Roof Insulation', '377', 'Ground Level', 'Non-Friable', 'Maintain in good condition. Remove under controlled conditions prior to renovations.', 'N', '', ''),
(811, 342, 'Administration', 1, NULL, NULL, 'conference Room', 20, '', 2, NULL, '', 'Suspected Positive', '320', 'm', NULL, NULL, NULL, 'Fair', '', '', '', '2018-05-28 04:45:35', '', NULL, 'Wall Insulation', '378', 'Ground Level', 'Non-Friable', 'Maintain in good condition. Remove under controlled conditions prior to renovations.', 'N', '', ''),
(812, 342, 'Sign Shed', 1, NULL, NULL, 'Throughout', 0, 'None', 0, NULL, '', '', '', 'm', NULL, NULL, NULL, '', '', '', '', '2018-05-28 04:46:48', '', NULL, '', '', 'Ground Level', '', '', 'N', '', ''),
(813, 342, 'Garage', 1, NULL, NULL, 'Throughout', 0, 'None', 0, NULL, '', '', '', 'm', NULL, NULL, NULL, '', '', '', '', '2018-05-28 04:47:31', '', NULL, '', '', 'Ground Level', '', '', 'N', '', '');
INSERT INTO `tbl_items` (`itemID`, `siteID`, `buildingName`, `clientID`, `item_no`, `item_name`, `room_specific`, `materialID`, `materialOther`, `hazard_type`, `samples_taken`, `sample_no`, `sample_status`, `extent`, `extent_mesurement`, `contact`, `contact_number`, `recommendations`, `item_condition`, `disturb_potential`, `risk_rating`, `current_label`, `date_updated`, `control_priority`, `work_records`, `description`, `photo_no`, `location_level`, `friability`, `control_recommendation`, `hide`, `work_action`, `item_status`) VALUES
(814, 342, 'Carpenters Workshop', 1, NULL, NULL, 'Carpenters Room', 9, '', 2, NULL, '', 'Suspected Positive', '6', 'm²', NULL, NULL, NULL, 'Good', '', '', '', '2018-05-28 04:49:59', '', NULL, 'Wall Insulation', '379', 'Ground Level', 'Non-Friable', 'Maintain in good condition. Remove under controlled conditions prior to renovations.', 'N', '', ''),
(815, 342, 'Carpenters Workshop', 1, NULL, NULL, 'Carpenters Room', 20, '', 2, NULL, '', 'Suspected Positive', '60', 'm²', NULL, NULL, NULL, 'Good', '', '', '', '2018-05-28 04:52:54', '', NULL, 'Sarking Insulation', '380', 'Ground Level', 'Non-Friable', 'Maintain in good condition. Remove under controlled conditions prior to renovations.', 'N', '', ''),
(816, 342, 'Administration', 1, NULL, NULL, 'Kitchenette', 20, '', 2, NULL, '', 'Suspected Positive', '1', 'unit(s)', NULL, NULL, NULL, 'Good', '', '', '', '2018-05-28 04:54:28', '', NULL, 'Hot Water Unit', '381', 'Ground Level', 'Non-Friable', 'Maintain in good condition. Remove under controlled conditions prior to renovations.', 'N', '', ''),
(817, 342, 'Truck Shed', 1, NULL, NULL, 'Various Throughout', 22, '', 4, NULL, '', 'Suspected Positive', '13', 'unit(s)', NULL, NULL, NULL, 'Good', '', '', '', '2018-05-28 05:00:11', '', NULL, 'Fluorescent Light Fittings', '382', 'Ground Level', '', 'Maintain in good condition. Remove under controlled conditions prior to renovations.', 'N', '', ''),
(818, 342, 'Maintenance Shed', 1, NULL, NULL, 'Various Throughout', 22, '', 4, NULL, '', 'Suspected Positive', '6', 'unit(s)', NULL, NULL, NULL, '', '', '', '', '2018-05-28 04:59:26', '', NULL, 'Fluorescent Light Fittings', '383', 'Ground Level', '', 'Maintain in good condition. Remove under controlled conditions prior to renovations.', 'N', '', ''),
(819, 342, 'Garage', 1, NULL, NULL, 'Various Throughout', 22, '', 4, NULL, '', 'Suspected Positive', '2', 'unit(s)', NULL, NULL, NULL, '', '', '', '', '2018-05-28 05:02:21', '', NULL, 'Fluorescent Light Fittings', '384', 'Ground Level', '', 'Maintain in good condition. Remove or overpaint painted surfaces under controlled conditions prior to renovations.', 'N', '', ''),
(820, 342, 'Workshop', 1, NULL, NULL, 'Various Throughout', 22, '', 4, NULL, '', 'Suspected Positive', '20', 'unit(s)', NULL, NULL, NULL, '', '', '', '', '2018-05-28 05:04:19', '', NULL, 'Fluorescent Light Fittings', '385', 'Ground Level', '', 'Maintain in good condition. Remove or overpaint painted surfaces under controlled conditions prior to renovations.', 'N', '', ''),
(821, 342, 'Amenities Building', 1, NULL, NULL, 'Various Throughout', 22, '', 4, NULL, '', 'Suspected Positive', '6', 'unit(s)', NULL, NULL, NULL, '', '', '', '', '2018-05-28 05:06:05', '', NULL, 'Fluorescent Light Fittings', '386', 'Ground Level', '', 'Maintain in good condition. Remove or overpaint painted surfaces under controlled conditions prior to renovations.', 'N', '', ''),
(822, 342, 'Carpenters Workshop', 1, NULL, NULL, 'Various Throughout', 22, '', 4, NULL, '', 'Suspected Positive', '6', 'unit(s)', NULL, NULL, NULL, '', '', '', '', '2018-05-28 05:08:47', '', NULL, 'Fluorescent Light Fittings', '387', 'Ground Level', '', 'Maintain in good condition. Remove or overpaint painted surfaces under controlled conditions prior to renovations.', 'N', '', ''),
(823, 342, 'Workshop', 1, NULL, NULL, 'Wash Bay/Old Oil Store', 21, '', 3, NULL, 'Lead Check', 'Negative', '', 'm', NULL, NULL, NULL, '', '', '', '', '2018-05-28 05:25:06', '', NULL, 'Green Colour Paint Systems', '', 'Ground Level', '', '', 'N', '', ''),
(824, 342, 'Maintenance Shed', 1, NULL, NULL, 'Various Throughout', 21, '', 3, NULL, 'Lead Check', 'Negative', '', 'm', NULL, NULL, NULL, '', '', '', '', '2018-05-28 05:14:57', '', NULL, 'White Colour Paint Systems', '', 'Ground Level', '', '', 'N', '', ''),
(825, 342, 'Garage', 1, NULL, NULL, 'Various Throughout', 21, '', 3, NULL, 'Lead Check', 'Negative', '', 'm', NULL, NULL, NULL, '', '', '', '', '2018-05-28 05:15:56', '', NULL, 'White Colour Paint Systems', '', 'Ground Level', '', '', 'N', '', ''),
(826, 342, 'Workshop', 1, NULL, NULL, 'Various Throughout', 21, '', 3, NULL, 'Lead Check', 'Negative', '', 'm', NULL, NULL, NULL, '', '', '', '', '2018-05-28 05:17:20', '', NULL, 'White Colour Paint Systems', '', 'Ground Level', '', '', 'N', '', ''),
(827, 342, 'Amenities Building', 1, NULL, NULL, 'Various Throughout', 21, '', 3, NULL, 'Lead Check', 'Negative', '', 'm', NULL, NULL, NULL, '', '', '', '', '2018-05-28 05:18:30', '', NULL, 'Cream Colour Paint Systems', '', 'Ground Level', '', '', 'N', '', ''),
(828, 342, 'Amenities Building', 1, NULL, NULL, 'Various Throughout', 21, '', 3, NULL, 'Lead Check', 'Negative', '', 'm', NULL, NULL, NULL, '', '', '', '', '2018-05-28 05:19:37', '', NULL, 'White Colour Paint Systems', '', 'Ground Level', '', '', 'N', '', ''),
(829, 342, 'Long Term Store', 1, NULL, NULL, 'Various Throughout', 21, '', 3, NULL, 'Lead Check', 'Negative', '', 'm', NULL, NULL, NULL, '', '', '', '', '2018-05-28 05:20:57', '', NULL, 'White Colour Paint Systems', '', 'Ground Level', '', '', 'N', '', ''),
(830, 342, 'Carpenters Workshop', 1, NULL, NULL, 'Various Throughout', 21, '', 3, NULL, 'Lead Check', 'Negative', '', 'm', NULL, NULL, NULL, '', '', '', '', '2018-05-28 05:22:12', '', NULL, 'White Colour Paint Systems', '', 'Ground Level', '', '', 'N', '', ''),
(831, 343, 'Main Office Building', 1, NULL, NULL, 'Male Toilets ', 5, '', 1, NULL, 'ESP E30947', 'Positive', '', 'm', NULL, NULL, NULL, '', '', '', '', '2018-05-28 05:45:51', '', NULL, 'Ceiling ', '', 'Interior - Ground Level ', '', 'This item had been removed. No removal documentation was provided. ', 'N', '', ''),
(832, 343, 'Main Office Building', 1, NULL, NULL, 'Male Toilets', 5, '', 1, NULL, 'ESP E30947', 'Positive', '', 'm', NULL, NULL, NULL, '', '', '', '', '2018-05-28 05:46:02', '', NULL, 'Wall - Dividing', '', 'Interior - Ground Level ', '', 'This item had been removed. No removal documentation was provided. ', 'N', '', ''),
(833, 343, 'Main Office Building', 1, NULL, NULL, 'Female Toilets ', 5, '', 1, NULL, 'ESP E30947', 'Positive', '', 'm', NULL, NULL, NULL, '', '', '', '', '2018-05-28 05:46:40', '', NULL, 'Ceiling ', '', 'Interior - Ground Level ', '', 'This item had been removed. No removal documentation was provided. ', 'N', '', ''),
(834, 343, 'Main Office Building', 1, NULL, NULL, 'Female Toilets ', 5, '', 1, NULL, 'ESP E30947', 'Positive', '', 'm', NULL, NULL, NULL, '', '', '', '', '2018-05-28 05:48:12', '', NULL, 'Wall - Dividing', '', 'Interior - Ground Level ', '', 'This item had been removed. No removal documentation was provided. ', 'N', '', ''),
(835, 343, 'Main Office Building', 1, NULL, NULL, 'Throughout ', 5, '', 1, NULL, 'ESP E30948', 'Assumed Positive', '120', 'm²', NULL, NULL, NULL, 'Good', 'Low Accessibility', 'Low', 'Yes', '2018-05-28 05:52:57', 'P4', NULL, 'Eaves and Soffits ', '388', 'Exterior - Ground Level ', 'Non-Friable', 'Maintain in good condition. Remove under controlled conditions by a Class A/B asbestos contractor prior to renovations.', 'N', '', ''),
(836, 343, 'Main Office Building', 1, NULL, NULL, 'Roof Space ', 9, '', 2, NULL, '', 'Suspected Positive', '260', 'm²', NULL, NULL, NULL, 'Good', 'Low Accessibility', 'Low', '', '2018-05-28 05:54:08', '', NULL, 'Batts', '389', 'Interior - Ground Level ', 'Non-Friable', 'Maintain in good condition. Remove under controlled conditions prior to renovations.', 'N', '', ''),
(837, 343, 'Main Office Building', 1, NULL, NULL, 'Adjacent Female Toilets ', 9, '', 2, NULL, '', 'Suspected Positive', '1', 'unit(s)', NULL, NULL, NULL, 'Good', 'Low Accessibility', 'Low', '', '2018-05-28 05:55:26', '', NULL, 'Hot Water Unit', '390', 'Exterior - Ground Level ', 'Non-Friable', 'Maintain in good condition. Remove under controlled conditions prior to renovations.', 'N', '', ''),
(838, 343, 'Main Office Building', 1, NULL, NULL, 'Stores at South End', 9, '', 2, NULL, '', 'Suspected Positive', '150 ', 'm²', NULL, NULL, NULL, 'Good', 'Low Accessibility', 'Low', '', '2018-05-28 05:58:37', '', NULL, 'Roof Lining ', '391', 'Interior - Ground Level ', 'Non-Friable', 'Maintain in good condition. Remove under controlled conditions prior to renovations.', 'N', '', ''),
(839, 343, 'Main Office Building', 1, NULL, NULL, 'Female Toilets, North', 5, '', 1, NULL, 'Grafton-08', 'Negative', '', 'm', NULL, NULL, NULL, '', '', '', '', '2018-05-28 06:04:54', '', NULL, 'Wall Lining ', '', 'Interior - Ground Level ', '', '', 'N', '', ''),
(840, 343, 'Main Office Building', 1, NULL, NULL, 'Female Toilets, North', 5, '', 1, NULL, 'Grafton-08', 'Negative', '', 'm', NULL, NULL, NULL, '', '', '', '', '2018-05-28 06:04:57', '', NULL, 'Wall Lining ', '', 'Interior - Ground Level ', '', '', 'N', '', ''),
(841, 343, 'Main Office Building', 1, NULL, NULL, 'West ', 5, '', 1, NULL, 'Grafton-09', 'Negative', '', 'm', NULL, NULL, NULL, '', '', '', '', '2018-05-28 06:05:41', '', NULL, 'Window Awning Panels ', '', 'Exterior - Ground Level ', '', '', 'N', '', ''),
(842, 344, 'Timber Shed', 1, NULL, NULL, 'Northern Wall', 4, '', 1, NULL, 'Prensa-50300-258-001', 'Positive', '1', 'unit(s)', NULL, NULL, NULL, 'Good', 'Low Accessibility', 'Low', 'Confirmed', '2018-05-28 06:10:50', 'P4', NULL, 'Bituminous Electrical Backing Board', '392', 'Ground Level', 'Non-Friable', 'Maintain in good condition. Remove under controlled conditions by a Class A/B asbestos contractor prior to renovations.', 'N', '', ''),
(843, 343, 'Main Office Building', 1, NULL, NULL, 'Throughout', 0, 'Lemon Upper Paint System', 0, NULL, 'Prensa Swab', 'Negative', '', 'm', NULL, NULL, NULL, '', '', '', '', '2018-05-28 06:12:17', '', NULL, 'Timber Cladding ', '', 'Exterior - Ground Level ', '', '', 'N', '', ''),
(844, 344, 'Old Workshop', 1, NULL, NULL, 'Western Room', 4, '', 1, NULL, 'Prens-50300-258-002', 'Positive', '1', 'unit(s)', NULL, NULL, NULL, 'Good', 'Low Accessibility', 'Low', 'Confirmed', '2018-05-28 06:13:12', 'P4', NULL, 'Bituminous Electrical Backing Board', '', 'Ground Level', 'Non-Friable', 'Maintain in good condition. Remove under controlled conditions by a Class A/B asbestos contractor prior to renovations.', 'N', '', ''),
(845, 343, 'Main Office Building', 1, NULL, NULL, 'Throughout', 0, 'Yellow/Blue Lower Paint System', 3, NULL, 'Prensa Swab', 'Positive', '', 'm', NULL, NULL, NULL, 'Fair', 'Low Accessibility', 'Low', '', '2018-05-28 06:14:32', '', NULL, 'Timber Cladding ', '393', 'Exterior - Ground Level ', '', 'Maintain in good condition. Remove or overpaint painted surfaces under controlled conditions prior to renovations.', 'N', '', ''),
(846, 344, 'Old Workshop', 1, NULL, NULL, 'Various Throughout', 22, '', 4, NULL, '', 'Suspected Positive', '2', 'unit(s)', NULL, NULL, NULL, 'Good', '', '', '', '2018-05-28 06:17:04', '', NULL, 'Fluorescent Light Fittings', '394', 'Ground Level', '', 'Maintain in good condition. Remove or overpaint painted surfaces under controlled conditions prior to renovations.', 'N', '', ''),
(847, 343, 'Main Office Building', 1, NULL, NULL, 'Throughout ', 0, 'Blue Upper Paint System', 3, NULL, 'Prensa Swab', 'Positive', '', 'm', NULL, NULL, NULL, 'Good', '', 'Low', '', '2018-05-28 06:26:18', '', NULL, 'Window Frames ', '395', 'Exterior - Ground Level ', '', 'Maintain in good condition. Remove or overpaint painted surfaces under controlled conditions prior to renovations.', 'N', '', ''),
(848, 344, 'Timber Shed', 1, NULL, NULL, 'Various Throughout', 21, '', 3, NULL, 'Lead Check', 'Positive', '20', 'm²', NULL, NULL, NULL, 'Good', '', '', '', '2018-05-28 06:21:02', '', NULL, 'White Colour Paint Systems', '396', 'Ground Level', '', 'Maintain in good condition. Remove or overpaint painted surfaces under controlled conditions prior to renovations.', 'N', '', ''),
(849, 344, 'Administration/Demountable', 1, NULL, NULL, 'Throughout', 0, 'No Access - No Keys', 0, NULL, '', '', '', 'm', NULL, NULL, NULL, '', '', '', '', '2018-05-28 06:24:48', '', NULL, '', '', 'Ground Level', '', '', 'N', '', ''),
(850, 344, 'Old Workshop', 1, NULL, NULL, 'Throughout', 0, 'No Access - No Keys', 0, NULL, '', '', '', 'm', NULL, NULL, NULL, '', '', '', '', '2018-05-28 06:25:36', '', NULL, '', '', 'Ground Level', '', '', 'N', '', ''),
(851, 344, 'Workshop', 1, NULL, NULL, 'Throughout', 0, 'No Access - No Keys', 0, NULL, '', '', '', 'm', NULL, NULL, NULL, '', '', '', '', '2018-05-28 06:26:30', '', NULL, '', '', 'Ground Level', '', '', 'N', '', ''),
(852, 343, 'Main Office Building', 1, NULL, NULL, 'Throughout ', 0, 'Yellow/Blue Lower Paint System', 3, NULL, 'Prensa Swab', 'Positive', '', 'm', NULL, NULL, NULL, 'Fair', 'Low Accessibility', 'Low', '', '2018-05-28 06:27:15', '', NULL, 'Window Frames', '397', 'Exterior - Ground Level ', '', 'Maintain in good condition. Remove or overpaint painted surfaces under controlled conditions prior to renovations.', 'N', '', ''),
(853, 343, 'Soil Testing Laboratory ', 1, NULL, NULL, 'East Side ', 8, '', 1, NULL, 'Grafton-06', 'Negative', '', 'm', NULL, NULL, NULL, '', '', '', '', '2018-05-28 06:28:19', '', NULL, 'Compressor Unit', '', 'Exterior - Ground Level ', '', '', 'N', '', ''),
(854, 343, 'Soil Testing Laboratory ', 1, NULL, NULL, 'East Side ', 8, '', 1, NULL, 'Grafton-06', 'Negative', '', 'm', NULL, NULL, NULL, '', '', '', '', '2018-05-28 06:28:20', '', NULL, 'Compressor Unit', '', 'Exterior - Ground Level ', '', '', 'N', '', ''),
(855, 343, 'Soil Testing Laboratory ', 1, NULL, NULL, 'East Side', 8, '', 1, NULL, 'Grafton-07', 'Negative', '', 'm', NULL, NULL, NULL, '', '', '', '', '2018-05-28 06:29:21', '', NULL, 'Compressor Unit', '', 'Exterior - Ground Level ', '', '', 'N', '', ''),
(856, 343, 'Soil Testing Laboratory ', 1, NULL, NULL, 'North End of Lab', 9, '', 2, NULL, '', 'Suspected Positive', '2', 'unit(s)', NULL, NULL, NULL, 'Good', 'Low Accessibility', 'Low', '', '2018-05-28 06:32:27', '', NULL, 'Drying Kilns Door Seal', '398', 'Interior - Ground Level ', 'Non-Friable', 'Maintain in good condition. Remove under controlled conditions prior to renovations.', 'N', '', ''),
(857, 343, 'Soil Testing Laboratory ', 1, NULL, NULL, 'Roof Space ', 9, '', 2, NULL, '', 'Suspected Positive', '100', 'm²', NULL, NULL, NULL, 'Good', 'Low Accessibility', 'Low', '', '2018-05-28 06:33:25', '', NULL, 'Batts', '399', 'Interior - Ground Level ', 'Non-Friable', 'Maintain in good condition. Remove under controlled conditions prior to renovations.', 'N', '', ''),
(858, 345, 'Amenities Shed', 1, NULL, NULL, 'Throughout', 0, 'No Access - No Keys', 0, NULL, '', '', '', 'm', NULL, NULL, NULL, '', '', '', '', '2018-05-28 06:34:28', '', NULL, '', '', 'Ground Level', '', '', 'N', '', ''),
(859, 345, 'Checking Bay', 1, NULL, NULL, 'Throughout', 0, 'No Access - No Keys', 0, NULL, '', '', '', 'm', NULL, NULL, NULL, '', '', '', '', '2018-05-28 06:34:59', '', NULL, '', '', 'Ground Level', '', '', 'N', '', ''),
(860, 343, 'Soil Testing Laboratory ', 1, NULL, NULL, 'Throughout', 0, 'Capacitor ', 4, NULL, '', 'Suspected Negative', '', 'm', NULL, NULL, NULL, '', '', '', '', '2018-05-28 06:35:18', '', NULL, 'Fluorescent Light Fittings', '', 'Interior - Ground Level ', '', 'Maintain in good condition. Remove or overpaint painted surfaces under controlled conditions prior to renovations.', 'N', '', ''),
(861, 343, 'Site Office South of Main Office Building', 1, NULL, NULL, 'Throughout', 5, '', 1, NULL, 'Grafton-10', 'Negative', '', 'm', NULL, NULL, NULL, '', '', '', '', '2018-05-28 06:45:15', '', NULL, 'Eave Linings ', '', 'Exterior - Ground Level ', '', '', 'N', '', ''),
(862, 343, 'Site Office South of Main Office Building', 1, NULL, NULL, 'Male and Female Toilets', 5, '', 1, NULL, 'Grafton-11', 'Negative', '', 'm', NULL, NULL, NULL, '', '', '', '', '2018-05-28 06:45:55', '', NULL, 'Wall Linings', '', 'Interior - Ground Level ', '', '', 'N', '', ''),
(863, 343, 'Site Office South of Main Office Building', 1, NULL, NULL, 'North Side ', 9, '', 2, NULL, '', 'Suspected Positive', '1', 'unit(s)', NULL, NULL, NULL, 'Good', 'Low Accessibility', 'Low', '', '2018-05-28 06:47:24', '', NULL, 'Hot Water Unit', '400', 'Exterior - Ground Level ', 'Non-Friable', 'Maintain in good condition. Remove under controlled conditions prior to renovations.', 'N', '', ''),
(864, 346, 'Motor Registry', 1, NULL, NULL, 'Kitchen - Below Sink', 20, '', 2, NULL, '', 'Suspected Positive', '1', 'unit(s)', NULL, NULL, NULL, 'Good', '', '', '', '2018-05-28 06:52:53', '', NULL, 'Hot Water Unit', '401', 'Ground Level', 'Non-Friable', 'Maintain in good condition. Remove under controlled conditions prior to renovations.', 'N', '', ''),
(865, 346, 'Motor Registry', 1, NULL, NULL, 'Ceiling Space', 20, '', 2, NULL, '', 'Suspected Positive', '300', 'm²', NULL, NULL, NULL, 'Good', '', '', '', '2018-05-28 06:54:05', '', NULL, 'Sarking Insulation', '402', 'Ground Level', 'Non-Friable', 'Maintain in good condition. Remove under controlled conditions prior to renovations.', 'N', '', ''),
(866, 346, 'Motor Registry', 1, NULL, NULL, 'Ceiling Space', 20, '', 2, NULL, '', 'Suspected Positive', '60', 'm', NULL, NULL, NULL, 'Good', '', '', '', '2018-05-28 06:55:19', '', NULL, 'Flexible A/C Ductwork', '403', 'Ground Level', 'Non-Friable', 'Maintain in good condition. Remove under controlled conditions prior to renovations.', 'N', '', ''),
(867, 346, 'Motor Registry', 1, NULL, NULL, 'Ceiling Space', 20, '', 2, NULL, '', 'Suspected Positive', '300', 'm²', NULL, NULL, NULL, 'Good', '', '', '', '2018-05-28 06:56:32', '', NULL, 'Roof Insulation', '404', 'Ground Level', 'Non-Friable', 'Maintain in good condition. Remove under controlled conditions prior to renovations.', 'N', '', '');

-- --------------------------------------------------------

--
-- Table structure for table `tbl_item_document`
--

CREATE TABLE `tbl_item_document` (
  `docID` int(11) UNSIGNED NOT NULL,
  `itemID` int(11) DEFAULT NULL,
  `full_path` text
) ENGINE=InnoDB DEFAULT CHARSET=utf8;

--
-- Dumping data for table `tbl_item_document`
--

INSERT INTO `tbl_item_document` (`docID`, `itemID`, `full_path`) VALUES
(46, 87, ''),
(47, 88, ''),
(48, 87, ''),
(49, 87, ''),
(50, 87, ''),
(51, 87, ''),
(52, 87, ''),
(53, 89, ''),
(54, 89, ''),
(55, 90, ''),
(56, 91, ''),
(57, 92, ''),
(58, 93, ''),
(59, 94, ''),
(60, 91, ''),
(61, 88, ''),
(62, 94, ''),
(63, 93, ''),
(64, 92, ''),
(65, 90, ''),
(66, 93, ''),
(67, 94, ''),
(68, 93, ''),
(69, 93, ''),
(70, 93, ''),
(71, 93, ''),
(72, 93, ''),
(73, 88, ''),
(74, 88, ''),
(75, 94, ''),
(76, 90, ''),
(77, 91, ''),
(78, 95, ''),
(79, 96, ''),
(80, 97, ''),
(81, 98, ''),
(82, 92, ''),
(83, 98, ''),
(84, 97, ''),
(85, 96, ''),
(86, 91, ''),
(87, 90, ''),
(88, 94, ''),
(89, 94, ''),
(90, 88, ''),
(91, 93, ''),
(92, 93, ''),
(93, 94, ''),
(94, 88, ''),
(95, 90, ''),
(96, 91, ''),
(97, 92, ''),
(98, 98, ''),
(99, 99, ''),
(100, 100, ''),
(101, 101, ''),
(102, 100, ''),
(103, 100, ''),
(104, 101, ''),
(105, 99, ''),
(106, 98, ''),
(107, 92, ''),
(108, 91, ''),
(109, 88, ''),
(110, 100, ''),
(111, 97, ''),
(112, 93, ''),
(113, 90, ''),
(114, 94, ''),
(115, 96, ''),
(116, 99, ''),
(117, 99, ''),
(118, 101, ''),
(119, 100, ''),
(120, 94, 'P1100157.JPG'),
(121, 102, ''),
(122, 103, ''),
(123, 104, ''),
(124, 105, ''),
(125, 105, ''),
(126, 104, ''),
(127, 103, ''),
(128, 102, ''),
(129, 106, ''),
(130, 107, ''),
(131, 100, ''),
(132, 101, ''),
(133, 99, ''),
(134, 96, ''),
(135, 97, ''),
(136, 108, ''),
(137, 108, ''),
(138, 97, ''),
(139, 96, ''),
(140, 99, ''),
(141, 97, ''),
(142, 101, ''),
(143, 102, ''),
(144, 105, ''),
(145, 103, ''),
(146, 104, ''),
(147, 94, ''),
(148, 90, ''),
(149, 93, ''),
(150, 88, ''),
(151, 91, ''),
(152, 92, ''),
(153, 100, ''),
(154, 107, ''),
(155, 109, ''),
(156, 109, ''),
(157, 106, ''),
(158, 107, ''),
(159, 98, ''),
(160, 93, ''),
(161, 107, ''),
(162, 106, ''),
(163, 107, ''),
(164, 109, ''),
(165, 110, ''),
(166, 110, ''),
(167, 111, ''),
(168, 111, ''),
(169, 111, ''),
(170, 111, ''),
(171, 112, ''),
(172, 113, ''),
(173, 114, ''),
(174, 114, ''),
(175, 115, ''),
(176, 115, ''),
(177, 109, ''),
(178, 107, ''),
(179, 106, ''),
(180, 108, ''),
(181, 117, ''),
(182, 118, ''),
(183, 107, ''),
(184, 114, ''),
(185, 106, ''),
(186, 119, ''),
(187, 120, ''),
(188, 119, ''),
(189, 120, ''),
(190, 121, ''),
(191, 122, ''),
(192, 123, ''),
(193, 124, ''),
(194, 124, ''),
(195, 125, ''),
(196, 125, ''),
(197, 126, ''),
(198, 127, ''),
(199, 128, ''),
(200, 129, ''),
(201, 130, ''),
(202, 131, ''),
(203, 132, ''),
(204, 133, ''),
(205, 134, ''),
(206, 134, ''),
(207, 135, ''),
(208, 136, ''),
(209, 137, ''),
(210, 138, ''),
(211, 139, ''),
(212, 140, ''),
(213, 141, ''),
(214, 142, ''),
(215, 143, ''),
(216, 144, ''),
(217, 145, ''),
(218, 124, ''),
(219, 124, ''),
(220, 146, ''),
(221, 147, ''),
(222, 148, ''),
(223, 149, ''),
(224, 150, ''),
(225, 151, ''),
(226, 152, ''),
(227, 153, ''),
(228, 154, ''),
(229, 147, ''),
(230, 155, ''),
(231, 156, ''),
(232, 157, ''),
(233, 158, ''),
(234, 159, ''),
(235, 160, ''),
(236, 161, ''),
(237, 161, ''),
(238, 162, ''),
(239, 162, ''),
(240, 163, ''),
(241, 164, ''),
(242, 165, ''),
(243, 166, ''),
(244, 167, ''),
(245, 168, ''),
(246, 145, ''),
(247, 144, ''),
(248, 143, ''),
(249, 169, ''),
(250, 170, ''),
(251, 171, ''),
(252, 171, ''),
(253, 172, ''),
(254, 171, ''),
(255, 173, ''),
(256, 174, ''),
(257, 175, ''),
(258, 176, ''),
(259, 177, ''),
(260, 176, ''),
(261, 178, ''),
(262, 179, ''),
(263, 114, ''),
(264, 110, ''),
(265, 106, ''),
(266, 107, ''),
(267, 147, ''),
(268, 180, ''),
(269, 181, ''),
(270, 182, ''),
(271, 181, ''),
(272, 181, ''),
(273, 183, ''),
(274, 181, ''),
(275, 182, ''),
(276, 181, ''),
(277, 184, ''),
(278, 184, ''),
(279, 184, ''),
(280, 184, ''),
(281, 185, ''),
(282, 184, ''),
(283, 186, ''),
(284, 186, ''),
(285, 186, ''),
(286, 187, ''),
(287, 188, ''),
(288, 189, ''),
(289, 190, ''),
(290, 190, ''),
(291, 191, ''),
(292, 191, ''),
(293, 192, ''),
(294, 193, ''),
(295, 194, ''),
(296, 194, ''),
(297, 195, ''),
(298, 196, ''),
(299, 180, ''),
(300, 197, ''),
(301, 198, ''),
(302, 199, ''),
(303, 200, ''),
(304, 201, ''),
(305, 202, ''),
(306, 203, ''),
(307, 204, ''),
(308, 205, ''),
(309, 206, ''),
(310, 207, ''),
(311, 208, ''),
(312, 209, ''),
(313, 210, ''),
(314, 211, ''),
(315, 212, ''),
(316, 213, ''),
(317, 214, ''),
(318, 211, ''),
(319, 215, ''),
(320, 216, ''),
(321, 217, ''),
(322, 218, ''),
(323, 219, ''),
(324, 220, ''),
(325, 221, ''),
(326, 222, ''),
(327, 223, ''),
(328, 224, ''),
(329, 225, ''),
(330, 226, ''),
(331, 227, ''),
(332, 228, ''),
(333, 229, ''),
(334, 230, ''),
(335, 229, ''),
(336, 199, ''),
(337, 218, ''),
(338, 200, ''),
(339, 231, ''),
(340, 183, ''),
(341, 217, ''),
(342, 232, ''),
(343, 217, ''),
(344, 228, ''),
(345, 216, ''),
(346, 233, ''),
(347, 214, ''),
(348, 214, ''),
(349, 215, ''),
(350, 227, ''),
(351, 233, ''),
(352, 234, ''),
(353, 235, ''),
(354, 236, ''),
(355, 237, ''),
(356, 238, ''),
(357, 239, ''),
(358, 240, ''),
(359, 241, ''),
(360, 242, ''),
(361, 243, ''),
(362, 244, ''),
(363, 245, ''),
(364, 246, ''),
(365, 247, ''),
(366, 248, ''),
(367, 249, ''),
(368, 250, ''),
(369, 251, ''),
(370, 252, ''),
(371, 253, ''),
(372, 254, ''),
(373, 255, ''),
(374, 256, ''),
(375, 257, ''),
(376, 258, ''),
(377, 258, ''),
(378, 257, ''),
(379, 259, ''),
(380, 257, ''),
(381, 258, ''),
(382, 260, ''),
(383, 261, ''),
(384, 262, ''),
(385, 263, ''),
(386, 264, ''),
(387, 265, ''),
(388, 266, ''),
(389, 267, ''),
(390, 268, ''),
(391, 269, ''),
(392, 270, ''),
(393, 271, ''),
(394, 272, ''),
(395, 273, ''),
(396, 274, ''),
(397, 275, ''),
(398, 275, ''),
(399, 276, ''),
(400, 276, ''),
(401, 277, ''),
(402, 278, ''),
(403, 279, ''),
(404, 280, ''),
(405, 272, ''),
(406, 281, ''),
(407, 282, ''),
(408, 283, ''),
(409, 283, ''),
(410, 283, ''),
(411, 283, ''),
(412, 284, ''),
(413, 285, ''),
(414, 286, ''),
(415, 287, ''),
(416, 287, ''),
(417, 287, ''),
(418, 287, ''),
(419, 288, ''),
(420, 289, ''),
(421, 289, ''),
(422, 288, ''),
(423, 290, ''),
(424, 290, ''),
(425, 291, ''),
(426, 292, ''),
(427, 293, ''),
(428, 294, ''),
(429, 295, ''),
(430, 296, ''),
(431, 297, ''),
(432, 298, ''),
(433, 299, ''),
(434, 300, ''),
(435, 301, ''),
(436, 302, ''),
(437, 303, ''),
(438, 303, ''),
(439, 303, ''),
(440, 298, ''),
(441, 298, ''),
(442, 304, ''),
(443, 305, ''),
(444, 306, ''),
(445, 307, ''),
(446, 308, ''),
(447, 304, ''),
(448, 305, ''),
(449, 306, ''),
(450, 308, ''),
(451, 307, ''),
(452, 307, ''),
(453, 308, ''),
(454, 307, ''),
(455, 306, ''),
(456, 305, ''),
(457, 304, ''),
(458, 309, ''),
(459, 310, ''),
(460, 311, ''),
(461, 311, ''),
(462, 312, ''),
(463, 313, ''),
(464, 312, ''),
(465, 314, ''),
(466, 315, ''),
(467, 316, ''),
(468, 317, ''),
(469, 318, ''),
(470, 319, ''),
(471, 319, ''),
(472, 320, ''),
(473, 320, ''),
(474, 321, ''),
(475, 321, ''),
(476, 322, ''),
(477, 323, ''),
(478, 324, ''),
(479, 325, ''),
(480, 326, ''),
(481, 327, ''),
(482, 328, ''),
(483, 329, ''),
(484, 330, ''),
(485, 331, ''),
(486, 326, ''),
(487, 332, ''),
(488, 333, ''),
(489, 334, ''),
(490, 335, ''),
(491, 336, ''),
(492, 337, ''),
(493, 338, ''),
(494, 339, ''),
(495, 340, ''),
(496, 341, ''),
(497, 342, ''),
(498, 343, ''),
(499, 344, ''),
(500, 345, ''),
(501, 346, ''),
(502, 347, ''),
(503, 348, ''),
(504, 349, ''),
(505, 350, ''),
(506, 350, ''),
(507, 351, ''),
(508, 352, ''),
(509, 352, ''),
(510, 353, ''),
(511, 354, ''),
(512, 355, ''),
(513, 356, ''),
(514, 357, ''),
(515, 358, ''),
(516, 359, ''),
(517, 360, ''),
(518, 360, ''),
(519, 361, ''),
(520, 361, ''),
(521, 358, ''),
(522, 362, ''),
(523, 363, ''),
(524, 363, ''),
(525, 364, ''),
(526, 365, ''),
(527, 366, ''),
(528, 366, ''),
(529, 367, ''),
(530, 368, ''),
(531, 369, ''),
(532, 369, ''),
(533, 370, ''),
(534, 371, ''),
(535, 372, ''),
(536, 373, ''),
(537, 374, ''),
(538, 375, ''),
(539, 376, ''),
(540, 377, ''),
(541, 378, ''),
(542, 379, ''),
(543, 380, ''),
(544, 381, ''),
(545, 379, ''),
(546, 382, ''),
(547, 383, ''),
(548, 377, ''),
(549, 374, ''),
(550, 384, ''),
(551, 385, ''),
(552, 386, ''),
(553, 387, ''),
(554, 387, ''),
(555, 388, ''),
(556, 389, ''),
(557, 390, ''),
(558, 391, ''),
(559, 392, ''),
(560, 393, ''),
(561, 394, ''),
(562, 394, ''),
(563, 395, ''),
(564, 396, ''),
(565, 397, ''),
(566, 391, ''),
(567, 397, ''),
(568, 396, ''),
(569, 395, ''),
(570, 394, ''),
(571, 393, ''),
(572, 392, ''),
(573, 398, ''),
(574, 399, ''),
(575, 400, ''),
(576, 400, ''),
(577, 401, ''),
(578, 401, ''),
(579, 402, ''),
(580, 402, ''),
(581, 403, ''),
(582, 404, ''),
(583, 404, ''),
(584, 405, ''),
(585, 406, ''),
(586, 406, ''),
(587, 407, ''),
(588, 408, ''),
(589, 409, ''),
(590, 410, ''),
(591, 411, ''),
(592, 411, ''),
(593, 412, ''),
(594, 413, ''),
(595, 414, ''),
(596, 415, ''),
(597, 416, ''),
(598, 416, ''),
(599, 417, ''),
(600, 418, ''),
(601, 419, ''),
(602, 419, ''),
(603, 420, ''),
(604, 421, ''),
(605, 422, ''),
(606, 423, ''),
(607, 424, ''),
(608, 424, ''),
(609, 425, ''),
(610, 426, ''),
(611, 427, ''),
(612, 428, ''),
(613, 429, ''),
(614, 430, ''),
(615, 430, ''),
(616, 431, ''),
(617, 431, ''),
(618, 432, ''),
(619, 426, ''),
(620, 430, ''),
(621, 433, ''),
(622, 433, ''),
(623, 426, ''),
(624, 434, ''),
(625, 435, ''),
(626, 436, ''),
(627, 437, ''),
(628, 438, ''),
(629, 439, ''),
(630, 440, ''),
(631, 440, ''),
(632, 440, ''),
(633, 441, ''),
(634, 442, ''),
(635, 442, ''),
(636, 443, ''),
(637, 444, ''),
(638, 445, ''),
(639, 446, ''),
(640, 447, ''),
(641, 448, ''),
(642, 449, ''),
(643, 450, ''),
(644, 451, ''),
(645, 452, ''),
(646, 453, ''),
(647, 454, ''),
(648, 455, ''),
(649, 453, ''),
(650, 453, ''),
(651, 456, ''),
(652, 457, ''),
(653, 458, ''),
(654, 458, ''),
(655, 459, ''),
(656, 460, ''),
(657, 461, ''),
(658, 462, ''),
(659, 463, ''),
(660, 464, ''),
(661, 465, ''),
(662, 466, ''),
(663, 467, ''),
(664, 468, ''),
(665, 469, ''),
(666, 470, ''),
(667, 471, ''),
(668, 472, ''),
(669, 473, ''),
(670, 465, ''),
(671, 474, ''),
(672, 475, ''),
(673, 476, ''),
(674, 477, ''),
(675, 478, ''),
(676, 479, ''),
(677, 480, ''),
(678, 481, ''),
(679, 482, ''),
(680, 483, ''),
(681, 483, ''),
(682, 484, ''),
(683, 485, ''),
(684, 486, ''),
(685, 487, ''),
(686, 488, ''),
(687, 489, ''),
(688, 490, ''),
(689, 490, ''),
(690, 491, ''),
(691, 492, ''),
(692, 493, ''),
(693, 494, ''),
(694, 495, ''),
(695, 496, ''),
(696, 497, ''),
(697, 498, ''),
(698, 499, ''),
(699, 499, ''),
(700, 500, ''),
(701, 501, ''),
(702, 502, ''),
(703, 503, ''),
(704, 504, ''),
(705, 505, ''),
(706, 506, ''),
(707, 507, ''),
(708, 508, ''),
(709, 509, ''),
(710, 510, ''),
(711, 511, ''),
(712, 512, ''),
(713, 513, ''),
(714, 514, ''),
(715, 515, ''),
(716, 516, ''),
(717, 516, ''),
(718, 517, ''),
(719, 518, ''),
(720, 518, ''),
(721, 518, ''),
(722, 518, ''),
(723, 519, ''),
(724, 520, ''),
(725, 521, ''),
(726, 522, ''),
(727, 523, ''),
(728, 524, ''),
(729, 525, ''),
(730, 526, ''),
(731, 527, ''),
(732, 528, ''),
(733, 528, ''),
(734, 529, ''),
(735, 530, ''),
(736, 531, ''),
(737, 532, ''),
(738, 533, ''),
(739, 534, ''),
(740, 535, ''),
(741, 536, ''),
(742, 537, ''),
(743, 538, ''),
(744, 539, ''),
(745, 540, ''),
(746, 540, ''),
(747, 541, ''),
(748, 542, ''),
(749, 543, ''),
(750, 543, ''),
(751, 544, ''),
(752, 545, ''),
(753, 545, ''),
(754, 545, ''),
(755, 546, ''),
(756, 547, ''),
(757, 544, ''),
(758, 498, ''),
(759, 498, ''),
(760, 498, ''),
(761, 498, ''),
(762, 498, ''),
(763, 498, ''),
(764, 498, ''),
(765, 498, ''),
(766, 498, ''),
(767, 483, ''),
(768, 548, ''),
(769, 549, ''),
(770, 453, ''),
(771, 454, ''),
(772, 455, ''),
(773, 456, ''),
(774, 457, ''),
(775, 458, ''),
(776, 459, ''),
(777, 460, ''),
(778, 461, ''),
(779, 462, ''),
(780, 465, ''),
(781, 472, ''),
(782, 473, ''),
(783, 487, ''),
(784, 488, ''),
(785, 497, ''),
(786, 499, ''),
(787, 489, ''),
(788, 490, ''),
(789, 491, ''),
(790, 492, ''),
(791, 493, ''),
(792, 494, ''),
(793, 495, ''),
(794, 496, ''),
(795, 474, ''),
(796, 475, ''),
(797, 476, ''),
(798, 477, ''),
(799, 478, ''),
(800, 479, ''),
(801, 480, ''),
(802, 481, ''),
(803, 482, ''),
(804, 483, ''),
(805, 484, ''),
(806, 485, ''),
(807, 485, ''),
(808, 486, ''),
(809, 500, ''),
(810, 548, ''),
(811, 550, ''),
(812, 550, ''),
(813, 551, ''),
(814, 552, ''),
(815, 553, ''),
(816, 554, ''),
(817, 555, ''),
(818, 556, ''),
(819, 557, ''),
(820, 558, ''),
(821, 559, ''),
(822, 560, ''),
(823, 561, ''),
(824, 562, ''),
(825, 563, ''),
(826, 564, ''),
(827, 565, ''),
(828, 564, ''),
(829, 566, ''),
(830, 567, ''),
(831, 568, ''),
(832, 569, ''),
(833, 570, ''),
(834, 571, ''),
(835, 563, ''),
(836, 560, ''),
(837, 564, ''),
(838, 565, ''),
(839, 572, ''),
(840, 573, ''),
(841, 574, ''),
(842, 574, ''),
(843, 575, ''),
(844, 576, ''),
(845, 577, ''),
(846, 577, ''),
(847, 578, ''),
(848, 579, ''),
(849, 580, ''),
(850, 581, ''),
(851, 580, ''),
(852, 578, ''),
(853, 582, ''),
(854, 583, ''),
(855, 584, ''),
(856, 585, ''),
(857, 586, ''),
(858, 587, ''),
(859, 588, ''),
(860, 589, ''),
(861, 590, ''),
(862, 591, ''),
(863, 592, ''),
(864, 593, ''),
(865, 594, ''),
(866, 595, ''),
(867, 596, ''),
(868, 596, ''),
(869, 597, ''),
(870, 598, ''),
(871, 599, ''),
(872, 600, ''),
(873, 600, ''),
(874, 601, ''),
(875, 602, ''),
(876, 603, ''),
(877, 604, ''),
(878, 605, ''),
(879, 606, ''),
(880, 607, ''),
(881, 605, ''),
(882, 608, ''),
(883, 609, ''),
(884, 610, ''),
(885, 611, ''),
(886, 612, ''),
(887, 613, ''),
(888, 614, ''),
(889, 615, ''),
(890, 615, ''),
(891, 616, ''),
(892, 614, ''),
(893, 617, ''),
(894, 615, ''),
(895, 615, ''),
(896, 618, ''),
(897, 504, ''),
(898, 619, ''),
(899, 620, ''),
(900, 621, ''),
(901, 622, ''),
(902, 623, ''),
(903, 624, ''),
(904, 625, ''),
(905, 626, ''),
(906, 627, ''),
(907, 628, ''),
(908, 627, ''),
(909, 629, ''),
(910, 630, ''),
(911, 631, ''),
(912, 632, ''),
(913, 633, ''),
(914, 634, ''),
(915, 635, ''),
(916, 636, ''),
(917, 637, ''),
(918, 638, ''),
(919, 639, ''),
(920, 640, ''),
(921, 641, ''),
(922, 642, ''),
(923, 643, ''),
(924, 644, ''),
(925, 645, ''),
(926, 646, ''),
(927, 647, ''),
(928, 646, ''),
(929, 648, ''),
(930, 649, ''),
(931, 650, ''),
(932, 639, ''),
(933, 640, ''),
(934, 651, ''),
(935, 652, ''),
(936, 653, ''),
(937, 654, ''),
(938, 655, ''),
(939, 656, ''),
(940, 657, ''),
(941, 658, ''),
(942, 659, ''),
(943, 659, ''),
(944, 660, ''),
(945, 659, ''),
(946, 660, ''),
(947, 649, ''),
(948, 647, ''),
(949, 646, ''),
(950, 642, ''),
(951, 644, ''),
(952, 645, ''),
(953, 661, ''),
(954, 662, ''),
(955, 663, ''),
(956, 664, ''),
(957, 665, ''),
(958, 666, ''),
(959, 667, ''),
(960, 668, ''),
(961, 669, ''),
(962, 670, ''),
(963, 670, ''),
(964, 671, ''),
(965, 672, ''),
(966, 673, ''),
(967, 674, ''),
(968, 675, ''),
(969, 676, ''),
(970, 676, ''),
(971, 677, ''),
(972, 678, ''),
(973, 679, ''),
(974, 680, ''),
(975, 681, ''),
(976, 682, ''),
(977, 683, ''),
(978, 684, ''),
(979, 685, ''),
(980, 686, ''),
(981, 687, ''),
(982, 688, ''),
(983, 689, ''),
(984, 690, ''),
(985, 691, ''),
(986, 692, ''),
(987, 666, ''),
(988, 667, ''),
(989, 668, ''),
(990, 674, ''),
(991, 673, ''),
(992, 672, ''),
(993, 693, ''),
(994, 694, ''),
(995, 695, ''),
(996, 695, ''),
(997, 350, ''),
(998, 352, ''),
(999, 354, ''),
(1000, 355, ''),
(1001, 356, ''),
(1002, 357, ''),
(1003, 358, ''),
(1004, 357, ''),
(1005, 359, ''),
(1006, 360, ''),
(1007, 361, ''),
(1008, 362, ''),
(1009, 350, ''),
(1010, 350, ''),
(1011, 666, ''),
(1012, 667, ''),
(1013, 668, ''),
(1014, 352, ''),
(1015, 354, ''),
(1016, 355, ''),
(1017, 356, ''),
(1018, 357, ''),
(1019, 358, ''),
(1020, 359, ''),
(1021, 360, ''),
(1022, 361, ''),
(1023, 362, ''),
(1024, 694, ''),
(1025, 696, ''),
(1026, 694, ''),
(1027, 695, ''),
(1028, 693, ''),
(1029, 696, ''),
(1030, 697, ''),
(1031, 698, ''),
(1032, 699, ''),
(1033, 700, ''),
(1034, 700, ''),
(1035, 695, ''),
(1036, 701, ''),
(1037, 700, ''),
(1038, 702, ''),
(1039, 703, ''),
(1040, 703, ''),
(1041, 704, ''),
(1042, 704, ''),
(1043, 705, ''),
(1044, 705, ''),
(1045, 705, ''),
(1046, 706, ''),
(1047, 706, ''),
(1048, 707, ''),
(1049, 707, ''),
(1050, 708, ''),
(1051, 709, ''),
(1052, 708, ''),
(1053, 356, ''),
(1054, 636, ''),
(1055, 135, ''),
(1056, 699, ''),
(1057, 709, ''),
(1058, 710, ''),
(1059, 698, ''),
(1060, 695, ''),
(1061, 696, ''),
(1062, 697, ''),
(1063, 698, ''),
(1064, 699, ''),
(1065, 700, ''),
(1066, 707, ''),
(1067, 711, ''),
(1068, 712, ''),
(1069, 713, ''),
(1070, 707, ''),
(1071, 714, ''),
(1072, 707, ''),
(1073, 715, ''),
(1074, 714, ''),
(1075, 716, ''),
(1076, 717, ''),
(1077, 717, ''),
(1078, 717, ''),
(1079, 717, ''),
(1080, 717, ''),
(1081, 718, ''),
(1082, 719, ''),
(1083, 720, ''),
(1084, 721, ''),
(1085, 721, ''),
(1086, 722, ''),
(1087, 722, ''),
(1088, 723, ''),
(1089, 724, ''),
(1090, 724, ''),
(1091, 315, ''),
(1092, 317, ''),
(1093, 725, ''),
(1094, 338, ''),
(1095, 180, ''),
(1096, 181, ''),
(1097, 183, ''),
(1098, 197, ''),
(1099, 726, ''),
(1100, 198, ''),
(1101, 727, ''),
(1102, 225, ''),
(1103, 226, ''),
(1104, 229, ''),
(1105, 230, ''),
(1106, 231, ''),
(1107, 233, ''),
(1108, 727, ''),
(1109, 223, ''),
(1110, 727, ''),
(1111, 212, ''),
(1112, 726, ''),
(1113, 224, ''),
(1114, 213, ''),
(1115, 222, ''),
(1116, 234, ''),
(1117, 199, ''),
(1118, 716, ''),
(1119, 200, ''),
(1120, 717, ''),
(1121, 202, ''),
(1122, 718, ''),
(1123, 203, ''),
(1124, 204, ''),
(1125, 719, ''),
(1126, 720, ''),
(1127, 205, ''),
(1128, 721, ''),
(1129, 722, ''),
(1130, 206, ''),
(1131, 207, ''),
(1132, 723, ''),
(1133, 208, ''),
(1134, 209, ''),
(1135, 210, ''),
(1136, 217, ''),
(1137, 218, ''),
(1138, 219, ''),
(1139, 220, ''),
(1140, 221, ''),
(1141, 232, ''),
(1142, 719, ''),
(1143, 214, ''),
(1144, 214, ''),
(1145, 215, ''),
(1146, 216, ''),
(1147, 227, ''),
(1148, 228, ''),
(1149, 718, ''),
(1150, 181, ''),
(1151, 199, ''),
(1152, 197, ''),
(1153, 200, ''),
(1154, 199, ''),
(1155, 218, ''),
(1156, 215, ''),
(1157, 208, ''),
(1158, 202, ''),
(1159, 204, ''),
(1160, 206, ''),
(1161, 207, ''),
(1162, 728, ''),
(1163, 224, ''),
(1164, 222, ''),
(1165, 225, ''),
(1166, 226, ''),
(1167, 223, ''),
(1168, 219, ''),
(1169, 220, ''),
(1170, 221, ''),
(1171, 227, ''),
(1172, 214, ''),
(1173, 233, ''),
(1174, 729, ''),
(1175, 730, ''),
(1176, 731, ''),
(1177, 732, ''),
(1178, 733, ''),
(1179, 734, ''),
(1180, 735, ''),
(1181, 735, ''),
(1182, 736, ''),
(1183, 737, ''),
(1184, 738, ''),
(1185, 596, ''),
(1186, 739, ''),
(1187, 740, ''),
(1188, 741, ''),
(1189, 742, ''),
(1190, 739, ''),
(1191, 743, ''),
(1192, 743, ''),
(1193, 738, ''),
(1194, 739, ''),
(1195, 740, ''),
(1196, 744, ''),
(1197, 745, ''),
(1198, 746, ''),
(1199, 747, ''),
(1200, 748, ''),
(1201, 749, ''),
(1202, 750, ''),
(1203, 751, ''),
(1204, 752, ''),
(1205, 740, ''),
(1206, 740, ''),
(1207, 753, ''),
(1208, 725, ''),
(1209, 317, ''),
(1210, 319, ''),
(1211, 336, ''),
(1212, 199, ''),
(1213, 754, ''),
(1214, 290, ''),
(1215, 291, ''),
(1216, 293, ''),
(1217, 288, ''),
(1218, 289, ''),
(1219, 299, ''),
(1220, 294, ''),
(1221, 310, ''),
(1222, 755, ''),
(1223, 755, ''),
(1224, 297, ''),
(1225, 310, ''),
(1226, 756, ''),
(1227, 757, ''),
(1228, 758, ''),
(1229, 758, ''),
(1230, 759, ''),
(1231, 291, ''),
(1232, 294, ''),
(1233, 299, ''),
(1234, 516, ''),
(1235, 453, ''),
(1236, 528, ''),
(1237, 282, ''),
(1238, 489, ''),
(1239, 268, ''),
(1240, 269, ''),
(1241, 271, ''),
(1242, 490, ''),
(1243, 272, ''),
(1244, 274, ''),
(1245, 495, ''),
(1246, 275, ''),
(1247, 276, ''),
(1248, 277, ''),
(1249, 496, ''),
(1250, 278, ''),
(1251, 280, ''),
(1252, 281, ''),
(1253, 475, ''),
(1254, 476, ''),
(1255, 481, ''),
(1256, 482, ''),
(1257, 483, ''),
(1258, 484, ''),
(1259, 485, ''),
(1260, 276, ''),
(1261, 275, ''),
(1262, 275, ''),
(1263, 276, ''),
(1264, 429, ''),
(1265, 430, ''),
(1266, 433, ''),
(1267, 438, ''),
(1268, 436, ''),
(1269, 428, ''),
(1270, 431, ''),
(1271, 432, ''),
(1272, 437, ''),
(1273, 434, ''),
(1274, 426, ''),
(1275, 427, ''),
(1276, 437, ''),
(1277, 434, ''),
(1278, 760, ''),
(1279, 433, ''),
(1280, 761, ''),
(1281, 762, ''),
(1282, 436, ''),
(1283, 438, ''),
(1284, 763, ''),
(1285, 763, ''),
(1286, 257, ''),
(1287, 258, ''),
(1288, 257, ''),
(1289, 258, ''),
(1290, 258, ''),
(1291, 257, ''),
(1292, 257, ''),
(1293, 258, ''),
(1294, 257, ''),
(1295, 259, ''),
(1296, 260, ''),
(1297, 259, ''),
(1298, 263, ''),
(1299, 265, ''),
(1300, 261, ''),
(1301, 262, ''),
(1302, 264, ''),
(1303, 342, ''),
(1304, 348, ''),
(1305, 343, ''),
(1306, 348, ''),
(1307, 348, ''),
(1308, 349, ''),
(1309, 349, ''),
(1310, 332, ''),
(1311, 306, ''),
(1312, 304, ''),
(1313, 305, ''),
(1314, 307, ''),
(1315, 309, ''),
(1316, 309, ''),
(1317, 308, ''),
(1318, 348, ''),
(1319, 348, ''),
(1320, 304, ''),
(1321, 305, ''),
(1322, 306, ''),
(1323, 306, ''),
(1324, 308, ''),
(1325, 307, ''),
(1326, 256, ''),
(1327, 256, ''),
(1328, 255, ''),
(1329, 254, ''),
(1330, 253, ''),
(1331, 303, ''),
(1332, 303, ''),
(1333, 303, ''),
(1334, 764, ''),
(1335, 765, ''),
(1336, 764, ''),
(1337, 765, ''),
(1338, 766, ''),
(1339, 767, ''),
(1340, 768, ''),
(1341, 769, ''),
(1342, 770, ''),
(1343, 771, ''),
(1344, 772, ''),
(1345, 773, ''),
(1346, 774, ''),
(1347, 775, ''),
(1348, 773, ''),
(1349, 774, ''),
(1350, 776, ''),
(1351, 777, ''),
(1352, 776, ''),
(1353, 778, ''),
(1354, 779, ''),
(1355, 780, ''),
(1356, 781, ''),
(1357, 782, ''),
(1358, 783, ''),
(1359, 784, ''),
(1360, 785, ''),
(1361, 786, ''),
(1362, 787, ''),
(1363, 788, ''),
(1364, 789, ''),
(1365, 790, ''),
(1366, 791, ''),
(1367, 791, ''),
(1368, 792, ''),
(1369, 792, ''),
(1370, 793, ''),
(1371, 793, ''),
(1372, 794, ''),
(1373, 795, ''),
(1374, 796, ''),
(1375, 797, ''),
(1376, 798, ''),
(1377, 799, ''),
(1378, 800, ''),
(1379, 801, ''),
(1380, 802, ''),
(1381, 802, ''),
(1382, 803, ''),
(1383, 804, ''),
(1384, 805, ''),
(1385, 805, ''),
(1386, 806, ''),
(1387, 807, ''),
(1388, 807, ''),
(1389, 808, ''),
(1390, 809, ''),
(1391, 810, ''),
(1392, 811, ''),
(1393, 811, ''),
(1394, 811, ''),
(1395, 812, ''),
(1396, 813, ''),
(1397, 814, ''),
(1398, 815, ''),
(1399, 816, ''),
(1400, 817, ''),
(1401, 818, ''),
(1402, 818, ''),
(1403, 817, ''),
(1404, 819, ''),
(1405, 820, ''),
(1406, 821, ''),
(1407, 822, ''),
(1408, 822, ''),
(1409, 823, ''),
(1410, 824, ''),
(1411, 825, ''),
(1412, 826, ''),
(1413, 827, ''),
(1414, 828, ''),
(1415, 829, ''),
(1416, 830, ''),
(1417, 823, ''),
(1418, 831, ''),
(1419, 832, ''),
(1420, 831, ''),
(1421, 832, ''),
(1422, 833, ''),
(1423, 834, ''),
(1424, 835, ''),
(1425, 836, ''),
(1426, 837, ''),
(1427, 838, ''),
(1428, 839, ''),
(1429, 840, ''),
(1430, 841, ''),
(1431, 842, ''),
(1432, 843, ''),
(1433, 844, ''),
(1434, 845, ''),
(1435, 846, ''),
(1436, 846, ''),
(1437, 847, ''),
(1438, 848, ''),
(1439, 849, ''),
(1440, 850, ''),
(1441, 847, ''),
(1442, 851, ''),
(1443, 852, ''),
(1444, 853, ''),
(1445, 854, ''),
(1446, 855, ''),
(1447, 856, ''),
(1448, 857, ''),
(1449, 858, ''),
(1450, 859, ''),
(1451, 860, ''),
(1452, 861, ''),
(1453, 862, ''),
(1454, 863, ''),
(1455, 864, ''),
(1456, 865, ''),
(1457, 866, ''),
(1458, 867, '');

-- --------------------------------------------------------

--
-- Table structure for table `tbl_item_images`
--

CREATE TABLE `tbl_item_images` (
  `imageID` int(11) UNSIGNED NOT NULL,
  `itemID` int(11) DEFAULT NULL,
  `full_path` text
) ENGINE=InnoDB DEFAULT CHARSET=utf8;

--
-- Dumping data for table `tbl_item_images`
--

INSERT INTO `tbl_item_images` (`imageID`, `itemID`, `full_path`) VALUES
(19, 106, 'P1030306.JPG'),
(20, 107, 'P1030296.JPG'),
(21, 114, 'P1030307.JPG'),
(22, 115, 'P1030298.JPG'),
(24, 118, 'image0261.png'),
(25, 119, 'P1030315.JPG'),
(26, 120, 'P1030312.JPG'),
(27, 121, 'P1030313.JPG'),
(28, 122, 'P1030309.JPG'),
(29, 124, 'P1030318.JPG'),
(30, 125, 'P1030297.JPG'),
(31, 126, 'P1030157.JPG'),
(32, 127, 'P1030159.JPG'),
(33, 128, 'P10301591.JPG'),
(34, 131, 'P1030166.JPG'),
(35, 132, 'P1030174.JPG'),
(36, 133, 'P1030170.JPG'),
(37, 135, 'P1030175.JPG'),
(38, 137, 'P1030178.JPG'),
(39, 138, 'P1030181.JPG'),
(40, 140, 'P1030185.JPG'),
(41, 141, 'P1030188.JPG'),
(42, 142, 'P1030189.JPG'),
(43, 143, 'P1030194.JPG'),
(44, 144, 'P1030198.JPG'),
(45, 145, 'P1030199.JPG'),
(46, 146, 'P1030206.JPG'),
(47, 147, 'P1030208.JPG'),
(48, 148, 'P1030213.JPG'),
(49, 149, 'P1030218.JPG'),
(50, 151, 'P1030223.JPG'),
(51, 153, 'P1030226.JPG'),
(52, 154, 'P1030228.JPG'),
(53, 155, 'P1030234.JPG'),
(54, 156, 'P1030235.JPG'),
(55, 157, 'P1030236.JPG'),
(56, 158, 'P1030279.JPG'),
(57, 159, 'P10303151.JPG'),
(58, 161, 'P1030249.JPG'),
(59, 162, 'P1030257.JPG'),
(60, 163, 'P1030253.JPG'),
(61, 164, 'P1030259.JPG'),
(62, 167, 'P1030265.JPG'),
(63, 168, 'P1030266.JPG'),
(64, 169, 'P10302651.JPG'),
(65, 170, 'P1030281.JPG'),
(66, 171, 'P1030272.JPG'),
(67, 172, 'P1030273.JPG'),
(68, 174, 'P10302061.JPG'),
(69, 175, 'P1030280.JPG'),
(70, 176, 'P10302811.JPG'),
(71, 177, 'P10302841.JPG'),
(72, 178, 'P1030285.JPG'),
(73, 179, 'P1030320.JPG'),
(74, 181, 'P1090094.JPG'),
(75, 182, 'P1090098.JPG'),
(76, 184, 'IMG_0264.JPG'),
(77, 185, 'IMG_0261.JPG'),
(78, 186, 'IMG_0262.JPG'),
(79, 189, 'IMG_0265.JPG'),
(80, 199, 'P1090132.JPG'),
(81, 218, 'P1090138.JPG'),
(82, 200, 'P1090136.JPG'),
(83, 231, 'P10900981.JPG'),
(84, 217, 'P1090140.JPG'),
(85, 228, 'P1090109.JPG'),
(86, 214, 'P1090107.JPG'),
(87, 233, 'P1090119.JPG'),
(88, 234, 'P1090113.JPG'),
(89, 240, 'P1090151.JPG'),
(90, 244, 'P1090161.JPG'),
(91, 245, 'P1090159.JPG'),
(92, 246, 'P1090147.JPG'),
(93, 247, 'P1090156.JPG'),
(94, 251, 'P1090152.JPG'),
(95, 252, 'P1090154.JPG'),
(96, 256, 'IMG_0287.JPG'),
(97, 258, 'IMG_0302.JPG'),
(98, 257, 'IMG_0301.JPG'),
(99, 259, 'IMG_0304.JPG'),
(100, 260, 'IMG_0300.JPG'),
(101, 261, 'IMG_0303.JPG'),
(102, 262, 'IMG_0299.JPG'),
(103, 263, 'IMG_0307.JPG'),
(104, 264, 'IMG_0305.JPG'),
(105, 265, 'IMG_0308.JPG'),
(106, 266, 'IMG_0195.JPG'),
(107, 267, 'IMG_0196.JPG'),
(108, 268, 'P1090172.JPG'),
(109, 270, 'IMG_01951.JPG'),
(110, 273, 'IMG_01961.JPG'),
(111, 275, 'P1090180.JPG'),
(112, 276, 'P1090182.JPG'),
(113, 277, 'P1090179.JPG'),
(114, 278, 'P1090178.JPG'),
(115, 283, 'IMG_0175.JPG'),
(116, 285, 'IMG_0178.JPG'),
(117, 287, 'IMG_0181.JPG'),
(118, 288, 'P1090352.JPG'),
(119, 289, 'P1090362.JPG'),
(120, 290, 'P1090361.JPG'),
(121, 295, 'IMG_0185.JPG'),
(122, 298, 'IMG_0180.JPG'),
(123, 303, 'IMG_0194.JPG'),
(124, 307, 'IMG_0173.JPG'),
(125, 311, 'P1090505.JPG'),
(126, 315, 'P1090513.JPG'),
(127, 317, 'P1090521.JPG'),
(128, 319, 'P1090525.JPG'),
(129, 320, 'P1090523.JPG'),
(130, 321, 'P1090526.JPG'),
(131, 322, 'P1090528.JPG'),
(132, 323, 'P1090530.JPG'),
(133, 327, 'IMG_0140.JPG'),
(134, 328, 'P1090534.JPG'),
(135, 332, 'IMG_0141.JPG'),
(136, 336, 'P1090519.JPG'),
(137, 337, 'IMG_0148.JPG'),
(138, 340, 'IMG_0152.JPG'),
(139, 342, 'IMG_0153.JPG'),
(140, 348, 'IMG_0165.JPG'),
(141, 349, 'IMG_0166.JPG'),
(142, 350, 'P1090673.JPG'),
(143, 352, 'P10906731.JPG'),
(144, 354, 'P1090674.JPG'),
(145, 356, 'P10906741.JPG'),
(146, 360, 'P1090676.JPG'),
(147, 361, 'P1090675.JPG'),
(148, 358, 'P1090672.JPG'),
(149, 362, 'P1090678.JPG'),
(150, 363, 'P1090679.JPG'),
(151, 364, 'IMG_0199.JPG'),
(152, 366, 'P1090683.JPG'),
(153, 367, 'IMG_0200.JPG'),
(154, 368, 'P1090682.JPG'),
(155, 369, 'P1090680.JPG'),
(156, 373, 'P1090681.JPG'),
(157, 375, 'P1090677.JPG'),
(158, 377, 'IMG_0216.JPG'),
(159, 378, 'IMG_0220.JPG'),
(160, 379, 'IMG_0201.JPG'),
(161, 384, 'IMG_0215.JPG'),
(162, 385, 'IMG_0217.JPG'),
(163, 386, 'IMG_0218.JPG'),
(164, 387, 'IMG_02161.JPG'),
(165, 388, 'IMG_02201.JPG'),
(166, 394, 'P1090697.JPG'),
(167, 397, 'P1090700.JPG'),
(168, 398, 'P1090703.JPG'),
(169, 399, 'P1090709.JPG'),
(170, 400, 'P1090701.JPG'),
(171, 401, 'P10907031.JPG'),
(172, 402, 'P1090704.JPG'),
(173, 405, 'P1090705.JPG'),
(174, 406, 'P10907051.JPG'),
(175, 416, 'P1090733.JPG'),
(176, 419, 'P1090720.JPG'),
(177, 422, 'P1090719.JPG'),
(178, 423, 'P1090724.JPG'),
(179, 427, 'P1090770.JPG'),
(180, 428, 'P1090764.JPG'),
(181, 429, 'P1090759.JPG'),
(182, 430, 'P1090773.JPG'),
(183, 431, 'P1090756.JPG'),
(184, 432, 'P1090755.JPG'),
(185, 433, 'P1090776.JPG'),
(186, 440, 'P1090908.JPG'),
(187, 442, 'P1090911.JPG'),
(188, 447, 'P1090937_(Small).JPG'),
(189, 448, 'P1090936_(Small).JPG'),
(190, 450, 'P1090925_(Small).JPG'),
(191, 451, 'P1090927_(Small).JPG'),
(192, 453, 'IMG_0318_(Small).JPG'),
(193, 475, 'IMG_0344_(Small).JPG'),
(194, 476, 'IMG_0347_(Small).JPG'),
(195, 478, 'IMG_0345_(Small).JPG'),
(196, 481, 'IMG_0357_(Small).JPG'),
(197, 482, 'IMG_0349_(Small).JPG'),
(198, 483, 'IMG_0351_(Small).JPG'),
(199, 484, 'IMG_0350_(Small)1.JPG'),
(200, 485, 'IMG_0357_(Small)1.JPG'),
(201, 489, 'IMG_0372_(Small).JPG'),
(202, 490, 'IMG_0379_(Small).JPG'),
(203, 495, 'IMG_0362_(Small).JPG'),
(204, 496, 'IMG_0376_(Small).JPG'),
(205, 498, 'IMG_0321_(Small)1.JPG'),
(206, 512, 'IMG_0339_(Small).JPG'),
(207, 513, 'IMG_0329_(Small).JPG'),
(208, 514, 'IMG_0340_(Small).JPG'),
(209, 515, 'IMG_0331_(Small).JPG'),
(210, 516, 'IMG_0336_(Small).JPG'),
(211, 517, 'IMG_0332_(Small)1.JPG'),
(212, 518, 'IMG_0336.JPG'),
(213, 519, 'IMG_0337_(Small).JPG'),
(214, 520, 'IMG_0338_(Small).JPG'),
(215, 521, 'IMG_0364_(Small).JPG'),
(216, 522, 'IMG_0366_(Small).JPG'),
(217, 523, 'IMG_0363_(Small).JPG'),
(218, 524, 'IMG_0354_(Small).JPG'),
(219, 525, 'IMG_0353_(Small).JPG'),
(220, 526, 'IMG_0361_(Small).JPG'),
(221, 527, 'IMG_0354_(Small)1.JPG'),
(222, 528, 'IMG_0383_(Small).JPG'),
(223, 529, 'IMG_0373_(Small).JPG'),
(224, 530, 'IMG_0378_(Small).JPG'),
(225, 531, 'IMG_0380_(Small).JPG'),
(226, 532, 'IMG_0370_(Small).JPG'),
(227, 533, 'IMG_0381_(Small).JPG'),
(228, 534, 'IMG_0341_(Small).JPG'),
(229, 535, 'IMG_0341_(Small)1.JPG'),
(230, 536, 'IMG_0370_(Small)1.JPG'),
(231, 537, 'IMG_0371_(Small).JPG'),
(232, 539, 'IMG_0387_(Small).JPG'),
(233, 540, 'IMG_0350_(Small)2.JPG'),
(234, 541, 'IMG_0390_(Small).JPG'),
(235, 542, 'IMG_0370_(Small)2.JPG'),
(236, 545, 'IMG_0343_(Small).JPG'),
(237, 550, 'IMG_0779.JPG'),
(238, 551, 'IMG_0776.JPG'),
(239, 553, 'IMG_0781.JPG'),
(240, 554, 'IMG_0778.JPG'),
(241, 555, 'IMG_0775.JPG'),
(242, 556, 'IMG_0661.JPG'),
(243, 557, 'IMG_0662.JPG'),
(244, 564, 'IMG_0695.JPG'),
(245, 565, 'IMG_06941.JPG'),
(246, 569, 'IMG_0705.JPG'),
(247, 570, 'IMG_0708.JPG'),
(248, 571, 'IMG_0699.JPG'),
(249, 572, 'IMG_0692.JPG'),
(250, 573, 'IMG_0690.JPG'),
(251, 574, 'IMG_06901.JPG'),
(252, 575, 'IMG_0691.JPG'),
(253, 578, 'IMG_0686.JPG'),
(254, 580, 'IMG_0666.JPG'),
(255, 581, 'IMG_0667.JPG'),
(256, 582, 'IMG_0668.JPG'),
(257, 583, 'IMG_0688.JPG'),
(258, 584, 'IMG_06911.JPG'),
(259, 585, 'IMG_0682.JPG'),
(260, 587, 'IMG_0684.JPG'),
(261, 589, 'IMG_0670.JPG'),
(262, 591, 'IMG_0673.JPG'),
(263, 592, 'IMG_0671.JPG'),
(264, 593, 'IMG_0674.JPG'),
(265, 595, 'IMG_0678.JPG'),
(266, 596, 'IMG_06681.JPG'),
(267, 600, 'IMG_0353.JPG'),
(268, 603, 'IMG_0581.JPG'),
(269, 604, 'IMG_0582.JPG'),
(270, 605, 'IMG_03531.JPG'),
(271, 606, 'IMG_0583.JPG'),
(272, 607, 'IMG_03541.JPG'),
(273, 608, 'IMG_0584.JPG'),
(274, 609, 'IMG_0585.JPG'),
(275, 611, 'IMG_0361.JPG'),
(276, 615, 'IMG_0599.JPG'),
(277, 616, 'IMG_0362.JPG'),
(278, 617, 'IMG_06011.JPG'),
(279, 504, 'IMG_0386.JPG'),
(280, 620, 'IMG_0367.JPG'),
(281, 623, 'IMG_0594.JPG'),
(282, 624, 'IMG_0593.JPG'),
(283, 626, 'IMG_0595.JPG'),
(284, 627, 'IMG_0593v1.jpg'),
(285, 628, 'IMG_0357.JPG'),
(286, 629, 'IMG_0603.JPG'),
(287, 630, 'IMG_0602.JPG'),
(288, 631, 'IMG_0587.JPG'),
(289, 632, 'IMG_0580.JPG'),
(290, 636, 'IMG_0586.JPG'),
(291, 639, 'IMG_0592.JPG'),
(292, 642, 'P1090539.JPG'),
(293, 643, 'IMG_0591.JPG'),
(294, 648, 'IMG_0590.JPG'),
(295, 651, 'IMG_0593v11.jpg'),
(296, 652, 'IMG_05951.JPG'),
(297, 653, 'P1090555.JPG'),
(298, 665, 'P1090582.JPG'),
(299, 666, 'IMG_0565.JPG'),
(300, 667, 'IMG_0566.JPG'),
(301, 668, 'IMG_0572.JPG'),
(302, 669, 'IMG_0568.JPG'),
(303, 670, 'IMG_0573.JPG'),
(304, 671, 'IMG_0569.JPG'),
(305, 672, 'IMG_0562.JPG'),
(306, 673, 'IMG_0564.JPG'),
(307, 674, 'IMG_0570.JPG'),
(308, 676, 'P1090544.JPG'),
(309, 677, 'P10905381.JPG'),
(310, 682, 'P1090556.JPG'),
(311, 683, 'P1090563.JPG'),
(312, 684, 'P10905561.JPG'),
(313, 685, 'P1090561.JPG'),
(314, 686, 'P1090562.JPG'),
(315, 687, 'P1090568.JPG'),
(316, 688, 'P1090569.JPG'),
(317, 690, 'P1090586.JPG'),
(318, 691, 'P1090588.JPG'),
(319, 692, 'P1090567.JPG'),
(320, 695, 'P10906811.JPG'),
(321, 699, 'P1090689.JPG'),
(322, 700, 'P1090685.JPG'),
(323, 706, 'IMG_0475.JPG'),
(324, 707, 'IMG_0477.JPG'),
(325, 716, 'IMG_0623.JPG'),
(326, 717, 'IMG_0621.JPG'),
(327, 718, 'IMG_0631.JPG'),
(328, 719, 'IMG_06221.JPG'),
(329, 720, 'IMG_0627.JPG'),
(330, 721, 'IMG_0624.JPG'),
(331, 722, 'IMG_0630.JPG'),
(332, 723, 'IMG_0629.JPG'),
(333, 729, 'P1100128.JPG'),
(334, 730, 'P1100130.JPG'),
(335, 731, 'P1100132.JPG'),
(336, 732, 'P1100135.JPG'),
(337, 733, 'P1100140.JPG'),
(338, 734, 'P1100141.JPG'),
(339, 735, 'P1100126.JPG'),
(340, 736, 'P1100142.JPG'),
(341, 739, 'P1100120.JPG'),
(342, 740, 'P1100117.JPG'),
(343, 742, 'P1100137.JPG'),
(344, 743, 'P1100122.JPG'),
(345, 748, 'P1100136.JPG'),
(346, 751, 'P1100139.JPG'),
(347, 752, 'P1100138.JPG'),
(348, 725, 'P1090504.JPG'),
(349, 754, 'P1090123.JPG'),
(350, 760, 'P10907641.JPG'),
(351, 761, 'P10907561.JPG'),
(352, 762, 'P10907551.JPG'),
(353, 764, 'IMG_0544.JPG'),
(354, 765, 'IMG_0542.JPG'),
(355, 768, 'IMG_0543.JPG'),
(356, 769, 'IMG_0538.JPG'),
(357, 770, 'IMG_0541.JPG'),
(358, 772, 'IMG_0546.JPG'),
(359, 776, 'IMG_0529.JPG'),
(360, 778, 'IMG_0526.JPG'),
(361, 779, 'IMG_0527.JPG'),
(362, 780, 'IMG_0528.JPG'),
(363, 782, 'IMG_0535.JPG'),
(364, 787, 'IMG_0523.JPG'),
(365, 791, 'IMG_0424.JPG'),
(366, 792, 'IMG_0429.JPG'),
(367, 793, 'IMG_0428.JPG'),
(368, 794, 'IMG_0427.JPG'),
(369, 795, 'IMG_0426.JPG'),
(370, 797, 'IMG_0431.JPG'),
(371, 800, 'IMG_0404.JPG'),
(372, 802, 'IMG_0401.JPG'),
(373, 806, 'IMG_0419.JPG'),
(374, 807, 'IMG_0415.JPG'),
(375, 808, 'IMG_0399.JPG'),
(376, 809, 'IMG_0403.JPG'),
(377, 810, 'IMG_0394.JPG'),
(378, 811, 'IMG_0395.JPG'),
(379, 814, 'IMG_0397.JPG'),
(380, 815, 'IMG_03941.JPG'),
(381, 816, 'IMG_0396.JPG'),
(382, 817, 'IMG_04071.JPG'),
(383, 818, 'IMG_0409.JPG'),
(384, 819, 'IMG_0412.JPG'),
(385, 820, 'IMG_04072.JPG'),
(386, 821, 'IMG_0406.JPG'),
(387, 822, 'IMG_04061.JPG'),
(388, 835, 'P1100020.JPG'),
(389, 836, 'P1090975.JPG'),
(390, 837, 'P1100021.JPG'),
(391, 838, 'P1100026.JPG'),
(392, 842, 'IMG_0514.JPG'),
(393, 845, 'P1100027.JPG'),
(394, 846, 'IMG_0516.JPG'),
(395, 847, 'P1100022.JPG'),
(396, 848, 'IMG_0517.JPG'),
(397, 852, 'P1100015.JPG'),
(398, 856, 'P1090976.JPG'),
(399, 857, 'P1090974.JPG'),
(400, 863, 'P1100030.JPG'),
(401, 864, 'IMG_0552.JPG'),
(402, 865, 'IMG_0553.JPG'),
(403, 866, 'IMG_0554.JPG'),
(404, 867, 'IMG_0560.JPG');

-- --------------------------------------------------------

--
-- Table structure for table `tbl_item_materials`
--

CREATE TABLE `tbl_item_materials` (
  `itemID` int(11) UNSIGNED NOT NULL,
  `item_material` varchar(255) DEFAULT NULL,
  `group` varchar(255) DEFAULT NULL
) ENGINE=InnoDB DEFAULT CHARSET=utf8;

--
-- Dumping data for table `tbl_item_materials`
--

INSERT INTO `tbl_item_materials` (`itemID`, `item_material`, `group`) VALUES
(1, 'Adhesive', 'Asbestos'),
(2, 'Arc shields', 'Asbestos'),
(3, 'Bituminous material', 'Asbestos'),
(4, 'Bituminous membrane', 'Asbestos'),
(5, 'Compressed cement sheet', 'Asbestos'),
(6, 'Construction joint mastic', 'Asbestos'),
(7, 'Corrugated cement sheet', 'Asbestos'),
(8, 'Dust', 'Asbestos'),
(9, 'Electrical backing board', 'Asbestos'),
(10, 'Fibre cement sheet', 'Asbestos'),
(11, 'Fire door core', 'Asbestos'),
(12, 'Friction material', 'Asbestos'),
(13, 'Friction pads', 'Asbestos'),
(14, 'Galbestos', 'Asbestos'),
(15, 'Gasket material', 'Asbestos'),
(16, 'Insulation', 'Asbestos'),
(17, 'Lagging', 'Asbestos'),
(18, 'Low density fibre board', 'Asbestos'),
(19, 'Mastic sealant', 'Asbestos'),
(20, 'Millboard insulation', 'Asbestos'),
(21, 'Moulded fibre cement', 'Asbestos'),
(22, 'Packing', 'Asbestos'),
(23, 'Pointing', 'Asbestos'),
(24, 'Screed', 'Asbestos'),
(25, 'Sheet vinyl', 'Asbestos'),
(26, 'Sheet vinyl & adhesive', 'Asbestos'),
(27, 'Sheet vinyl - fibrous backed', 'Asbestos'),
(28, 'Sheet vinyl - Hessian backed', 'Asbestos'),
(29, 'Sprayed vermiculite', 'Asbestos'),
(30, 'Sprayed limpet', 'Asbestos'),
(31, 'Textured coatings', 'Asbestos'),
(32, 'Vermiculite', 'Asbestos'),
(33, 'Vinyl floor tiles', 'Asbestos'),
(34, 'Vinyl floor tiles & adhesives', 'Asbestos'),
(35, 'Window caulking', 'Asbestos'),
(36, 'Woven material', 'Asbestos');

-- --------------------------------------------------------

--
-- Table structure for table `tbl_report`
--

CREATE TABLE `tbl_report` (
  `reportID` int(11) UNSIGNED NOT NULL,
  `siteID` int(11) DEFAULT NULL,
  `introduction` varchar(255) DEFAULT '',
  `scope_of_works` varchar(255) DEFAULT '',
  `recommendations` varchar(255) DEFAULT NULL,
  `methologies` varchar(255) DEFAULT NULL,
  `risk_factors` varchar(255) DEFAULT NULL,
  `priority_rating_system` varchar(255) DEFAULT NULL,
  `asbestos_mng_req` varchar(255) DEFAULT NULL,
  `haz_material_mr` varchar(255) DEFAULT NULL,
  `statement_of_limitations` varchar(255) DEFAULT NULL
) ENGINE=InnoDB DEFAULT CHARSET=utf8;

--
-- Dumping data for table `tbl_report`
--

INSERT INTO `tbl_report` (`reportID`, `siteID`, `introduction`, `scope_of_works`, `recommendations`, `methologies`, `risk_factors`, `priority_rating_system`, `asbestos_mng_req`, `haz_material_mr`, `statement_of_limitations`) VALUES
(1, 17, '<p>This report presents the findings of an Hazardous Materials Risk Assessment conducted for Haztech of the site located at Capital building. This risk assessment was generated on 31/01/2018</p>', 'Y', 'Y', 'Y', 'Y', 'Y', 'Y', 'Y', 'Y'),
(2, 1, 'This report presents the findings of an Hazardous Materials Risk Assessment conducted for Haztech of the site located at Abbotsford. This risk assessment was generated on 31/01/2018', 'Y', 'Y', 'Y', 'Y', 'Y', 'Y', 'Y', 'Y'),
(3, 0, 'This report presents the findings of an Hazardous Materials Risk Assessment conducted for test1 of the site located at . The risk assessment was performed by  on . ', 'Y', 'Y', 'Y', 'Y', 'Y', 'Y', 'Y', 'Y'),
(4, 0, 'This report presents the findings of an Hazardous Materials Risk Assessment conducted for test1 of the site located at . The risk assessment was performed by  on . ', 'Y', 'Y', 'Y', 'Y', 'Y', 'Y', 'Y', 'Y'),
(5, 0, 'This report presents the findings of an Hazardous Materials Risk Assessment conducted for test1 of the site located at . The risk assessment was performed by  on . ', 'Y', 'Y', 'Y', 'Y', 'Y', 'Y', 'Y', 'Y'),
(6, 0, 'This report presents the findings of an Hazardous Materials Risk Assessment conducted for test1 of the site located at . The risk assessment was performed by  on . ', 'Y', 'Y', 'Y', 'Y', 'Y', 'Y', 'Y', 'Y'),
(7, 0, 'This report presents the findings of an Hazardous Materials Risk Assessment conducted for test1 of the site located at . The risk assessment was performed by  on . ', 'Y', 'Y', 'Y', 'Y', 'Y', 'Y', 'Y', 'Y'),
(8, 0, 'This report presents the findings of an Hazardous Materials Risk Assessment conducted for test1 of the site located at . The risk assessment was performed by  on . ', 'Y', 'Y', 'Y', 'Y', 'Y', 'Y', 'Y', 'Y'),
(9, 0, 'This report presents the findings of an Hazardous Materials Risk Assessment conducted for test1 of the site located at . The risk assessment was performed by  on . ', 'Y', 'Y', 'Y', 'Y', 'Y', 'Y', 'Y', 'Y'),
(10, 0, 'This report presents the findings of an Hazardous Materials Risk Assessment conducted for test1 of the site located at . The risk assessment was performed by  on . ', 'Y', 'Y', 'Y', 'Y', 'Y', 'Y', 'Y', 'Y'),
(11, 0, 'This report presents the findings of an Hazardous Materials Risk Assessment conducted for test1 of the site located at . The risk assessment was performed by  on . ', 'Y', 'Y', 'Y', 'Y', 'Y', 'Y', 'Y', 'Y'),
(12, 0, 'This report presents the findings of an Hazardous Materials Risk Assessment conducted for test1 of the site located at . The risk assessment was performed by  on . ', 'Y', 'Y', 'Y', 'Y', 'Y', 'Y', 'Y', 'Y'),
(13, 0, 'This report presents the findings of an Hazardous Materials Risk Assessment conducted for test1 of the site located at . The risk assessment was performed by  on . ', 'Y', 'Y', 'Y', 'Y', 'Y', 'Y', 'Y', 'Y'),
(14, 0, 'This report presents the findings of an Hazardous Materials Risk Assessment conducted for test1 of the site located at . The risk assessment was performed by  on . ', 'Y', 'Y', 'Y', 'Y', 'Y', 'Y', 'Y', 'Y'),
(15, 0, 'This report presents the findings of an Hazardous Materials Risk Assessment conducted for test1 of the site located at . The risk assessment was performed by  on . ', 'Y', 'Y', 'Y', 'Y', 'Y', 'Y', 'Y', 'Y'),
(16, 0, 'This report presents the findings of an Hazardous Materials Risk Assessment conducted for test1 of the site located at . The risk assessment was performed by  on . ', 'Y', 'Y', 'Y', 'Y', 'Y', 'Y', 'Y', 'Y'),
(17, 118, 'This report presents the findings of an Hazardous Materials Risk Assessment conducted for Haztech of the site located at . The risk assessment was performed by  on . ', 'Y', 'Y', 'Y', 'Y', 'Y', 'Y', 'Y', 'Y'),
(18, 119, 'This report presents the findings of an Hazardous Materials Risk Assessment conducted for Haztech of the site located at . The risk assessment was performed by  on . ', 'Y', 'Y', 'Y', 'Y', 'Y', 'Y', 'Y', 'Y'),
(19, 200, 'This report presents the findings of an Hazardous Materials Risk Assessment conducted for Haztech of the site located at . The risk assessment was performed by  on . ', 'Y', 'Y', 'Y', 'Y', 'Y', 'Y', 'Y', 'Y'),
(20, 120, 'This report presents the findings of an Hazardous Materials Risk Assessment conducted for Haztech of the site located at . The risk assessment was performed by  on . ', 'Y', 'Y', 'Y', 'Y', 'Y', 'Y', 'Y', 'Y'),
(21, 121, 'This report presents the findings of an Hazardous Materials Risk Assessment conducted for Haztech of the site located at . The risk assessment was performed by  on . ', 'Y', 'Y', 'Y', 'Y', 'Y', 'Y', 'Y', 'Y'),
(22, 122, 'This report presents the findings of an Hazardous Materials Risk Assessment conducted for Haztech of the site located at 123. The risk assessment was performed by test on 11-10-2016. ', 'Y', 'Y', 'Y', 'Y', 'Y', 'Y', 'Y', 'Y'),
(23, 206, 'This report presents the findings of an Hazardous Materials Risk Assessment conducted for Haztech of the site located at 123. The risk assessment was performed by test on 11-10-2016. ', 'Y', 'Y', 'Y', 'Y', 'Y', 'Y', 'Y', 'Y'),
(24, 123, 'This report presents the findings of an Hazardous Materials Risk Assessment conducted for Haztech of the site located at . The risk assessment was performed by  on . ', 'Y', 'Y', 'Y', 'Y', 'Y', 'Y', 'Y', 'Y'),
(25, 124, 'This report presents the findings of an Hazardous Materials Risk Assessment conducted for Haztech of the site located at . The risk assessment was performed by  on . ', 'Y', 'Y', 'Y', 'Y', 'Y', 'Y', 'Y', 'Y'),
(26, 125, 'This report presents the findings of an Hazardous Materials Risk Assessment conducted for Haztech of the site located at . The risk assessment was performed by  on . ', 'Y', 'Y', 'Y', 'Y', 'Y', 'Y', 'Y', 'Y'),
(27, 126, 'This report presents the findings of an Hazardous Materials Risk Assessment conducted for Haztech of the site located at . The risk assessment was performed by  on . ', 'Y', 'Y', 'Y', 'Y', 'Y', 'Y', 'Y', 'Y'),
(28, 127, 'This report presents the findings of an Hazardous Materials Risk Assessment conducted for Haztech of the site located at . The risk assessment was performed by  on . ', 'Y', 'Y', 'Y', 'Y', 'Y', 'Y', 'Y', 'Y'),
(29, 178, 'This report presents the findings of an Hazardous Materials Risk Assessment conducted for Haztech of the site located at . The risk assessment was performed by  on . ', 'Y', 'Y', 'Y', 'Y', 'Y', 'Y', 'Y', 'Y'),
(30, 179, 'This report presents the findings of an Hazardous Materials Risk Assessment conducted for Haztech of the site located at . The risk assessment was performed by  on . ', 'Y', 'Y', 'Y', 'Y', 'Y', 'Y', 'Y', 'Y'),
(31, 220, 'This report presents the findings of an Hazardous Materials Risk Assessment conducted for Haztech of the site located at . The risk assessment was performed by  on . ', 'Y', 'Y', 'Y', 'Y', 'Y', 'Y', 'Y', 'Y'),
(32, 221, 'This report presents the findings of an Hazardous Materials Risk Assessment conducted for Haztech of the site located at . The risk assessment was performed by  on . ', 'Y', 'Y', 'Y', 'Y', 'Y', 'Y', 'Y', 'Y'),
(33, 222, '<p>This report presents the findings of an Hazardous Materials Risk Assessment conducted for Test Client of the site located at 12 High Street. The risk assessment was performed by Bernard Day on .</p>', 'Y', 'Y', 'Y', 'Y', 'Y', 'Y', 'Y', 'Y'),
(34, 223, 'This report presents the findings of an Hazardous Materials Risk Assessment conducted for Haztech of the site located at . The risk assessment was performed by  on . ', 'Y', 'Y', 'Y', 'Y', 'Y', 'Y', 'Y', 'Y'),
(35, 224, 'This report presents the findings of an Hazardous Materials Risk Assessment conducted for Haztech of the site located at . The risk assessment was performed by  on . ', 'Y', 'Y', 'Y', 'Y', 'Y', 'Y', 'Y', 'Y'),
(36, 225, 'This report presents the findings of an Hazardous Materials Risk Assessment conducted for Haztech of the site located at . The risk assessment was performed by  on . ', 'Y', 'Y', 'Y', 'Y', 'Y', 'Y', 'Y', 'Y'),
(37, 226, 'This report presents the findings of an Hazardous Materials Risk Assessment conducted for Haztech of the site located at . The risk assessment was performed by  on . ', 'Y', 'Y', 'Y', 'Y', 'Y', 'Y', 'Y', 'Y'),
(38, 227, 'This report presents the findings of an Hazardous Materials Risk Assessment conducted for Haztech of the site located at . The risk assessment was performed by  on . ', 'Y', 'Y', 'Y', 'Y', 'Y', 'Y', 'Y', 'Y'),
(39, 228, 'This report presents the findings of an Hazardous Materials Risk Assessment conducted for Haztech of the site located at . The risk assessment was performed by  on . ', 'Y', 'Y', 'Y', 'Y', 'Y', 'Y', 'Y', 'Y'),
(40, 229, 'This report presents the findings of an Hazardous Materials Risk Assessment conducted for Haztech of the site located at . The risk assessment was performed by  on . ', 'Y', 'Y', 'Y', 'Y', 'Y', 'Y', 'Y', 'Y'),
(41, 230, 'This report presents the findings of an Hazardous Materials Risk Assessment conducted for Haztech of the site located at . The risk assessment was performed by  on . ', 'Y', 'Y', 'Y', 'Y', 'Y', 'Y', 'Y', 'Y'),
(42, 231, 'This report presents the findings of an Hazardous Materials Risk Assessment conducted for Haztech of the site located at . The risk assessment was performed by  on . ', 'Y', 'Y', 'Y', 'Y', 'Y', 'Y', 'Y', 'Y'),
(43, 232, 'This report presents the findings of an Hazardous Materials Risk Assessment conducted for Haztech of the site located at . The risk assessment was performed by  on . ', 'Y', 'Y', 'Y', 'Y', 'Y', 'Y', 'Y', 'Y'),
(44, 233, 'This report presents the findings of an Hazardous Materials Risk Assessment conducted for Haztech of the site located at . The risk assessment was performed by  on . ', 'Y', 'Y', 'Y', 'Y', 'Y', 'Y', 'Y', 'Y'),
(45, 234, 'This report presents the findings of an Hazardous Materials Risk Assessment conducted for Haztech of the site located at . The risk assessment was performed by  on . ', 'Y', 'Y', 'Y', 'Y', 'Y', 'Y', 'Y', 'Y'),
(46, 235, 'This report presents the findings of an Hazardous Materials Risk Assessment conducted for Haztech of the site located at . The risk assessment was performed by  on . ', 'Y', 'Y', 'Y', 'Y', 'Y', 'Y', 'Y', 'Y'),
(47, 236, 'This report presents the findings of an Hazardous Materials Risk Assessment conducted for Haztech of the site located at . The risk assessment was performed by  on . ', 'Y', 'Y', 'Y', 'Y', 'Y', 'Y', 'Y', 'Y'),
(48, 237, 'This report presents the findings of an Hazardous Materials Risk Assessment conducted for Haztech of the site located at . The risk assessment was performed by  on . ', 'Y', 'Y', 'Y', 'Y', 'Y', 'Y', 'Y', 'Y'),
(49, 238, 'This report presents the findings of an Hazardous Materials Risk Assessment conducted for testname3 of the site located at . The risk assessment was performed by  on . ', 'Y', 'Y', 'Y', 'Y', 'Y', 'Y', 'Y', 'Y'),
(50, 239, 'This report presents the findings of an Hazardous Materials Risk Assessment conducted for testname3 of the site located at . The risk assessment was performed by  on . ', 'Y', 'Y', 'Y', 'Y', 'Y', 'Y', 'Y', 'Y'),
(51, 240, 'This report presents the findings of an Hazardous Materials Risk Assessment conducted for testname3 of the site located at . The risk assessment was performed by  on . ', 'Y', 'Y', 'Y', 'Y', 'Y', 'Y', 'Y', 'Y'),
(52, 241, 'This report presents the findings of an Hazardous Materials Risk Assessment conducted for  of the site located at . The risk assessment was performed by  on . ', 'Y', 'Y', 'Y', 'Y', 'Y', 'Y', 'Y', 'Y'),
(53, 242, 'This report presents the findings of an Hazardous Materials Risk Assessment conducted for  of the site located at . The risk assessment was performed by  on . ', 'Y', 'Y', 'Y', 'Y', 'Y', 'Y', 'Y', 'Y'),
(54, 243, 'This report presents the findings of an Hazardous Materials Risk Assessment conducted for test123 of the site located at . The risk assessment was performed by  on . ', 'Y', 'Y', 'Y', 'Y', 'Y', 'Y', 'Y', 'Y'),
(55, 244, 'This report presents the findings of an Hazardous Materials Risk Assessment conducted for test123 of the site located at . The risk assessment was performed by  on . ', 'Y', 'Y', 'Y', 'Y', 'Y', 'Y', 'Y', 'Y'),
(56, 245, 'This report presents the findings of an Hazardous Materials Risk Assessment conducted for test123 of the site located at . The risk assessment was performed by  on . ', 'Y', 'Y', 'Y', 'Y', 'Y', 'Y', 'Y', 'Y'),
(57, 246, 'This report presents the findings of an Hazardous Materials Risk Assessment conducted for testname3 of the site located at . The risk assessment was performed by  on . ', 'Y', 'Y', 'Y', 'Y', 'Y', 'Y', 'Y', 'Y'),
(58, 258, 'This report presents the findings of an Hazardous Materials Risk Assessment conducted for testname3 of the site located at . The risk assessment was performed by  on . ', 'Y', 'Y', 'Y', 'Y', 'Y', 'Y', 'Y', 'Y'),
(59, 261, 'This report presents the findings of an Hazardous Materials Risk Assessment conducted for testname3 of the site located at . The risk assessment was performed by  on . ', 'Y', 'Y', 'Y', 'Y', 'Y', 'Y', 'Y', 'Y'),
(60, 262, '<p>This report presents the findings of an Hazardous Materials Risk Assessment conducted for testname3 of the site located at Building name. The risk assessment was performed by Inspected By on 25-10-2016.</p>', 'N', 'N', 'N', 'N', 'N', 'N', 'Y', 'N'),
(61, 263, 'This report presents the findings of an Hazardous Materials Risk Assessment conducted for testname3 of the site located at . The risk assessment was performed by  on . ', 'Y', 'Y', 'Y', 'Y', 'Y', 'Y', 'Y', 'Y'),
(62, 264, 'This report presents the findings of an Hazardous Materials Risk Assessment conducted for test1 of the site located at Building name. The risk assessment was performed by 0 on 15-11-2016. ', 'Y', 'Y', 'Y', 'Y', 'Y', 'Y', 'Y', 'Y'),
(63, 265, 'This report presents the findings of an Hazardous Materials Risk Assessment conducted for testname3 of the site located at Building name. The risk assessment was performed by Inspected By on 01-11-2016. ', 'Y', 'Y', 'Y', 'Y', 'Y', 'Y', 'Y', 'Y'),
(64, 266, 'This report presents the findings of an Hazardous Materials Risk Assessment conducted for testname3 of the site located at Building name. The risk assessment was performed by Inspected By on 01-11-2016. ', 'Y', 'Y', 'Y', 'Y', 'Y', 'Y', 'Y', 'Y'),
(65, 267, 'This report presents the findings of an Hazardous Materials Risk Assessment conducted for testname3 of the site located at . The risk assessment was performed by  on . ', 'Y', 'Y', 'Y', 'Y', 'Y', 'Y', 'Y', 'Y'),
(66, 268, 'This report presents the findings of an Hazardous Materials Risk Assessment conducted for testname3 of the site located at . The risk assessment was performed by  on . ', 'Y', 'Y', 'Y', 'Y', 'Y', 'Y', 'Y', 'Y'),
(67, 269, 'This report presents the findings of an Hazardous Materials Risk Assessment conducted for testname3 of the site located at . The risk assessment was performed by  on . ', 'Y', 'Y', 'Y', 'Y', 'Y', 'Y', 'Y', 'Y'),
(68, 270, 'This report presents the findings of an Hazardous Materials Risk Assessment conducted for testname3 of the site located at . The risk assessment was performed by  on . ', 'Y', 'Y', 'Y', 'Y', 'Y', 'Y', 'Y', 'Y'),
(69, 271, 'This report presents the findings of an Hazardous Materials Risk Assessment conducted for testname3 of the site located at . The risk assessment was performed by  on . ', 'Y', 'Y', 'Y', 'Y', 'Y', 'Y', 'Y', 'Y'),
(70, 272, 'This report presents the findings of an Hazardous Materials Risk Assessment conducted for testname3 of the site located at . The risk assessment was performed by  on . ', 'Y', 'Y', 'Y', 'Y', 'Y', 'Y', 'Y', 'Y'),
(71, 273, 'This report presents the findings of an Hazardous Materials Risk Assessment conducted for testname3 of the site located at . The risk assessment was performed by  on . ', 'Y', 'Y', 'Y', 'Y', 'Y', 'Y', 'Y', 'Y'),
(72, 274, 'This report presents the findings of an Hazardous Materials Risk Assessment conducted for Haztech of the site located at . The risk assessment was performed by  on . ', 'Y', 'Y', 'Y', 'Y', 'Y', 'Y', 'Y', 'Y'),
(73, 275, 'This report presents the findings of an Hazardous Materials Risk Assessment conducted for Haztech of the site located at . The risk assessment was performed by  on . ', 'Y', 'Y', 'Y', 'Y', 'Y', 'Y', 'Y', 'Y'),
(74, 276, 'This report presents the findings of an Hazardous Materials Risk Assessment conducted for Haztech of the site located at . The risk assessment was performed by  on . ', 'Y', 'Y', 'Y', 'Y', 'Y', 'Y', 'Y', 'Y'),
(75, 277, 'This report presents the findings of an Hazardous Materials Risk Assessment conducted for Haztech of the site located at . The risk assessment was performed by  on . ', 'Y', 'Y', 'Y', 'Y', 'Y', 'Y', 'Y', 'Y'),
(76, 278, 'This report presents the findings of an Hazardous Materials Risk Assessment conducted for Haztech of the site located at . The risk assessment was performed by  on . ', 'Y', 'Y', 'Y', 'Y', 'Y', 'Y', 'Y', 'Y'),
(77, 279, 'This report presents the findings of an Hazardous Materials Risk Assessment conducted for Haztech of the site located at . The risk assessment was performed by  on . ', 'Y', 'Y', 'Y', 'Y', 'Y', 'Y', 'Y', 'Y'),
(78, 280, 'This report presents the findings of an Hazardous Materials Risk Assessment conducted for Haztech of the site located at 15A. The risk assessment was performed by Inspected By on 22-11-2016. ', 'Y', 'Y', 'Y', 'Y', 'Y', 'Y', 'Y', 'Y'),
(79, 282, 'This report presents the findings of an Hazardous Materials Risk Assessment conducted for test1 of the site located at 15A. The risk assessment was performed by Inspected By on 22-11-2016. ', 'Y', 'Y', 'Y', 'Y', 'Y', 'Y', 'N', 'Y'),
(80, 283, 'This report presents the findings of an Hazardous Materials Risk Assessment conducted for RiskTech of the site located at Test site GH. This risk assessment was generated on 01/02/2018', 'Y', 'Y', 'Y', 'Y', 'Y', 'Y', 'Y', 'Y'),
(81, 284, 'This report presents the findings of an Hazardous Materials Risk Assessment conducted for test1 of the site located at 85 Test Street. The risk assessment was performed by Inspected By on 28-03-2017. ', 'Y', 'Y', 'Y', 'Y', 'Y', 'Y', 'Y', 'Y'),
(82, 176, '<p>This report presents the findings of an Hazardous Materials Risk Assessment conducted for test1 of the site located at 12. The risk assessment was performed by John Smith on .</p>', 'Y', 'Y', 'N', 'N', 'Y', 'N', 'N', 'N'),
(83, 281, 'This report presents the findings of an Hazardous Materials Risk Assessment conducted for test1 of the site located at 15A. The risk assessment was performed by Inspected By on 22-11-2016. ', 'Y', 'Y', 'Y', 'Y', 'Y', 'Y', 'Y', 'Y'),
(84, 177, '<p>This report presents the findings of an Hazardous Materials Risk Assessment conducted for test1 of the site located at 123. The risk assessment was performed by John Smith on 23-09-2016.</p>', 'N', 'N', 'N', 'N', 'N', 'N', 'N', 'N'),
(85, 285, '<p>This report presents the findings of an Hazardous Materials Risk Assessment conducted for test1 of the site located at zzz. The risk assessment was performed by Fred Bloggs on 27-06-2012.</p>', 'Y', 'N', 'Y', 'N', 'N', 'Y', 'N', 'N'),
(86, 286, 'This report presents the findings of an Hazardous Materials Risk Assessment conducted for Test Client of the site located at . The risk assessment was performed by  on . ', 'Y', 'Y', 'Y', 'Y', 'Y', 'Y', 'Y', 'Y'),
(87, 287, 'This report presents the findings of an Hazardous Materials Risk Assessment conducted for Test Client of the site located at \" or \"\"=\". The risk assessment was performed by \" or \"\"=\" on . ', 'Y', 'Y', 'Y', 'Y', 'Y', 'Y', 'Y', 'Y'),
(88, 288, 'This report presents the findings of an Hazardous Materials Risk Assessment conducted for Test Client of the site located at tjhfhtfymjkst. The risk assessment was performed by  on . ', 'Y', 'Y', 'Y', 'Y', 'Y', 'Y', 'Y', 'Y'),
(89, 289, 'This report presents the findings of an Hazardous Materials Risk Assessment conducted for Test Client of the site located at tjhfhtfymjkst. The risk assessment was performed by Greg Harradine on 01-12-2017. ', 'Y', 'Y', 'Y', 'Y', 'Y', 'Y', 'Y', 'Y'),
(90, 290, 'This report presents the findings of an Hazardous Materials Risk Assessment conducted for Test Client of the site located at ewlhyfgo9[ed. This risk assessment was generated on 14/02/2018', 'Y', 'Y', 'Y', 'Y', 'Y', 'Y', 'Y', 'Y'),
(91, 294, 'This report presents the findings of an Hazardous Materials Risk Assessment conducted for Cushman & Wakefield of the site located at 248 Victoria Street. The risk assessment was performed by Simone Walsh. ', 'Y', 'Y', 'Y', 'Y', 'Y', 'Y', 'Y', 'Y'),
(92, 291, 'This report presents the findings of an Hazardous Materials Risk Assessment conducted for Test Client of the site located at Wetherill Park HVIS. This risk assessment was generated on 15/02/2018', 'Y', 'Y', 'Y', 'Y', 'Y', 'Y', 'Y', 'Y'),
(93, 292, 'This report presents the findings of an Hazardous Materials Risk Assessment conducted for Test Client of the site located at 248 Victoria Street. The risk assessment was performed by  on . ', 'Y', 'Y', 'Y', 'Y', 'Y', 'Y', 'Y', 'Y'),
(94, 293, 'This report presents the findings of an Hazardous Materials Risk Assessment conducted for Cushman & Wakefield of the site located at Wetherill Park HVIS. This risk assessment was generated on 27/03/2018', 'Y', 'Y', 'Y', 'Y', 'Y', 'Y', 'Y', 'Y'),
(95, 295, 'This report presents the findings of an Hazardous Materials Risk Assessment conducted for Cushman & Wakefield of the site located at 23 Young Street . The risk assessment was performed by Simone Walsh.', 'Y', 'Y', 'Y', 'Y', 'Y', 'Y', 'Y', 'Y'),
(96, 296, 'This report presents the findings of an Hazardous Materials Risk Assessment conducted for Cushman & Wakefield of the site located at Yennora Works Centre. This risk assessment was generated on 25/05/2018', 'Y', 'Y', 'Y', 'Y', 'Y', 'Y', 'Y', 'Y'),
(97, 297, 'This report presents the findings of an Hazardous Materials Risk Assessment conducted for Cushman & Wakefield of the site located at Singleton Works Depot . This risk assessment was generated on 25/05/2018', 'Y', 'Y', 'Y', 'Y', 'Y', 'Y', 'Y', 'Y'),
(98, 298, 'This report presents the findings of an Hazardous Materials Risk Assessment conducted for Cushman & Wakefield of the site located at Great Western Highway. The risk assessment was performed by .', 'Y', 'Y', 'Y', 'Y', 'Y', 'Y', 'Y', 'Y'),
(99, 299, 'This report presents the findings of an Hazardous Materials Risk Assessment conducted for Cushman & Wakefield of the site located at Great Western Highway. The risk assessment was performed by .', 'Y', 'Y', 'Y', 'Y', 'Y', 'Y', 'Y', 'Y'),
(100, 300, 'This report presents the findings of an Hazardous Materials Risk Assessment conducted for Cushman & Wakefield of the site located at 12 High Street. The risk assessment was performed by Bernard Day.', 'Y', 'Y', 'Y', 'Y', 'Y', 'Y', 'Y', 'Y'),
(101, 301, 'This report presents the findings of an Hazardous Materials Risk Assessment conducted for Cushman & Wakefield of the site located at Mount Boyce Weigh Station HVSS. This risk assessment was generated on 28/05/2018', 'Y', 'Y', 'Y', 'Y', 'Y', 'Y', 'Y', 'Y'),
(102, 302, 'This report presents the findings of an Hazardous Materials Risk Assessment conducted for Cushman & Wakefield of the site located at Bell HVSS. This risk assessment was generated on 28/05/2018', 'Y', 'Y', 'Y', 'Y', 'Y', 'Y', 'Y', 'Y'),
(103, 303, 'This report presents the findings of an Hazardous Materials Risk Assessment conducted for Cushman & Wakefield of the site located at Corner Hill and Bridge Streets. The risk assessment was performed by Simone Walsh. ', 'Y', 'Y', 'Y', 'Y', 'Y', 'Y', 'Y', 'Y'),
(104, 304, 'This report presents the findings of an Hazardous Materials Risk Assessment conducted for Cushman & Wakefield of the site located at Kankool Weigh Station . This risk assessment was generated on 25/05/2018', 'Y', 'Y', 'Y', 'Y', 'Y', 'Y', 'Y', 'Y'),
(105, 305, 'This report presents the findings of an Hazardous Materials Risk Assessment conducted for Cushman & Wakefield of the site located at 30 Wentworth Street. The risk assessment was performed by Paul Brown. ', 'Y', 'Y', 'Y', 'Y', 'Y', 'Y', 'Y', 'Y'),
(106, 306, 'This report presents the findings of an Hazardous Materials Risk Assessment conducted for Cushman & Wakefield of the site located at 123 Adderley Street. The risk assessment was performed by Paul Brown.', 'Y', 'Y', 'Y', 'Y', 'Y', 'Y', 'Y', 'Y'),
(107, 307, 'This report presents the findings of an Hazardous Materials Risk Assessment conducted for Cushman & Wakefield of the site located at Adderley Street M4 Offices. This risk assessment was generated on 25/05/2018', 'Y', 'Y', 'Y', 'Y', 'Y', 'Y', 'Y', 'Y'),
(108, 308, 'This report presents the findings of an Hazardous Materials Risk Assessment conducted for Cushman & Wakefield of the site located at Ainsbury Road. The risk assessment was performed by Paul Brown.', 'Y', 'Y', 'Y', 'Y', 'Y', 'Y', 'Y', 'Y'),
(109, 309, 'This report presents the findings of an Hazardous Materials Risk Assessment conducted for Cushman & Wakefield of the site located at Ainsbury Road. The risk assessment was performed by Paul Brown.', 'Y', 'Y', 'Y', 'Y', 'Y', 'Y', 'Y', 'Y'),
(110, 310, 'This report presents the findings of an Hazardous Materials Risk Assessment conducted for Cushman & Wakefield of the site located at St Marys Depot. This risk assessment was generated on 26/04/2018', 'Y', 'Y', 'Y', 'Y', 'Y', 'Y', 'Y', 'Y'),
(111, 311, 'This report presents the findings of an Hazardous Materials Risk Assessment conducted for Cushman & Wakefield of the site located at St Marys Depot. This risk assessment was generated on 28/05/2018', 'Y', 'Y', 'Y', 'Y', 'Y', 'Y', 'Y', 'Y'),
(112, 312, 'This report presents the findings of an Hazardous Materials Risk Assessment conducted for Cushman & Wakefield of the site located at Cnr Newell & Kamilaroi Highway. The risk assessment was performed by Simone Walsh. ', 'Y', 'Y', 'Y', 'Y', 'Y', 'Y', 'Y', 'Y'),
(113, 313, 'This report presents the findings of an Hazardous Materials Risk Assessment conducted for Cushman & Wakefield of the site located at Windsor Depot. This risk assessment was generated on 25/05/2018', 'Y', 'Y', 'Y', 'Y', 'Y', 'Y', 'Y', 'Y'),
(114, 314, 'This report presents the findings of an Hazardous Materials Risk Assessment conducted for Cushman & Wakefield of the site located at Moree Motor Registry . This risk assessment was generated on 25/05/2018', 'Y', 'Y', 'Y', 'Y', 'Y', 'Y', 'Y', 'Y'),
(115, 315, 'This report presents the findings of an Hazardous Materials Risk Assessment conducted for Cushman & Wakefield of the site located at Ulmarra Ferry House . This risk assessment was generated on 24/05/2018', 'Y', 'Y', 'Y', 'Y', 'Y', 'Y', 'Y', 'Y'),
(116, 316, 'This report presents the findings of an Hazardous Materials Risk Assessment conducted for Cushman & Wakefield of the site located at Mortlake Ferry - Leased Land. This risk assessment was generated on 25/05/2018', 'Y', 'Y', 'Y', 'Y', 'Y', 'Y', 'Y', 'Y'),
(117, 317, 'This report presents the findings of an Hazardous Materials Risk Assessment conducted for Cushman & Wakefield of the site located at Mortlake Ferry. This risk assessment was generated on 25/05/2018', 'Y', 'Y', 'Y', 'Y', 'Y', 'Y', 'Y', 'Y'),
(118, 318, 'This report presents the findings of an Hazardous Materials Risk Assessment conducted for Cushman & Wakefield of the site located at Clarence Street. The risk assessment was performed by Simone Walsh. ', 'Y', 'Y', 'Y', 'Y', 'Y', 'Y', 'Y', 'Y'),
(119, 319, 'This report presents the findings of an Hazardous Materials Risk Assessment conducted for Cushman & Wakefield of the site located at 17 Trustums Hill Road . The risk assessment was performed by Simone Walsh. ', 'Y', 'Y', 'Y', 'Y', 'Y', 'Y', 'Y', 'Y'),
(120, 320, 'This report presents the findings of an Hazardous Materials Risk Assessment conducted for Cushman & Wakefield of the site located at McClouds Shoot Tunnel Office, St. Helena Road . The risk assessment was performed by Simone Walsh. ', 'Y', 'Y', 'Y', 'Y', 'Y', 'Y', 'Y', 'Y'),
(121, 321, 'This report presents the findings of an Hazardous Materials Risk Assessment conducted for Cushman & Wakefield of the site located at Brunswick Street. The risk assessment was performed by Simone Walsh. ', 'Y', 'Y', 'Y', 'Y', 'Y', 'Y', 'Y', 'Y'),
(122, 322, 'This report presents the findings of an Hazardous Materials Risk Assessment conducted for Cushman & Wakefield of the site located at 15-33 Cooerwull Road. The risk assessment was performed by Paul Brown.', 'Y', 'Y', 'Y', 'Y', 'Y', 'Y', 'Y', 'Y'),
(123, 323, 'This report presents the findings of an Hazardous Materials Risk Assessment conducted for Cushman & Wakefield of the site located at Bowenfels. This risk assessment was generated on 25/05/2018', 'Y', 'Y', 'Y', 'Y', 'Y', 'Y', 'Y', 'Y'),
(124, 324, 'This report presents the findings of an Hazardous Materials Risk Assessment conducted for Cushman & Wakefield of the site located at Corner Eagle and Cross Street. The risk assessment was performed by Simone Walsh. ', 'Y', 'Y', 'Y', 'Y', 'Y', 'Y', 'Y', 'Y'),
(125, 325, 'This report presents the findings of an Hazardous Materials Risk Assessment conducted for Cushman & Wakefield of the site located at Cootamundra Motor Registry. This risk assessment was generated on 25/05/2018', 'Y', 'Y', 'Y', 'Y', 'Y', 'Y', 'Y', 'Y'),
(126, 326, 'This report presents the findings of an Hazardous Materials Risk Assessment conducted for Cushman & Wakefield of the site located at Leeton Motor Registry. This risk assessment was generated on 25/05/2018', 'Y', 'Y', 'Y', 'Y', 'Y', 'Y', 'Y', 'Y'),
(127, 327, 'This report presents the findings of an Hazardous Materials Risk Assessment conducted for Cushman & Wakefield of the site located at Wagga Wagga Works Depot. This risk assessment was generated on 25/05/2018', 'Y', 'Y', 'Y', 'Y', 'Y', 'Y', 'Y', 'Y'),
(128, 328, 'This report presents the findings of an Hazardous Materials Risk Assessment conducted for Cushman & Wakefield of the site located at Narrandera Motor Registry. This risk assessment was generated on 25/05/2018', 'Y', 'Y', 'Y', 'Y', 'Y', 'Y', 'Y', 'Y'),
(129, 329, 'This report presents the findings of an Hazardous Materials Risk Assessment conducted for Cushman & Wakefield of the site located at Narrandera Works Depot. This risk assessment was generated on 25/05/2018', 'Y', 'Y', 'Y', 'Y', 'Y', 'Y', 'Y', 'Y'),
(130, 330, 'This report presents the findings of an Hazardous Materials Risk Assessment conducted for Cushman & Wakefield of the site located at Hay Works Depot. This risk assessment was generated on 25/05/2018', 'Y', 'Y', 'Y', 'Y', 'Y', 'Y', 'Y', 'Y'),
(131, 331, 'This report presents the findings of an Hazardous Materials Risk Assessment conducted for Cushman & Wakefield of the site located at Hay Motor Registry. This risk assessment was generated on 25/05/2018', 'Y', 'Y', 'Y', 'Y', 'Y', 'Y', 'Y', 'Y'),
(132, 332, 'This report presents the findings of an Hazardous Materials Risk Assessment conducted for Cushman & Wakefield of the site located at Glen Innes Works Centre. This risk assessment was generated on 23/05/2018', 'Y', 'Y', 'Y', 'Y', 'Y', 'Y', 'Y', 'Y'),
(133, 333, 'This report presents the findings of an Hazardous Materials Risk Assessment conducted for Cushman & Wakefield of the site located at Goolgowi Sub-Depot. This risk assessment was generated on 24/05/2018', 'Y', 'Y', 'Y', 'Y', 'Y', 'Y', 'Y', 'Y'),
(134, 334, 'This report presents the findings of an Hazardous Materials Risk Assessment conducted for Cushman & Wakefield of the site located at Coonabarabran Depot. This risk assessment was generated on 24/05/2018', 'Y', 'Y', 'Y', 'Y', 'Y', 'Y', 'Y', 'Y'),
(135, 335, 'This report presents the findings of an Hazardous Materials Risk Assessment conducted for Cushman & Wakefield of the site located at Deniliquin Depot. This risk assessment was generated on 25/05/2018', 'Y', 'Y', 'Y', 'Y', 'Y', 'Y', 'Y', 'Y'),
(136, 336, 'This report presents the findings of an Hazardous Materials Risk Assessment conducted for Cushman & Wakefield of the site located at Nabiac Sub Depot. This risk assessment was generated on 25/05/2018', 'Y', 'Y', 'Y', 'Y', 'Y', 'Y', 'Y', 'Y'),
(137, 337, 'This report presents the findings of an Hazardous Materials Risk Assessment conducted for Cushman & Wakefield of the site located at Goonoo Goonoo Road. The risk assessment was performed by Simone Walsh.', 'Y', 'Y', 'Y', 'Y', 'Y', 'Y', 'Y', 'Y'),
(138, 338, 'This report presents the findings of an Hazardous Materials Risk Assessment conducted for Cushman & Wakefield of the site located at Forbes Motor Registry. This risk assessment was generated on 28/05/2018', 'Y', 'Y', 'Y', 'Y', 'Y', 'Y', 'Y', 'Y'),
(139, 339, 'This report presents the findings of an Hazardous Materials Risk Assessment conducted for Cushman & Wakefield of the site located at Parkes. This risk assessment was generated on 28/05/2018', 'Y', 'Y', 'Y', 'Y', 'Y', 'Y', 'Y', 'Y'),
(140, 340, 'This report presents the findings of an Hazardous Materials Risk Assessment conducted for Cushman & Wakefield of the site located at Tomingly Depot. This risk assessment was generated on 28/05/2018', 'Y', 'Y', 'Y', 'Y', 'Y', 'Y', 'Y', 'Y'),
(141, 341, 'This report presents the findings of an Hazardous Materials Risk Assessment conducted for Cushman & Wakefield of the site located at Wellington Motor Registry. This risk assessment was generated on 28/05/2018', 'Y', 'Y', 'Y', 'Y', 'Y', 'Y', 'Y', 'Y'),
(142, 342, 'This report presents the findings of an Hazardous Materials Risk Assessment conducted for Cushman & Wakefield of the site located at Orange Depot. This risk assessment was generated on 28/05/2018', 'Y', 'Y', 'Y', 'Y', 'Y', 'Y', 'Y', 'Y'),
(143, 343, 'This report presents the findings of an Hazardous Materials Risk Assessment conducted for Cushman & Wakefield of the site located at 34 Herber Street. The risk assessment was performed by Simone Walsh. ', 'Y', 'Y', 'Y', 'Y', 'Y', 'Y', 'Y', 'Y'),
(144, 344, 'This report presents the findings of an Hazardous Materials Risk Assessment conducted for Cushman & Wakefield of the site located at Corner Fox & Hope Streets. The risk assessment was performed by Paul Brown. ', 'Y', 'Y', 'Y', 'Y', 'Y', 'Y', 'Y', 'Y'),
(145, 345, 'This report presents the findings of an Hazardous Materials Risk Assessment conducted for Cushman & Wakefield of the site located at Corner Fox & Hope Streets. The risk assessment was performed by Paul Brown.', 'Y', 'Y', 'Y', 'Y', 'Y', 'Y', 'Y', 'Y'),
(146, 346, 'This report presents the findings of an Hazardous Materials Risk Assessment conducted for Cushman & Wakefield of the site located at 8 Clearidge Road. The risk assessment was performed by Paul Brown. ', 'Y', 'Y', 'Y', 'Y', 'Y', 'Y', 'Y', 'Y');

-- --------------------------------------------------------

--
-- Table structure for table `tbl_report_common`
--

CREATE TABLE `tbl_report_common` (
  `id` int(11) UNSIGNED NOT NULL,
  `scope_of_works` longtext,
  `recommendations` longtext,
  `methologies` longtext,
  `priority_rating_system` longtext,
  `statement_of_limitations` longtext,
  `areas_not_accessed` longtext
) ENGINE=InnoDB DEFAULT CHARSET=utf8;

--
-- Dumping data for table `tbl_report_common`
--

INSERT INTO `tbl_report_common` (`id`, `scope_of_works`, `recommendations`, `methologies`, `priority_rating_system`, `statement_of_limitations`, `areas_not_accessed`) VALUES
(1, '<h3>Scope of Works</h3>\r\n<p>The scope of works for this project was as follows:</p>\r\n<ul>\r\n<li>Undertake a survey of the site in accordance with recognised standards and guidelines.</li>\r\n<li>Inspect representative and accessible areas of the site to assess hazardous materials.</li>\r\n<li>Assess the current condition of hazardous materials and assess the risks posed by the materials at the site.</li>\r\n<li>Recommend control measures to manage any hazardous material related risks.</li>\r\n<li>Identify the likelihood of hazardous materials in inaccessible areas.</li>\r\n<li>Compile an updated hazardous materials register for the site.</li>\r\n<li>Photograph hazardous materials.</li>\r\n<li>Label asbestos containing materials.</li>\r\n</ul>\r\n<p>Refer to &lsquo;Methodology&rsquo; for full details.</p>', '<h3>Recommendations</h3>\r\n<ul>\r\n<li>Schedule periodic re-assessments of the asbestos-containing materials remaining in-situ to monitor their condition in accordance with the Code of Practice.</li>\r\n<li>Areas highlighted in the Areas Not Accessed section as areas of \'no access\' should be presumed to contain hazardous materials. Appropriate management planning should be implemented in order to control access to and maintenance activities in these areas, until such a time as they can be inspected and the presence or absence of hazardous materials can be confirmed.</li>\r\n<li>Should any personnel come across any suspected asbestos or hazardous materials, work should cease immediately in the affected areas until further sampling and investigation is performed.</li>\r\n<li>Prior to demolition/refurbishment works undertake a destructive hazardous materials survey of the premises as per the requirements of AS 2601: 2001 The Demolition of Structures, Part 1.6.1.&nbsp;</li>\r\n<li>Synthetic Mineral Fibre (SMF) materials should be removed under controlled conditions prior to demolition/refurbishment works, in accordance with the requirements of the Code of Practice for the Safe Use of Synthetic Mineral Fibres [NOHSC:2006(1990)].</li>\r\n</ul>', '<p>This assessment was undertaken in accordance with the following documents and within the constraints of the scope of works:</p>\r\n<ul>\r\n<li>NSW Work Health &amp; Safety Regulation 2017</li>\r\n<li>How to Manage and Control Asbestos in the Workplace: Code of Practice (Safe Work Australia, 2016)</li>\r\n</ul>\r\n<h3>Asbestos</h3>\r\n<p>Detailed sampling and identification of suspected asbestos materials was undertaken. Small representative samples of suspected asbestos-containing material are collected in plastic bags with clip-lock seals.</p>\r\n<p>6 samples were collected and subsequently analysed in an external NATA-accredited laboratory (Safe Work &amp; Environments) for the presence of asbestos by Polarised Light Microscopy. Refer to Appendix 3 for laboratory results.</p>\r\n<p>Where it was determined that asbestos was present, a risk and priority assessment was conducted in accordance with RiskTech\'s standard Risk Assessment and Priority Ranking System. Refer to section on &lsquo;Priority Rating System&rsquo; for detailed information on this system.</p>\r\n<p>Inaccessible areas that are likely to contain asbestos have been assumed to contain asbestos until further inspection and analysis of samples has been undertaken by an approved analyst.</p>\r\n<p>Due to the nature of the survey methodology, it is possible that not every area of the site have been accessed. Reference should be made to the \'Areas Not Accessed\' section of this report for further details.</p>\r\n<p>Asbestos materials on site have been labelled. The labels have either been placed on the asbestos containing material during previous assessments and their condition assessed or they have been placed during the current assessment.</p>\r\n<center><img style=\"text-align: center;\" src=\"http://haztech.swim.net.au/images/warning-label.png\" alt=\"\" /></center>\r\n<h3>SMF</h3>\r\n<p class=\"MsoNormal\" style=\"text-align: justify; mso-layout-grid-align: none; text-autospace: none; margin: 6.0pt 0cm 3.0pt 0cm;\">Synthetic Mineral Fibre (SMF) - accessible areas where Synthetic Mineral Fibre (SMF) insulation was visually confirmed as being present were noted to give a general indication to the presence of materials throughout the building.</p>\r\n<h3>PCBs</h3>\r\n<p>Polychlorinated Biphenyls (PCBs) - manufacturer&rsquo;s details on metallised capacitors in light fittings are assessed against published information in I<em>dentification of PCB Containing Capacitors Information Booklet, ANZECC 1997</em> to determine if the capacitors contain PCBs. Due to the inherent safety issue in accessing light fittings, safe access to light fitting capacitors within insitu light fittings was not available at the time of the audit. An assessment on the likelihood of light fittings containing PCB capacitors has been made, based on the apparent age and style of the light fittings.</p>\r\n<h3>Lead Paint</h3>\r\n<p>Representative painted surfaces were tested unobtrusively for the presence of lead using the LeadCheck paint swab method. This method can give an instantaneous qualitative result and reproducibly detect lead in paints at concentrations of 0.5% (5,000ppm) and above, and may indicate lead in some paint films as low as 0.2% (2,000ppm).</p>\r\n<ul>\r\n<li>7 lead swabs were undertaken as part of this assessment</li>\r\n</ul>\r\n<p>The sampling program was representative of the various types of paints found within the site, concentrating on areas where lead-based paints may have been used (Eg. Gloss paints on doors, railings, guttering and downpipes, columns, window and door architraves, skirting boards etc). The objective of lead paint identification in this survey is to highlight the presence of lead-based paints within the building, not to specifically quantify every source of lead-based paint.</p>\r\n<h2>Previous Reports</h2>\r\n<p>The following previous reports were reviewed, and may be referred to, as part of this assessment:</p>\r\n<ul>\r\n<li>Hazardous Materials Assessment, Yennora Works Centre, 129a Orchardleigh Street, Yennora NSW 2161 &ndash; Report Date December 2011, Prepared by Prensa.</li>\r\n</ul>\r\n<p>It is noted that this report references a previous report dated May 2004, presumably undertaken by consultants ESP (as samples are referenced in this report).</p>\r\n<p>It is also noted that many buildings have changed use since the last report in 2011. Results of previous reports have been included in this report where applicable.</p>', '<h3>Asbestos Priority Rating System for Control Recommendations</h3>\r\n<p>The following priority rating system is adopted to assist in the programming and budgeting of the control of asbestos risk identified at the site.</p>', '<p>This report has been prepared in accordance with the agreement between Cushman &amp; Wakefield and RiskTech.</p>\r\n<p>Within the limitations of the agreed upon scope of services, this work has been undertaken and performed in a professional manner, in accordance with generally accepted practices, using a degree of skill and care ordinarily exercised by members of its profession and consulting practice. No other warranty, expressed or implied, is made.</p>\r\n<p>This report is solely for the use of Cushman &amp; Wakefield and its client Roads and Maritime and any reliance on this report by third parties shall be at such party\'s sole risk and may not contain sufficient information for purposes of other parties or for other uses.</p>\r\n<p>This report shall only be presented in full and may not be used to support any other objective than those set out in the report, except where written approval with comments are provided by RiskTech.</p>\r\n<p>This report relates only to the identification of asbestos/hazardous materials used in the construction of the building and does not include the identification of dangerous goods or hazardous substances in the form of chemicals used, stored or manufactured within the building or plant.</p>\r\n<p class=\"MsoNormal\" style=\"text-align: justify; mso-layout-grid-align: none; text-autospace: none; margin: 6.0pt 0cm 3.0pt 0cm;\">The following should also be noted:</p>\r\n<p>While the survey has attempted to locate the asbestos/hazardous materials within the site it should be noted that the review was a visual inspection and a limited sampling program was conducted and/or the analysis results of the previous report were used.</p>\r\n<p>Representative samples of suspect asbestos materials are collected for analysis where possible. Other asbestos materials of similar appearance are assumed to have a similar content.</p>\r\n<p class=\"MsoNormal\" style=\"text-align: justify; mso-layout-grid-align: none; text-autospace: none; margin: 6.0pt 0cm 3.0pt 0cm;\"><span lang=\"EN-US\">This is a non-destructive assessment for occupational purposes. It is not to be used for any major refurbishment or demolition, where a more invasive destructive survey would be undertaken in line with plans for re-development.</span></p>', '<h3 style=\"mso-list: l1 level1 lfo1;\"><!--[endif]-->Areas not Accessed</h3>\r\n<p><span lang=\"EN-US\">In accordance with the <em>NSW Work Health and Safety Regulation, 2017</em> inaccessible areas that are likely to contain asbestos must be presumed as containing asbestos material until further inspection and analysis of samples has been undertaken by an approved analyst.</span></p>\r\n<p><span lang=\"EN-US\">Typical areas likely to be deemed inaccessible under this regulation are:</span></p>\r\n<ul type=\"disc\">\r\n<li>Height restricted areas e.g. Inaccessible ceiling/roof spaces;</li>\r\n<li>Inaccessible sub-floor spaces/tunnels;</li>\r\n<li>Under carpet/vinyl floor coverings;</li>\r\n<li>Wall cavities/partitions;</li>\r\n<li>Behind ceramic wall tiles;</li>\r\n<li>Inside mechanical equipment e.g. within air conditioning re-heat boxes;</li>\r\n<li>Gaskets &amp; sealants to pipework, ductwork, mechanical equipment &amp; construction joints;</li>\r\n<li>Waterproof membranes;</li>\r\n<li>Sealed fire doors;</li>\r\n<li>Within live electrical switchboards.</li>\r\n</ul>\r\n<p><span lang=\"EN-US\">Other specific areas not accessed are outlined are listed below</span>:</p>\r\n<ul style=\"margin-top: 0cm;\" type=\"disc\">\r\n<li>Storage Containers on site</li>\r\n<li>2x metal garages west of Fleet Building</li>\r\n</ul>');

-- --------------------------------------------------------

--
-- Table structure for table `tbl_report_saved`
--

CREATE TABLE `tbl_report_saved` (
  `reportID` int(11) UNSIGNED NOT NULL,
  `siteID` varchar(255) DEFAULT NULL,
  `reportName` varchar(255) DEFAULT NULL,
  `dateGenerated` varchar(255) DEFAULT NULL
) ENGINE=InnoDB DEFAULT CHARSET=latin1;

--
-- Dumping data for table `tbl_report_saved`
--

INSERT INTO `tbl_report_saved` (`reportID`, `siteID`, `reportName`, `dateGenerated`) VALUES
(6, '323', '1526520957-Bowenfels-report.pdf', '1526520957'),
(7, '323', '1526520967-Bowenfels-report.pdf', '1526520967'),
(8, '323', '1526520979-Bowenfels-report.pdf', '1526520979'),
(9, '323', '1526527884-Bowenfels-report.pdf', '1526527884'),
(10, '323', '1526527914-Bowenfels-report.pdf', '1526527914'),
(11, '323', '1526528617-Bowenfels-report.pdf', '1526528617'),
(12, '323', '1526530704-Bowenfels-report.pdf', '1526530704'),
(13, '323', '1526533727-Bowenfels-report.pdf', '1526533727'),
(14, '323', '1526535566-Bowenfels-report.pdf', '1526535566'),
(15, '323', '1526537970-Bowenfels-report.pdf', '1526537970'),
(16, '323', '1526538494-Bowenfels-report.pdf', '1526538494'),
(17, '326', '1526604434-Leeton_Motor_Registry-report.pdf', '1526604434'),
(18, '325', '1526605189-Cootamundra_Motor_Registry-report.pdf', '1526605189'),
(19, '323', '1526606008-Bowenfels-report.pdf', '1526606008'),
(20, '323', '1526608287-Bowenfels-report.pdf', '1526608287'),
(21, '323', '1526609698-Bowenfels-report.pdf', '1526609698'),
(22, '323', '1526609768-Bowenfels-report.pdf', '1526609768'),
(23, '323', '1526610063-Bowenfels-report.pdf', '1526610063'),
(24, '323', '1526627789-Bowenfels-report.pdf', '1526627789'),
(25, '323', '1526627854-Bowenfels-report.pdf', '1526627854'),
(26, '328', '1526866752-Narrandera_Motor_Registry-report.pdf', '1526866752'),
(27, '328', '1526866758-Narrandera_Motor_Registry-report.pdf', '1526866758'),
(28, '328', '1526869857-Narrandera_Motor_Registry-report.pdf', '1526869857'),
(29, '329', '1526871985-Narrandera_Works_Depot-report.pdf', '1526871985'),
(30, '324', '1526878089-Gundagai_Depot-report.pdf', '1526878089'),
(31, '296', '1526952765-Yennora_Works_Centre-report.pdf', '1526952765'),
(35, '333', '1527123406-Goolgowi_Sub_Depot-report.pdf', '1527123406'),
(36, '296', '1527127242-Yennora_Works_Centre-report.pdf', '1527127242'),
(37, '333', '1527127360-Goolgowi_Sub_Depot-report.pdf', '1527127360'),
(38, '333', '1527129963-Goolgowi_Sub_Depot-report.pdf', '1527129963'),
(39, '296', '1527130139-Yennora_Works_Centre-report.pdf', '1527130139'),
(40, '333', '1527130714-Goolgowi_Sub_Depot-report.pdf', '1527130714'),
(41, '333', '1527131775-Goolgowi_Sub_Depot-report.pdf', '1527131775'),
(42, '333', '1527133048-Goolgowi_Sub-Depot-report.pdf', '1527133048'),
(43, '296', '1527135313-Yennora_Works_Centre-report.pdf', '1527135313'),
(44, '334', '1527136064-Coonabarabran_Depot-report.pdf', '1527136064'),
(45, '315', '1527136699-Ulmarra_Ferry_House_-report.pdf', '1527136699'),
(46, '315', '1527137587-Ulmarra_Ferry_House_-report.pdf', '1527137587'),
(47, '296', '1527138021-Yennora_Works_Centre-report.pdf', '1527138021'),
(48, '330', '1527138236-Hay_Works_Depot-report.pdf', '1527138236'),
(49, '315', '1527138353-Ulmarra_Ferry_House_-report.pdf', '1527138353'),
(50, '315', '1527138371-Ulmarra_Ferry_House_-report.pdf', '1527138371'),
(51, '296', '1527138532-Yennora_Works_Centre-report.pdf', '1527138532'),
(52, '315', '1527138932-Ulmarra_Ferry_House_-report.pdf', '1527138932'),
(53, '334', '1527141295-Coonabarabran_Depot-report.pdf', '1527141295'),
(54, '334', '1527141884-Coonabarabran_Depot-report.pdf', '1527141884'),
(55, '334', '1527142108-Coonabarabran_Depot-report.pdf', '1527142108'),
(56, '304', '1527147124-Kankool_Weigh_Station_-report.pdf', '1527147124'),
(57, '304', '1527147880-Kankool_Weigh_Station_-report.pdf', '1527147880'),
(58, '304', '1527147905-Kankool_Weigh_Station_-report.pdf', '1527147905'),
(59, '314', '1527197554-Moree_Motor_Registry_-report.pdf', '1527197554'),
(60, '297', '1527199098-Singleton_Works_Depot_-report.pdf', '1527199098'),
(61, '297', '1527200308-Singleton_Works_Depot_-report.pdf', '1527200308'),
(62, '335', '1527201270-Deniliquin_Depot-report.pdf', '1527201270'),
(63, '335', '1527201651-Deniliquin_Depot-report.pdf', '1527201651'),
(64, '331', '1527204543-Hay_Motor_Registry-report.pdf', '1527204543'),
(65, '330', '1527205041-Hay_Works_Depot-report.pdf', '1527205041'),
(66, '329', '1527208435-Narrandera_Works_Depot-report.pdf', '1527208435'),
(67, '328', '1527209270-Narrandera_Motor_Registry-report.pdf', '1527209270'),
(68, '296', '1527210886-Yennora_Works_Centre-report.pdf', '1527210886'),
(69, '336', '1527212285-Nabiac_Sub_Depot-report.pdf', '1527212285'),
(70, '336', '1527212370-Nabiac_Sub_Depot-report.pdf', '1527212370'),
(71, '336', '1527212485-Nabiac_Sub_Depot-report.pdf', '1527212485'),
(72, '336', '1527212579-Nabiac_Sub_Depot-report.pdf', '1527212579'),
(73, '336', '1527212954-Nabiac_Sub_Depot-report.pdf', '1527212954'),
(74, '336', '1527212961-Nabiac_Sub_Depot-report.pdf', '1527212961'),
(75, '314', '1527213206-Moree_Motor_Registry_-report.pdf', '1527213206'),
(76, '297', '1527214350-Singleton_Works_Depot_-report.pdf', '1527214350'),
(77, '325', '1527215827-Cootamundra_Motor_Registry-report.pdf', '1527215827'),
(78, '325', '1527216259-Cootamundra_Motor_Registry-report.pdf', '1527216259'),
(79, '312', '1527216856-Narrabri_West_Depot_-report.pdf', '1527216856'),
(80, '312', '1527216967-Narrabri_West_Depot_-report.pdf', '1527216967'),
(81, '327', '1527217186-Wagga_Wagga_Works_Depot-report.pdf', '1527217186'),
(82, '323', '1527218444-Bowenfels-report.pdf', '1527218444'),
(83, '314', '1527218491-Moree_Motor_Registry_-report.pdf', '1527218491'),
(84, '304', '1527218523-Kankool_Weigh_Station_-report.pdf', '1527218523'),
(85, '304', '1527218888-Kankool_Weigh_Station_-report.pdf', '1527218888'),
(86, '316', '1527219689-Mortlake_Ferry_-_Leased_Land-report.pdf', '1527219689'),
(87, '319', '1527219742-Woodburn_Depot-report.pdf', '1527219742'),
(88, '317', '1527220174-Mortlake_Ferry-report.pdf', '1527220174'),
(89, '316', '1527220625-Mortlake_Ferry_-_Leased_Land-report.pdf', '1527220625'),
(90, '326', '1527221443-Leeton_Motor_Registry-report.pdf', '1527221443'),
(91, '307', '1527222711-Adderley_Street_M4_Offices-report.pdf', '1527222711'),
(92, '307', '1527224778-Adderley_Street_M4_Offices-report.pdf', '1527224778'),
(93, '307', '1527225390-Adderley_Street_M4_Offices-report.pdf', '1527225390'),
(94, '313', '1527228054-Windsor_Depot-report.pdf', '1527228054'),
(95, '305', '1527460274-Granville_Rider_Training-report.pdf', '1527460274'),
(96, '305', '1527460314-Granville_Rider_Training-report.pdf', '1527460314'),
(97, '305', '1527460790-Granville_Rider_Training-report.pdf', '1527460790'),
(98, '305', '1527461780-Granville_Rider_Training-report.pdf', '1527461780'),
(99, '302', '1527464623-Bell_HVSS-report.pdf', '1527464623'),
(100, '302', '1527465457-Bell_HVSS-report.pdf', '1527465457'),
(101, '305', '1527465613-Granville_Rider_Training-report.pdf', '1527465613'),
(102, '305', '1527466190-Granville_Rider_Training-report.pdf', '1527466190'),
(103, '305', '1527466290-Granville_Rider_Training-report.pdf', '1527466290'),
(104, '311', '1527467289-St_Marys_Depot-report.pdf', '1527467289'),
(105, '338', '1527471031-Forbes_Motor_Registry-report.pdf', '1527471031'),
(106, '338', '1527471082-Forbes_Motor_Registry-report.pdf', '1527471082'),
(107, '302', '1527473639-Bell_HVSS-report.pdf', '1527473639'),
(108, '339', '1527473709-Parkes-report.pdf', '1527473709'),
(109, '339', '1527475380-Parkes-report.pdf', '1527475380'),
(110, '340', '1527477475-Tomingly_Depot-report.pdf', '1527477475'),
(111, '341', '1527479191-Wellington_Motor_Registry-report.pdf', '1527479191'),
(112, '342', '1527485667-Orange_Depot-report.pdf', '1527485667'),
(113, '301', '1527486716-Mount_Boyce_Weigh_Station_HVSS-report.pdf', '1527486716');

-- --------------------------------------------------------

--
-- Table structure for table `tbl_sites`
--

CREATE TABLE `tbl_sites` (
  `siteID` int(11) UNSIGNED NOT NULL,
  `building_name` text,
  `site_url` text,
  `site_type` varchar(255) DEFAULT NULL,
  `no_floors` int(11) DEFAULT NULL,
  `tenant` varchar(255) DEFAULT NULL,
  `site_contact` varchar(255) DEFAULT NULL,
  `description` longtext,
  `site` varchar(255) DEFAULT NULL,
  `property_number` int(11) DEFAULT NULL,
  `full_address` varchar(255) DEFAULT NULL,
  `survey_date` varchar(255) DEFAULT NULL,
  `levels` int(11) DEFAULT NULL,
  `inspected_by` varchar(255) DEFAULT NULL,
  `contact_title` varchar(255) DEFAULT NULL,
  `building_age` varchar(255) DEFAULT NULL,
  `construction_type` varchar(255) DEFAULT NULL,
  `previous_report` varchar(255) DEFAULT NULL,
  `company` varchar(255) DEFAULT NULL,
  `date_inspected` varchar(255) DEFAULT NULL,
  `area` varchar(255) DEFAULT NULL,
  `roof_type` varchar(255) DEFAULT NULL,
  `site_image` varchar(255) DEFAULT NULL,
  `hide` char(11) DEFAULT 'N',
  `clientID` int(11) DEFAULT NULL,
  `report_name` varchar(255) DEFAULT NULL,
  `city` varchar(50) DEFAULT NULL,
  `post_code` varchar(10) DEFAULT NULL,
  `state` int(2) DEFAULT '0',
  `date_updated` timestamp NULL DEFAULT NULL ON UPDATE CURRENT_TIMESTAMP,
  `site_description` mediumtext,
  `site_use` varchar(255) DEFAULT NULL
) ENGINE=InnoDB DEFAULT CHARSET=latin1;

--
-- Dumping data for table `tbl_sites`
--

INSERT INTO `tbl_sites` (`siteID`, `building_name`, `site_url`, `site_type`, `no_floors`, `tenant`, `site_contact`, `description`, `site`, `property_number`, `full_address`, `survey_date`, `levels`, `inspected_by`, `contact_title`, `building_age`, `construction_type`, `previous_report`, `company`, `date_inspected`, `area`, `roof_type`, `site_image`, `hide`, `clientID`, `report_name`, `city`, `post_code`, `state`, `date_updated`, `site_description`, `site_use`) VALUES
(293, 'Heavy Vehicle Inspection Station', NULL, NULL, NULL, NULL, 'Danny Wunsch ', NULL, 'Wetherill Park HVIS', 49000654, '248 Victoria Street', '30-01-2018', 2, 'Simone Walsh', '', NULL, 'Brick and Metal', 'No', 'RiskTech', NULL, '1200 m2', 'Metal', NULL, 'N', 1, 'Hazardous Materials Survey', 'Wetherill Park', '2164', 1, '2018-02-23 00:45:07', '', NULL),
(294, '', NULL, NULL, NULL, NULL, 'Danny Wunsch', NULL, 'Wetherill Park HVIS', 0, '248 Victoria Street', '30-01-2018', 1, 'Simone Walsh', '', NULL, 'Metal', '', 'Metal', NULL, '', '', NULL, 'Y', 1, '', 'Wetherill Park ', '2164', 1, '2018-02-16 01:01:36', '', NULL),
(295, 'Main Building ', NULL, NULL, NULL, NULL, 'Peter Jones', NULL, 'Yennora Station ', 30566, '23 Young Street ', '27-02-2018', 2, 'Simone Walsh', '', NULL, 'Metal', 'No', 'RiskTech', NULL, '1200 sqm', 'Metal', NULL, 'Y', 1, 'Hazardous Materials Survey', 'Bondi', '2026', 1, '2018-02-16 01:01:32', '', NULL),
(296, 'Administration Building///SRS Conference Room///Fleet Workshop///Fleet Warehouse///Welders Workshop///Fleet Storage Sheds///ITSM Storage Shed///Covered Shed opposite ITSM Design///Washing Bay Shed///ITSM Warehouse///ITSM Amenities///ITSM Factory///ITSM Design///DAS Sheds///Amenities Building///Electrical Unit///Amenities & TES Storage Sheds///Traffic Equipment Standards Demountable///Electronic Unit Demountables///Gas Yard///ITSM Project Delivery///Fleet Building///GIS Building///DAS Building///DAS Demountable///DAS Storage Shed///Carpark area', NULL, NULL, NULL, NULL, 'Dylan Munro', NULL, 'Yennora Works Centre', 49000072, '129a Orchardleigh Street', '25-01-2018', 2, 'Bernard Day', '', '1970\'s', 'Brick', 'Yes', 'Prensa', NULL, '', 'Metal', NULL, 'N', 1, '', 'Yennora', '2161', 1, '2018-05-25 01:14:13', '<p>The site consists of a main administration building and many sheds and storage containers on site. The age of construction is approimately 1970s.</p>', 'Works Centre/depot'),
(297, 'Amenities Block ///Works Office ///Demountable 34///Laboratory///Workshop///Demountable 33///Carpenters Shed///Northern Metal Shed', NULL, NULL, NULL, NULL, '', NULL, 'Singleton Works Depot ', 49000077, '51 Maison Dieu Road', '15-01-2018', 1, 'Simone Walsh', '', '1960s', 'Brick and Metal', '', 'RiskTech', NULL, '600 m2', 'Metal', NULL, 'N', 1, '', 'Singleton', '2164', 1, '2018-05-24 22:19:30', '', 'Works Depot '),
(298, '', NULL, NULL, NULL, NULL, 'Peter Donnelley', NULL, 'Mount Boyce Weigh Station HVSS', 49000713, 'Great Western Highway', '', 0, '', 'Facilities Manager', NULL, '', '', '', NULL, '', '', NULL, 'Y', 1, '', 'Mount Boyce', '2785', 1, '2018-04-20 00:01:17', '', NULL),
(299, '', NULL, NULL, NULL, NULL, 'Peter Donnelley', NULL, 'Mount Boyce Weigh Station HVSS', 49000713, 'Great Western Highway', '', 0, '', 'Facilities Manager', NULL, '', '', '', NULL, '', '', NULL, 'Y', 1, '', 'Mount Boyce', '2785', 1, '2018-04-20 00:39:54', '', NULL),
(300, 'Main Building', NULL, NULL, NULL, NULL, 'Fred Blogs', NULL, 'Test no.3', 1234, '12 High Street', '', 5, 'Bernard Day', 'Dr', NULL, 'Straw', 'Yes', 'RiskTech', NULL, '1m2', 'Straw', NULL, 'N', 1, '', 'Big Town', '2000', 1, '2018-04-20 00:39:09', '', NULL),
(301, 'Office/Checking Station', NULL, NULL, NULL, NULL, 'Peter Donnelley', NULL, 'Mount Boyce Weigh Station HVSS', 49000713, 'Great Western Highway', '16-04-2018', 1, 'Paul Brown', 'Facilities Manager', 'circa 1980\'s', 'Concrete/Metal & Cement Block', 'Yes', 'RiskTech', NULL, '600', 'Metal', NULL, 'N', 1, '', 'Mount Boyce', '2785', 1, '2018-05-28 05:42:35', '', 'Vehicle Checking Station'),
(302, 'Administration/Ammentities', NULL, NULL, NULL, NULL, 'Peter Donnelley', NULL, 'Bell HVSS', 49001842, 'Bells Line of Road', '16-04-2018', 1, 'Paul Brown', 'Facilities Manager', 'circa 1980\'s', 'Concrete/Metal/Fibre Cement sheeting & Brick', 'Yes', 'RiskTech', NULL, '200m2', 'Metal', NULL, 'N', 1, '', 'Bell', '2786', 1, '2018-05-27 23:42:36', '<p>The site consists of an office/ammenities block,&nbsp;Two demountable WC facilities and a shipping container for storage.</p>', 'Heavy Vehicle Checking Station'),
(303, 'Motor Registry ', NULL, NULL, NULL, NULL, '', NULL, 'Muswellbrook Motor Registry ', 49000638, 'Corner Hill and Bridge Streets', '15-01-2018', 1, 'Simone Walsh', '', NULL, 'Brick', 'Yes', 'RiskTech', NULL, '225', 'Metal', NULL, 'N', 1, '', 'Muswellbrook', '2333', 1, '2018-04-26 00:25:29', '', NULL),
(304, 'Weigh Station///Storage Shed', NULL, NULL, NULL, NULL, '', NULL, 'Kankool Weigh Station ', 49001223, 'New England Highway ', '15-01-2018', 1, 'Simone Walsh', '', '1970s', 'Brick', '', 'RiskTech', NULL, '100 m2', 'Metal', NULL, 'N', 1, '', 'Kankool', '2338', 1, '2018-05-25 03:25:35', '', 'Weigh Station'),
(305, 'Rider Training Facilities', NULL, NULL, NULL, NULL, 'Paul Willows', NULL, 'Granville Rider Training', 49001498, '30 Wentworth Street', '24-04-2018', 1, 'Paul Brown', 'Manager', 'circa 1980\'s', 'Metal Clad Demountables', 'Yes', 'RiskTech', NULL, '500', 'Metal', NULL, 'N', 1, '', 'Granville', '2142', 1, '2018-05-28 00:12:23', '<p>The site consist of 5 demountable structures for training purposes</p>', 'Rider Training'),
(306, '', NULL, NULL, NULL, NULL, 'Jannine Sharp', NULL, 'Adderley Street M4 Offices', 49001717, '123 Adderley Street', '24-04-2018', 4, 'Paul Brown', 'Manager', NULL, 'Metal/Fibre Cement/Block work', 'Yes', 'RiskTech', NULL, '700', 'Metal', NULL, 'Y', 1, '', 'Auburn', '2144', 1, '2018-04-25 21:59:00', '', NULL),
(307, 'M4 Offices', NULL, NULL, NULL, NULL, 'Jannine Sharp', NULL, 'Adderley Street M4 Offices', 49001717, '123 Adderley Street', '24-04-2018', 4, 'Paul Brown', 'Manager', 'circa 1990\'s', 'Metal/Fibre Cement/Block work', 'Yes', 'RiskTech', NULL, '700 m2', 'Metal', NULL, 'N', 1, '', 'Auburn', '2144', 1, '2018-05-25 04:23:56', '', 'Offices'),
(308, '', NULL, NULL, NULL, NULL, 'Jason Eaton', NULL, 'St Marys Depot', 49000125, 'Ainsbury Road', '10-04-2018', 1, 'Paul Brown', 'Manager', NULL, '', 'Yes', 'RiskTech', NULL, '80', 'Metal', NULL, 'Y', 1, '', 'St Marys', '2760', 1, '2018-04-25 22:44:29', '', NULL),
(309, '', NULL, NULL, NULL, NULL, 'Jason Eaton', NULL, 'St Marys Depot', 49000125, 'Ainsbury Road', '10-04-2018', 1, 'Paul Brown', 'Manager', NULL, '', 'Yes', 'RiskTech', NULL, '80', 'Metal', NULL, 'Y', 1, '', 'St Marys', '2760', 1, '2018-04-25 22:44:05', '', NULL),
(310, '', NULL, NULL, NULL, NULL, 'Jason Eaton', NULL, 'St Marys Depot', 49000125, 'Ainsbury Road', '10-04-2018', 1, 'Paul Brown', 'Manager', NULL, 'Demountable', 'Yes', 'RiskTech', NULL, '80', 'Metal', NULL, 'Y', 1, '', 'St Marys', '2760', 1, '2018-04-25 22:57:54', '', NULL),
(311, 'Office A///Team Leaders Storage///Office B///Office C///Office D///Office E///Office F', NULL, NULL, NULL, NULL, 'Jason Eaton', NULL, 'St Marys Depot', 49000125, '1 Ainsbury Road', '10-04-2018', 1, 'Paul Brown', 'Manager', 'circa 1970\'s', 'Metal Clad Demountables', 'Yes', 'RiskTech', NULL, '100', 'Metal', NULL, 'N', 1, '', 'St Marys', '2760', 1, '2018-05-28 00:14:08', '<p>The site consist of 7 demountable buildings used for office, ammenities &amp; conferance rooms. 3 shed structures are used for storage &amp; workshops.</p>', 'Works Depot'),
(312, 'General Grounds ///Amenities Block///Site Office///Various Shipping Containers ///Lunch Room///Work Shed///Open Yellow Sheds', NULL, NULL, NULL, NULL, '', NULL, 'Narrabri West Depot ', 49000091, 'Cnr Newell & Kamilaroi Highway', '16-01-2018', 1, 'Simone Walsh', '', '1960', 'Metal', '', 'RiskTech ', NULL, '1000 m2', 'Metal', NULL, 'N', 1, '', 'Narrabri West ', '2390', 1, '2018-05-25 03:00:04', '', 'Works Depot'),
(313, 'Carpenters Workshop///Ammenities Block///Main Office & Team Leaders Office///Shed 1///Shed 2///Shed 3///Shed 4///Sheds 5 & 6///Shed 7///Shed 8///Sheds 1 - 6///Bridge Section', NULL, NULL, NULL, NULL, 'Gavin ', NULL, 'Windsor Depot', 49000121, '66 - 68 Mileham Street', '10-04-2018', 1, 'Paul Brown', 'Manager', 'circa 1970\'s', 'Metal/Fibre Cement/Block work & Concrete', 'Yes', 'RiskTech', NULL, '3000 m2', 'Metal', NULL, 'N', 1, '', 'Windsor', '2756', 1, '2018-05-25 05:19:19', '<p>The site consist of&nbsp;4 permanent buildings &amp; 8 demountable or semi-permanent structures.</p>', 'RMS Depot'),
(314, 'Motor Registry ', NULL, NULL, NULL, NULL, '', NULL, 'Moree Motor Registry ', 49000614, '57 Balo Street', '18-01-2018', 2, 'Simone Walsh', '', '1960s', 'Brick and Concrete ', 'Yes', 'RiskTech', NULL, '225 m2', 'Metal', NULL, 'N', 1, '', 'Moree', '2400', 1, '2018-05-25 02:04:30', '', 'Motor Registry'),
(315, 'Residence', NULL, NULL, NULL, NULL, '', NULL, 'Ulmarra Ferry House ', 49000628, '139 Southgate Ferry Road', '19-01-2018', 1, 'Simone Walsh', '', '1960', 'Brick, Timber & Fibre Cement ', 'Yes', 'RiskTech ', NULL, '100 m2', 'Metal', NULL, 'N', 1, '', 'Southgate ', '2460', 1, '2018-05-24 04:52:52', '', ''),
(316, 'Office & Staff Ammenities///Sand Blasting///Stores & Workshops', NULL, NULL, NULL, NULL, 'Gavin ', NULL, 'Mortlake Ferry - Leased Land', 49000773, '35 Hilly Street', '11-04-2018', 2, 'Paul Brown', 'Manager', 'circa 1970\'s', 'Brick/Concrete', 'Yes', 'RiskTech', NULL, '300 m2', 'Metal', NULL, 'N', 1, '', 'Mortlake', '2137', 1, '2018-05-25 03:25:27', '<p>The site consist of 3 permanent structers and shipping container storage units.</p>', 'Ferry Maitenance Workshops, Office and staff amenities'),
(317, 'Ferry Terminus', NULL, NULL, NULL, NULL, 'Gavin ', NULL, 'Mortlake Ferry', 49000013, '33A Hilly Street', '11-04-2018', 1, 'Paul Brown', 'Manager', 'circa 1970\'s', 'Brick & Concrete', 'Yes', 'RiskTech', NULL, '120 m2', 'Metal', NULL, 'N', 1, '', 'Mortlake', '2137', 1, '2018-05-25 03:44:08', '<p>Ferry passenger waiting area and crew meal/office and toilet facilities.</p>', 'Ferry Terminus Point'),
(318, 'Site Office/Workshop///Staff Amenities Block ///Small Rope Store Shed///Storage Garage with Roller Door (East of Site Office/Workshop)///Lunch Shed (East of Site Office/Workshop)///Steel Framed Shed adjacent Site Entrance', NULL, NULL, NULL, NULL, '', NULL, 'Ashby Dry Dock', 49000720, 'Clarence Street', '19-01-2018', 1, 'Simone Walsh', '', NULL, '', 'Yes', 'RiskTech', NULL, '', '', NULL, 'N', 1, '', 'Ashby', '2463', 1, '2018-05-01 05:06:11', '', NULL),
(319, 'Site Office Demountable///The Vault///Flammable Liquids Store ///Amenities Block///Asphalt Storage Tank///Shipping Container 1///Shipping Container 2///Site Office ///Bridge Shed///Large Metal Shed///Bridge Services Shed', NULL, NULL, NULL, NULL, '', NULL, 'Woodburn Depot', 49000104, '17 Trustums Hill Road ', '22-01-2018', 1, 'Simone Walsh', '', '1990s', 'Metal', 'Yes', 'RiskTech', NULL, '40,000 m2', 'Metal', NULL, 'N', 1, '', 'Woodburn', '2472', 1, '2018-05-25 03:50:08', '', 'Works Depot'),
(320, 'Office', NULL, NULL, NULL, NULL, '', NULL, 'Ewingsdale Office ', 49005056, 'McClouds Shoot Tunnel Office, St. Helena Road ', '23-01-2017', 1, 'Simone Walsh', '', NULL, 'Metal', 'No', '', NULL, '600', 'Metal', NULL, 'N', 1, '', 'Ewingsdale', '2481', 1, '2018-05-02 05:39:54', '', NULL),
(321, 'Shed 1///ATCO Demountable///Main Shed/Workshop///Bitumen Tank Bund Area ', NULL, NULL, NULL, NULL, '', NULL, 'Billinudgel Depot ', 49000565, 'Brunswick Street', '24-01-2018', 1, 'Simone Walsh', '', NULL, '', 'Yes', 'RiskTech', NULL, '', 'Metal', NULL, 'N', 1, '', 'Billinudgel ', '2483', 1, '2018-05-02 05:58:14', '', NULL),
(322, '', NULL, NULL, NULL, NULL, 'Christian Evans', NULL, 'Bowenfels', 0, '15-33 Cooerwull Road', '30-04-2018', 1, 'Paul Brown', 'Manager', NULL, 'Brick, Concrete & Metal', 'Yes', 'RiskTech', NULL, '12,000', 'Metal', NULL, 'Y', 1, '', 'Bowenfels', '2790', 1, '2018-05-17 01:27:17', '', NULL),
(323, 'Administration Building///Laboratory///Amenities///General Store///Fleet Workshop///Temporary Lab Storage Shed///Accomodation Sheds///Gang Sheds X 11 Units///Oil Store', NULL, NULL, NULL, NULL, 'Christian Evans', NULL, 'Bowenfels', 49000153, '15-33 Cooerwull Road', '30-04-2018', 1, 'Paul Brown', 'Manager', 'circa 1970\'s', 'Brick, Concrete & Metal', 'Yes', 'RiskTech', NULL, '12,000 m2', 'Metal', NULL, 'N', 1, '', 'Bowenfels', '2790', 1, '2018-05-25 03:02:27', '<p>Site consist of&nbsp;nine buildings of varying construction types and ages</p>', 'RMS Depot'),
(324, 'Lunch Room///Site Office ///Roller Door Storage x 4///Sign Store x 2///Various Shipping Containers///Small Sign Hut///Equipment Store ///Toilet/Conference Building///Survey Sheds x 5///Flammable Liquids Store///Soil Lab///Storage Building (Stores 1-6)///Flammable Gas Storage Cage', NULL, NULL, NULL, NULL, '', NULL, 'Gundagai Depot', 49000114, 'Corner Eagle and Cross Street', '15-05-2018', 1, 'Simone Walsh', '', '1980s', 'Metal and Timber Weatherboard', '', 'RiskTech', NULL, '4,680', 'Metal ', NULL, 'N', 1, '', 'Gundagai', '2722', 1, '2018-05-21 04:54:17', '', ''),
(325, 'Motor Registry', NULL, NULL, NULL, NULL, 'Tim Peatman', NULL, 'Cootamundra Motor Registry', 49000601, 'Cnr Cooper & Bourke Sts', '10-05-2018', 1, 'Paul Brown', 'Facilities Manager', 'circa 1970\'s', 'Brick, Concrete & Metal', 'Yes', 'RiskTech', NULL, '150 m2', 'Metal', NULL, 'N', 1, '', 'Cootamundra', '2590', 1, '2018-05-25 02:38:08', '', 'Motor Registry'),
(326, 'Motor Registry', NULL, NULL, NULL, NULL, 'Tim Peatman', NULL, 'Leeton Motor Registry', 49000693, 'Cnr Ash & Church Sts', '10-05-2018', 1, 'Paul Brown', 'Facilities Manager', 'circa 1970\'s', 'Brick, Concrete & Metal', 'Yes', 'RiskTech', NULL, '150 m2', 'Metal', NULL, 'N', 1, '', 'Leeton', '2705', 1, '2018-05-25 03:59:16', '<p>Single storey building with a flat roof and a parking area associated on site.</p>', 'Motor Registry'),
(327, 'Laboratory///Bridge Services///Site Office/Amenities///Maintenance Shed///Sign Shed///Pallet Shed///Bridge Services Storage', NULL, NULL, NULL, NULL, 'Tim Peatman', NULL, 'Wagga Wagga Works Depot', 49000141, '1 Pearson Street', '09-05-2018', 1, 'Paul Brown', 'Facilities Manager', 'circa 1970\'s', 'Metal Clad/Concrete Slab', 'Yes', 'RiskTech', NULL, '10,000 m2', 'Metal', NULL, 'N', 1, '', 'Wagga Wagga', '2650', 1, '2018-05-25 02:47:35', '<p>The site consist of 7 permanent structers with varying age of constuction with the older buildings circa 1970\'s and the newer buildings with construction date 2016.</p>', 'Depot and Laboratory Facilities'),
(328, 'Motor Registry', NULL, NULL, NULL, NULL, 'Tim Peatman', NULL, 'Narrandera Motor Registry', 49001833, 'Corner Adams & Myrtle Streets', '09-05-2018', 1, 'Paul Brown', 'Facilities Manager', 'circa 1970\'s', 'Brick, Concrete & Metal', 'Yes', 'RiskTech', NULL, '300 m2', 'Metal', NULL, 'N', 1, '', 'Narrandera', '2700', 1, '2018-05-25 00:38:49', '<p>The site exsist within the depot complex occupying part of the administration building.</p>', 'Motor Registry'),
(329, 'Administration Office///Fleet Workshop///Laboratory///Sign Shed///Central Store///Amenities///Wash Bay///Old Office Complex///Bunded Area///Maintenance Shed Ajacent Amenities///Maintenance Shed Ajacent Bunded sealing area', NULL, NULL, NULL, NULL, 'Tim Peatman', NULL, 'Narrandera Works Depot', 49001832, 'Corner Adams & Myrtle Streets', '08-05-2018', 1, 'Paul Brown', 'Facilities Manager', 'circa 1970\'s', 'Brick, Concrete & Metal', 'Yes', 'RiskTech', NULL, '12.000 m2', 'Metal', NULL, 'N', 1, '', 'Narrandera', '2700', 1, '2018-05-25 00:20:34', '<p>The site consist of 11 permanent structures for a variety of uses.</p>', 'Works Depot'),
(330, 'Depot Office///Archive Shed///Amenities ///Store///Work Shop///Lime Shed///Small Plant Shed///Line Marking Shed', NULL, NULL, NULL, NULL, 'Tim Peatman', NULL, 'Hay Works Depot', 49000281, 'Sidonia Road, ', '07-05-2018', 1, 'Paul Brown', 'Facilities Manager', 'circa 1970\'s', 'Brick, Concrete & Metal', 'Yes', 'RiskTech', NULL, '8,000', 'Metal', NULL, 'N', 1, '', 'Hay', '2711', 1, '2018-05-21 03:38:25', '', 'Works Depot'),
(331, 'Motor Registry', NULL, NULL, NULL, NULL, 'Tim Peatman', NULL, 'Hay Motor Registry', 49000131, 'Sidonia Road', '07-05-2018', 1, 'Paul Brown', 'Facilities Manager', 'circa 1990\'s', 'Metal/Fibre Cement/Block work & Concrete', 'Yes', 'RiskTech', NULL, '150', 'Metal', NULL, 'N', 1, '', 'Hay', '2711', 1, '2018-05-21 05:23:42', '', 'Motor Registry'),
(332, 'Amenities Block///Mechanics Workshop///Sign Storage///Wash Bay///Fuel Bund///Various Shipping Containers ///Administration Building ///Large Sign Storage Shed///Disused Soil Lab Demountable', NULL, NULL, NULL, NULL, '', NULL, 'Glen Innes Works Centre', 49000157, 'Armidale Road', '18-01-2018', 0, '', '', '1970', 'Timber and Fibre Cement Sheet', '', 'RiskTech', NULL, '1100', 'Corrugated Iron ', NULL, 'N', 1, '', 'Glen Innes', '2370', 1, '2018-05-22 01:02:54', '', ''),
(333, 'Amenities/Office///Truck Shed///Yard', NULL, NULL, NULL, NULL, 'Tim Peatman', NULL, 'Goolgowi Sub-Depot', 49000576, 'Corner Bunyip & Farrer Streets', '10-05-2018', 1, 'Paul Brown', 'Facilities Manager', 'circa 1980\'s', 'Metal, Steel Frame & Plaster Board', 'Yes', 'RiskTech', NULL, '400m2', 'Metal', NULL, 'N', 1, '', 'Goolgowi', '2652', 1, '2018-05-24 03:28:47', '<p>The site consist 2 permenant structures with yard storage.</p>', 'Sub Depot'),
(334, 'Yard///Administration///Sheds 5 & 6///Bulk Storage Sheds///Maintenance Shed///Amenities Shed', NULL, NULL, NULL, NULL, 'Tim Peatman', NULL, 'Coonabarabran Depot', 49001303, 'Gardener Street', '01-05-2018', 1, 'Paul Brown', 'Facilities Manager', 'circa 1970\'s', 'Concrete/Metal & Laminated Timber', 'Yes', 'RiskTech', NULL, '1,200 m2', 'Metal', NULL, 'N', 1, '', 'Coonabarabran', '2357', 1, '2018-05-24 06:08:03', '<p>The Site consist of 5 permenant structures &amp; 5 demountable sheds.</p>', 'RMS Depot'),
(335, 'Administration///Storage Shed///Workshop///Truck Shed///Amenities', NULL, NULL, NULL, NULL, 'Tim Peatman', NULL, 'Deniliquin Depot', 49000132, 'Kelly Street', '07-05-2018', 1, 'Paul Brown', 'Facilities Manager', 'circa 1970\'s', 'Demountable', 'Yes', 'RiskTech', NULL, '300m2', 'Metal', NULL, 'N', 1, '', 'Deniliquin', '2710', 1, '2018-05-24 22:10:13', '', 'RMS Depot'),
(336, 'Amenities Building///Main Office ///Demountable Call-Out Shed///Demountable Signs Store Shed///Training Demountable///Demountable Amenities Store ///Compound///Demountable Stores///Various Shipping Containers///Flammable Liquids Store ', NULL, NULL, NULL, NULL, '', NULL, 'Nabiac Sub Depot', 49000150, '2-8 Carmichael Street', '25-01-2018', 1, 'Simone Walsh', '', '1970s', 'Brick', '', 'RiskTech', NULL, '400 m2', 'Metal', NULL, 'N', 1, '', 'Nabiac', '2312', 1, '2018-05-25 00:39:48', '', 'Works Depot '),
(337, 'Main Building///Amenities Building///Records Store ///Chemical Store ///Flammable Liquid Store ///Radioactive Stores///Bridge Construction Shed ///Line Marking Shed', NULL, NULL, NULL, NULL, '', NULL, 'Tamworth South Works Centre ', 49000084, 'Goonoo Goonoo Road', '16-01-2018', 1, 'Simone Walsh', '', '1960s', 'Cement, Metal & Timber', 'Yes', 'RiskTech', NULL, '60,000 m2', 'Metal', NULL, 'N', 1, '', 'Tamworth', '2340', 1, '2018-05-25 04:13:49', '', 'Works Centre '),
(338, 'Motor Registry', NULL, NULL, NULL, NULL, 'Tim Peatman', NULL, 'Forbes Motor Registry', 49000657, 'Corner Farrand & Union Streets', '04-05-2018', 1, 'Paul Brown', 'Facilities Manager', 'circa 1970\'s', 'Brick, Concrete & Metal', 'Yes', 'RiskTech', NULL, '300 m2', 'Metal', NULL, 'N', 1, '', 'Forbes', '2871', 1, '2018-05-28 00:36:12', '', 'Motor Registry'),
(339, 'Administration/Laboratory///Amenities Shed///Main Storage Shed///Beam Truck Shed///Storage Sheds X 3///Grounds Survey Shed', NULL, NULL, NULL, NULL, 'Tim Peatman', NULL, 'Parkes', 49000163, 'Corner Hartgan Avenue & Close Street', '03-05-2018', 0, 'Paul Brown', 'Facilities Manager', 'circa 1990\'s', 'Brick, Concrete & Metal', 'Yes', 'RiskTech', NULL, '2000 m2', 'Metal', NULL, 'N', 1, '', 'Parkes', '2870', 1, '2018-05-28 01:44:51', '', 'RMS Depot'),
(340, 'Amenities Building///Leading Hand Building///Supervisors Office///Workshop///Main Workshop///Timber Storage Shed', NULL, NULL, NULL, NULL, 'Tim Peatman', NULL, 'Tomingly Depot', 49000562, 'Newell Highway', '03-05-2018', 1, 'Paul Brown', 'Facilities Manager', 'circa 1970\'s', 'Concrete/Metal', 'Yes', 'RiskTech', NULL, '800 m2', 'Metal', NULL, 'N', 1, '', 'Tomingly', '2869', 1, '2018-05-28 03:10:33', '<p>The site consist of 6 permenant buildings with yard storage.</p>', 'RMS Depot'),
(341, 'Motor Registry', NULL, NULL, NULL, NULL, 'Greg Heffernan', NULL, 'Wellington Motor Registry', 49000655, '46 Warne Street', '01-05-2018', 1, 'Paul Brown', 'Facilities Manager', 'circa 1970\'s', 'Brick, Concrete & Metal', 'Yes', 'RiskTech', NULL, '300 m2', 'Metal', NULL, 'N', 1, '', 'Wellington', '2820', 1, '2018-05-28 03:24:28', '', 'Motor Registry'),
(342, 'Administration///Truck Shed///Maintenance Shed///Workshop///Amenities Building///Long Term Store///Paint Store///Sign Shed///Garage///Carpenters Workshop', NULL, NULL, NULL, NULL, 'Tim Peatman', NULL, 'Orange Depot', 49000162, '15-23 Tynan Street', '30-04-2018', 1, 'Paul Brown', 'Facilities Manager', 'circa 1970\'s', 'Metal/Timber', 'Yes', 'RiskTech', NULL, '10,000 m2', 'Metal', NULL, 'N', 1, '', 'Orange', '2800', 1, '2018-05-28 04:30:04', '', 'RMS Depot'),
(343, 'Main Office Building///Soil Testing Laboratory ///Bridge Maintenance Shed///Colorbond 3 Bay Garage East of Soil Testing Laboratory///Amenities Block///Fleet Services Metal Workshop///Site Office South of Main Office Building', NULL, NULL, NULL, NULL, '', NULL, 'Grafton South Works Centre ', 49000102, '34 Herber Street', '19-01-2018', 1, 'Simone Walsh', '', '1960s-2000s', 'Timber Weatherboard', '', 'RiskTech', NULL, '2,400 m2', 'Corrugated Iron ', NULL, 'N', 1, '', 'South Grafton', '2460', 1, '2018-05-28 06:43:04', '', ''),
(344, 'Old Workshop///Timber Shed///Storage Sheds X 3///Administration/Demountable///Workshop', NULL, NULL, NULL, NULL, 'Greg Heffernan', NULL, 'Walgett Sub-Depot', 49000094, 'Corner Fox & Hope Streets', '02-05-2018', 1, 'Paul Brown', 'Facilities Manager', 'circa 1970\'s', 'Metal/Timber', 'Yes', 'RiskTech', NULL, '300 m2', 'Metal', NULL, 'N', 1, '', 'Walgett', '2832', 1, '2018-05-28 06:07:54', '<p>The site consist of 9 structures used as required.</p>', 'RMS Depot'),
(345, 'Amenities Shed///Checking Bay', NULL, NULL, NULL, NULL, 'Greg Heffernan', NULL, 'Walgett HVIS', 49001857, 'Corner Fox & Hope Streets', '02-05-2018', 1, 'Paul Brown', 'Facilities Manager', 'circa 2014\'s', 'Concrete/Metal', 'Yes', 'RiskTech', NULL, '500 m2', 'Metal', NULL, 'N', 1, '', 'Walgett', '2832', 1, '2018-05-28 06:33:48', '', 'Heavy Vehicle Checking Station'),
(346, 'Motor Registry', NULL, NULL, NULL, NULL, 'Tim Peatman', NULL, 'West Wyalong Motor Registry', 49001833, '8 Clearidge Road', '03-05-2018', 1, 'Paul Brown', 'Facilities Manager', 'circa 1990\'s', 'Brick, Concrete & Metal', 'Yes', 'RiskTech', NULL, '300 m2', 'Metal', NULL, 'N', 1, '', 'West Wyalong', '2671', 1, '2018-05-28 06:51:46', '', 'Motor Registry');

-- --------------------------------------------------------

--
-- Table structure for table `tbl_site_document`
--

CREATE TABLE `tbl_site_document` (
  `docID` int(11) UNSIGNED NOT NULL,
  `siteID` int(11) DEFAULT NULL,
  `full_path` text
) ENGINE=InnoDB DEFAULT CHARSET=utf8;

--
-- Dumping data for table `tbl_site_document`
--

INSERT INTO `tbl_site_document` (`docID`, `siteID`, `full_path`) VALUES
(87, 293, ''),
(88, 294, ''),
(89, 293, ''),
(90, 293, ''),
(91, 293, ''),
(92, 293, ''),
(93, 295, ''),
(94, 293, ''),
(95, 293, ''),
(96, 296, ''),
(97, 296, ''),
(98, 293, ''),
(99, 293, ''),
(100, 293, ''),
(101, 296, ''),
(102, 296, ''),
(103, 296, ''),
(104, 296, ''),
(105, 296, ''),
(106, 296, ''),
(107, 296, ''),
(108, 296, ''),
(109, 296, ''),
(110, 296, ''),
(111, 296, 'S106975.89-FID Report.pdf.pdf'),
(112, 297, ''),
(113, 297, ''),
(114, 298, ''),
(115, 299, ''),
(116, 300, ''),
(117, 301, ''),
(118, 302, ''),
(119, 302, ''),
(120, 302, ''),
(121, 302, ''),
(122, 302, ''),
(123, 302, ''),
(124, 302, ''),
(125, 297, ''),
(126, 297, ''),
(127, 297, ''),
(128, 297, ''),
(129, 297, ''),
(130, 297, ''),
(131, 297, ''),
(132, 297, ''),
(133, 303, ''),
(134, 304, ''),
(135, 305, ''),
(136, 306, ''),
(137, 307, ''),
(138, 307, ''),
(139, 307, ''),
(140, 305, ''),
(141, 308, ''),
(142, 309, ''),
(143, 310, ''),
(144, 311, ''),
(145, 311, ''),
(146, 304, ''),
(147, 304, ''),
(148, 304, ''),
(149, 303, ''),
(150, 297, ''),
(151, 312, ''),
(152, 312, ''),
(153, 312, ''),
(154, 312, ''),
(155, 312, ''),
(156, 312, ''),
(157, 312, ''),
(158, 313, ''),
(159, 313, ''),
(160, 313, ''),
(161, 313, ''),
(162, 314, ''),
(163, 314, ''),
(164, 315, ''),
(165, 313, ''),
(166, 313, ''),
(167, 316, ''),
(168, 316, ''),
(169, 317, ''),
(170, 318, ''),
(171, 318, ''),
(172, 318, ''),
(173, 318, ''),
(174, 318, ''),
(175, 318, ''),
(176, 318, ''),
(177, 318, ''),
(178, 318, ''),
(179, 319, ''),
(180, 319, ''),
(181, 319, ''),
(182, 319, ''),
(183, 319, ''),
(184, 319, ''),
(185, 319, ''),
(186, 319, ''),
(187, 319, ''),
(188, 319, ''),
(189, 319, ''),
(190, 319, ''),
(191, 319, ''),
(192, 319, ''),
(193, 320, ''),
(194, 320, ''),
(195, 321, ''),
(196, 321, ''),
(197, 322, ''),
(198, 323, ''),
(199, 323, ''),
(200, 324, ''),
(201, 324, ''),
(202, 324, ''),
(203, 324, ''),
(204, 324, ''),
(205, 323, ''),
(206, 323, ''),
(207, 323, ''),
(208, 323, ''),
(209, 323, ''),
(210, 323, ''),
(211, 325, ''),
(212, 325, ''),
(213, 326, ''),
(214, 326, ''),
(215, 327, ''),
(216, 327, ''),
(217, 328, ''),
(218, 329, ''),
(219, 329, ''),
(220, 329, ''),
(221, 317, ''),
(222, 317, ''),
(223, 316, ''),
(224, 327, ''),
(225, 328, ''),
(226, 329, ''),
(227, 330, ''),
(228, 324, ''),
(229, 324, ''),
(230, 324, ''),
(231, 331, ''),
(232, 332, ''),
(233, 332, ''),
(234, 332, ''),
(235, 333, ''),
(236, 333, ''),
(237, 332, ''),
(238, 332, ''),
(239, 296, ''),
(240, 333, ''),
(241, 315, ''),
(242, 333, ''),
(243, 334, ''),
(244, 315, ''),
(245, 334, ''),
(246, 334, ''),
(247, 334, '50300-057 Coonabarabran Depot RMS AMP.pdf'),
(248, 334, ''),
(249, 334, ''),
(250, 334, ''),
(251, 335, ''),
(252, 297, ''),
(253, 335, ''),
(254, 335, ''),
(255, 297, ''),
(256, 336, ''),
(257, 336, ''),
(258, 336, ''),
(259, 329, ''),
(260, 329, ''),
(261, 336, ''),
(262, 328, ''),
(263, 336, ''),
(264, 296, 'S106975.89-FID Report.pdf.pdf'),
(265, 314, ''),
(266, 325, ''),
(267, 312, ''),
(268, 327, ''),
(269, 312, ''),
(270, 312, ''),
(271, 312, ''),
(272, 312, ''),
(273, 323, ''),
(274, 304, ''),
(275, 316, ''),
(276, 304, ''),
(277, 319, ''),
(278, 317, ''),
(279, 319, ''),
(280, 326, ''),
(281, 337, ''),
(282, 307, ''),
(283, 313, ''),
(284, 305, ''),
(285, 305, ''),
(286, 302, ''),
(287, 305, '50300-104 Granville Rider Training HazMat Report.pdf'),
(288, 305, ''),
(289, 311, ''),
(290, 338, ''),
(291, 339, ''),
(292, 340, ''),
(293, 340, ''),
(294, 341, ''),
(295, 342, ''),
(296, 342, ''),
(297, 343, ''),
(298, 301, ''),
(299, 343, ''),
(300, 344, ''),
(301, 344, ''),
(302, 345, ''),
(303, 343, ''),
(304, 346, ''),
(305, 346, '');

-- --------------------------------------------------------

--
-- Table structure for table `tbl_site_images`
--

CREATE TABLE `tbl_site_images` (
  `imageID` int(11) UNSIGNED NOT NULL,
  `siteID` int(11) DEFAULT NULL,
  `full_path` text
) ENGINE=InnoDB DEFAULT CHARSET=utf8;

--
-- Dumping data for table `tbl_site_images`
--

INSERT INTO `tbl_site_images` (`imageID`, `siteID`, `full_path`) VALUES
(51, 296, 'site.jpg'),
(52, 297, 'P1090092.JPG'),
(53, 300, 'P1030156.JPG'),
(54, 301, 'Mount_Boyce.PNG'),
(55, 302, 'IMG_02741.JPG'),
(56, 303, 'P1090142.JPG'),
(57, 305, 'IMG_0284.JPG'),
(58, 307, 'IMG_0310.JPG'),
(59, 308, 'IMG_0174.JPG'),
(60, 309, 'IMG_01741.JPG'),
(61, 310, 'IMG_01742.JPG'),
(62, 311, 'IMG_01743.JPG'),
(63, 304, 'P1090171.JPG'),
(64, 312, 'P1090364.JPG'),
(65, 313, 'IMG_0135.JPG'),
(66, 314, 'P1090503.JPG'),
(67, 315, 'P1090671.JPG'),
(68, 316, 'IMG_0198.JPG'),
(69, 317, 'Mortlake_Ferry.PNG'),
(70, 318, 'P1090752.JPG'),
(71, 319, 'P1090753.JPG'),
(72, 320, 'P1090903.JPG'),
(73, 321, 'P1090915_(Small).JPG'),
(74, 322, 'IMG_0316_(Small).JPG'),
(75, 323, 'IMG_0316_(Small)2.JPG'),
(76, 325, 'IMG_0774.JPG'),
(77, 326, 'IMG_0659.JPG'),
(78, 327, 'IMG_0693.JPG'),
(79, 328, 'IMG_0664.JPG'),
(80, 329, 'IMG_06641.JPG'),
(81, 330, 'IMG_0609.JPG'),
(82, 324, 'IMG_0327.JPG'),
(83, 331, 'IMG_06091.JPG'),
(84, 332, 'P1090582.JPG'),
(85, 333, 'IMG_0561.JPG'),
(86, 334, 'IMG_0473.JPG'),
(87, 335, 'IMG_0619.JPG'),
(88, 336, 'P1100144.JPG'),
(89, 337, 'P1090203.JPG'),
(90, 338, 'IMG_0537.JPG'),
(91, 339, 'IMG_0525.JPG'),
(92, 340, 'IMG_0522.JPG'),
(93, 341, 'IMG_0423.JPG'),
(94, 342, 'Orange_Depot.PNG'),
(95, 343, 'P1090967.JPG'),
(96, 344, 'IMG_0513.JPG'),
(97, 345, 'IMG_0512.JPG'),
(98, 346, 'IMG_0548.JPG');

-- --------------------------------------------------------

--
-- Table structure for table `tbl_site_plan`
--

CREATE TABLE `tbl_site_plan` (
  `imageID` int(11) UNSIGNED NOT NULL,
  `siteID` int(11) DEFAULT NULL,
  `full_path` text
) ENGINE=InnoDB DEFAULT CHARSET=utf8;

-- --------------------------------------------------------

--
-- Table structure for table `tbl_users`
--

CREATE TABLE `tbl_users` (
  `userID` int(11) UNSIGNED NOT NULL,
  `type_letter` varchar(20) DEFAULT NULL,
  `username` varchar(255) DEFAULT NULL,
  `password` varchar(255) DEFAULT NULL,
  `name` varchar(255) DEFAULT NULL,
  `email` varchar(255) DEFAULT NULL,
  `usr_status` varchar(255) DEFAULT NULL,
  `usr_client` int(5) DEFAULT NULL,
  `lastlogin` varchar(255) DEFAULT NULL,
  `hide` char(11) DEFAULT NULL
) ENGINE=InnoDB DEFAULT CHARSET=latin1;

--
-- Dumping data for table `tbl_users`
--

INSERT INTO `tbl_users` (`userID`, `type_letter`, `username`, `password`, `name`, `email`, `usr_status`, `usr_client`, `lastlogin`, `hide`) VALUES
(3, 'A', 'josh@swim.com.au', 'a01a08880fb84a11f444af8541ba41c5', 'Joshua Curci', 'josh@swim.com.au', 'A', 1, 'May 23, 2018, 11:18 am', 'N'),
(39, 'B', 'risktechadmin@swim.com.au', 'b3d803edd45aff5a9196c0a43811cbef', 'Risktech Admin', 'risktechadmin@swim.com.au', 'A', 0, 'May 28, 2018, 3:29 pm', 'N'),
(40, 'C', 'clienttest@swim.com.au', 'ff244385fb10642d6238b98782e83177', 'Client Test', 'clienttest@swim.com.au', 'A', 1, 'September 22, 2017, 12:10 pm', 'N'),
(41, 'C', 'Dvandevorstenbosch@wcd.net.au', '6adadca9fc8ae5020cb91652d4c69a2a', 'Test', 'Dvandevorstenbosch@wcd.net.au', 'A', 24, 'November 30, 2017, 8:41 am', 'N'),
(42, 'C', 'GREGHARRADINE@GMAIL.com.au', 'd93591bdf7860e1e4ee2fca799911215', 'Greg Harradine', 'gregharradine@gmail.com', 'A', 24, 'November 30, 2017, 2:43 pm', 'N');

-- --------------------------------------------------------

--
-- Table structure for table `tbl_usertypes`
--

CREATE TABLE `tbl_usertypes` (
  `typeID` int(20) UNSIGNED NOT NULL,
  `type_name` varchar(255) DEFAULT NULL,
  `type_letter` varchar(5) DEFAULT NULL
) ENGINE=InnoDB DEFAULT CHARSET=latin1;

--
-- Dumping data for table `tbl_usertypes`
--

INSERT INTO `tbl_usertypes` (`typeID`, `type_name`, `type_letter`) VALUES
(1, 'Super Admin', 'A'),
(2, 'Risktech Admin', 'B'),
(3, 'Clients', 'C');

--
-- Indexes for dumped tables
--

--
-- Indexes for table `tbl_au_states`
--
ALTER TABLE `tbl_au_states`
  ADD PRIMARY KEY (`id`);

--
-- Indexes for table `tbl_basevalues`
--
ALTER TABLE `tbl_basevalues`
  ADD PRIMARY KEY (`materialID`);

--
-- Indexes for table `tbl_blog`
--
ALTER TABLE `tbl_blog`
  ADD PRIMARY KEY (`blogID`);

--
-- Indexes for table `tbl_blog_access`
--
ALTER TABLE `tbl_blog_access`
  ADD PRIMARY KEY (`blogaccessID`);

--
-- Indexes for table `tbl_blog_images`
--
ALTER TABLE `tbl_blog_images`
  ADD PRIMARY KEY (`imageID`);

--
-- Indexes for table `tbl_blog_OFF`
--
ALTER TABLE `tbl_blog_OFF`
  ADD PRIMARY KEY (`blogID`);

--
-- Indexes for table `tbl_client`
--
ALTER TABLE `tbl_client`
  ADD PRIMARY KEY (`clientID`);

--
-- Indexes for table `tbl_client_images`
--
ALTER TABLE `tbl_client_images`
  ADD PRIMARY KEY (`imageID`);

--
-- Indexes for table `tbl_global`
--
ALTER TABLE `tbl_global`
  ADD PRIMARY KEY (`id`);

--
-- Indexes for table `tbl_hazard_types`
--
ALTER TABLE `tbl_hazard_types`
  ADD PRIMARY KEY (`typeID`);

--
-- Indexes for table `tbl_items`
--
ALTER TABLE `tbl_items`
  ADD PRIMARY KEY (`itemID`);

--
-- Indexes for table `tbl_item_document`
--
ALTER TABLE `tbl_item_document`
  ADD PRIMARY KEY (`docID`);

--
-- Indexes for table `tbl_item_images`
--
ALTER TABLE `tbl_item_images`
  ADD PRIMARY KEY (`imageID`);

--
-- Indexes for table `tbl_item_materials`
--
ALTER TABLE `tbl_item_materials`
  ADD PRIMARY KEY (`itemID`);

--
-- Indexes for table `tbl_report`
--
ALTER TABLE `tbl_report`
  ADD PRIMARY KEY (`reportID`);

--
-- Indexes for table `tbl_report_common`
--
ALTER TABLE `tbl_report_common`
  ADD PRIMARY KEY (`id`);

--
-- Indexes for table `tbl_report_saved`
--
ALTER TABLE `tbl_report_saved`
  ADD PRIMARY KEY (`reportID`);

--
-- Indexes for table `tbl_sites`
--
ALTER TABLE `tbl_sites`
  ADD PRIMARY KEY (`siteID`);

--
-- Indexes for table `tbl_site_document`
--
ALTER TABLE `tbl_site_document`
  ADD PRIMARY KEY (`docID`);

--
-- Indexes for table `tbl_site_images`
--
ALTER TABLE `tbl_site_images`
  ADD PRIMARY KEY (`imageID`);

--
-- Indexes for table `tbl_site_plan`
--
ALTER TABLE `tbl_site_plan`
  ADD PRIMARY KEY (`imageID`);

--
-- Indexes for table `tbl_users`
--
ALTER TABLE `tbl_users`
  ADD PRIMARY KEY (`userID`);

--
-- Indexes for table `tbl_usertypes`
--
ALTER TABLE `tbl_usertypes`
  ADD PRIMARY KEY (`typeID`);

--
-- AUTO_INCREMENT for dumped tables
--

--
-- AUTO_INCREMENT for table `tbl_au_states`
--
ALTER TABLE `tbl_au_states`
  MODIFY `id` int(11) NOT NULL AUTO_INCREMENT, AUTO_INCREMENT=9;
--
-- AUTO_INCREMENT for table `tbl_basevalues`
--
ALTER TABLE `tbl_basevalues`
  MODIFY `materialID` int(11) UNSIGNED NOT NULL AUTO_INCREMENT, AUTO_INCREMENT=24;
--
-- AUTO_INCREMENT for table `tbl_blog`
--
ALTER TABLE `tbl_blog`
  MODIFY `blogID` int(11) UNSIGNED NOT NULL AUTO_INCREMENT, AUTO_INCREMENT=3;
--
-- AUTO_INCREMENT for table `tbl_blog_access`
--
ALTER TABLE `tbl_blog_access`
  MODIFY `blogaccessID` int(20) UNSIGNED NOT NULL AUTO_INCREMENT, AUTO_INCREMENT=10;
--
-- AUTO_INCREMENT for table `tbl_blog_images`
--
ALTER TABLE `tbl_blog_images`
  MODIFY `imageID` int(11) UNSIGNED NOT NULL AUTO_INCREMENT, AUTO_INCREMENT=8;
--
-- AUTO_INCREMENT for table `tbl_blog_OFF`
--
ALTER TABLE `tbl_blog_OFF`
  MODIFY `blogID` int(11) UNSIGNED NOT NULL AUTO_INCREMENT, AUTO_INCREMENT=15;
--
-- AUTO_INCREMENT for table `tbl_client`
--
ALTER TABLE `tbl_client`
  MODIFY `clientID` int(11) UNSIGNED NOT NULL AUTO_INCREMENT, AUTO_INCREMENT=27;
--
-- AUTO_INCREMENT for table `tbl_client_images`
--
ALTER TABLE `tbl_client_images`
  MODIFY `imageID` int(11) UNSIGNED NOT NULL AUTO_INCREMENT, AUTO_INCREMENT=13;
--
-- AUTO_INCREMENT for table `tbl_global`
--
ALTER TABLE `tbl_global`
  MODIFY `id` int(11) UNSIGNED NOT NULL AUTO_INCREMENT, AUTO_INCREMENT=2;
--
-- AUTO_INCREMENT for table `tbl_hazard_types`
--
ALTER TABLE `tbl_hazard_types`
  MODIFY `typeID` int(20) UNSIGNED NOT NULL AUTO_INCREMENT, AUTO_INCREMENT=5;
--
-- AUTO_INCREMENT for table `tbl_items`
--
ALTER TABLE `tbl_items`
  MODIFY `itemID` int(11) UNSIGNED NOT NULL AUTO_INCREMENT, AUTO_INCREMENT=868;
--
-- AUTO_INCREMENT for table `tbl_item_document`
--
ALTER TABLE `tbl_item_document`
  MODIFY `docID` int(11) UNSIGNED NOT NULL AUTO_INCREMENT, AUTO_INCREMENT=1459;
--
-- AUTO_INCREMENT for table `tbl_item_images`
--
ALTER TABLE `tbl_item_images`
  MODIFY `imageID` int(11) UNSIGNED NOT NULL AUTO_INCREMENT, AUTO_INCREMENT=405;
--
-- AUTO_INCREMENT for table `tbl_item_materials`
--
ALTER TABLE `tbl_item_materials`
  MODIFY `itemID` int(11) UNSIGNED NOT NULL AUTO_INCREMENT, AUTO_INCREMENT=37;
--
-- AUTO_INCREMENT for table `tbl_report`
--
ALTER TABLE `tbl_report`
  MODIFY `reportID` int(11) UNSIGNED NOT NULL AUTO_INCREMENT, AUTO_INCREMENT=147;
--
-- AUTO_INCREMENT for table `tbl_report_common`
--
ALTER TABLE `tbl_report_common`
  MODIFY `id` int(11) UNSIGNED NOT NULL AUTO_INCREMENT, AUTO_INCREMENT=2;
--
-- AUTO_INCREMENT for table `tbl_report_saved`
--
ALTER TABLE `tbl_report_saved`
  MODIFY `reportID` int(11) UNSIGNED NOT NULL AUTO_INCREMENT, AUTO_INCREMENT=114;
--
-- AUTO_INCREMENT for table `tbl_sites`
--
ALTER TABLE `tbl_sites`
  MODIFY `siteID` int(11) UNSIGNED NOT NULL AUTO_INCREMENT, AUTO_INCREMENT=347;
--
-- AUTO_INCREMENT for table `tbl_site_document`
--
ALTER TABLE `tbl_site_document`
  MODIFY `docID` int(11) UNSIGNED NOT NULL AUTO_INCREMENT, AUTO_INCREMENT=306;
--
-- AUTO_INCREMENT for table `tbl_site_images`
--
ALTER TABLE `tbl_site_images`
  MODIFY `imageID` int(11) UNSIGNED NOT NULL AUTO_INCREMENT, AUTO_INCREMENT=99;
--
-- AUTO_INCREMENT for table `tbl_site_plan`
--
ALTER TABLE `tbl_site_plan`
  MODIFY `imageID` int(11) UNSIGNED NOT NULL AUTO_INCREMENT, AUTO_INCREMENT=20;
--
-- AUTO_INCREMENT for table `tbl_users`
--
ALTER TABLE `tbl_users`
  MODIFY `userID` int(11) UNSIGNED NOT NULL AUTO_INCREMENT, AUTO_INCREMENT=43;
--
-- AUTO_INCREMENT for table `tbl_usertypes`
--
ALTER TABLE `tbl_usertypes`
  MODIFY `typeID` int(20) UNSIGNED NOT NULL AUTO_INCREMENT, AUTO_INCREMENT=4;COMMIT;

/*!40101 SET CHARACTER_SET_CLIENT=@OLD_CHARACTER_SET_CLIENT */;
/*!40101 SET CHARACTER_SET_RESULTS=@OLD_CHARACTER_SET_RESULTS */;
/*!40101 SET COLLATION_CONNECTION=@OLD_COLLATION_CONNECTION */;
