# ************************************************************
# Sequel Pro SQL dump
# Version 4135
#
# http://www.sequelpro.com/
# http://code.google.com/p/sequel-pro/
#
# Host: 127.0.0.1 (MySQL 5.5.42)
# Database: haztechc_portal
# Generation Time: 2016-09-23 06:37:42 +0000
# ************************************************************


/*!40101 SET @OLD_CHARACTER_SET_CLIENT=@@CHARACTER_SET_CLIENT */;
/*!40101 SET @OLD_CHARACTER_SET_RESULTS=@@CHARACTER_SET_RESULTS */;
/*!40101 SET @OLD_COLLATION_CONNECTION=@@COLLATION_CONNECTION */;
/*!40101 SET NAMES utf8 */;
/*!40014 SET @OLD_FOREIGN_KEY_CHECKS=@@FOREIGN_KEY_CHECKS, FOREIGN_KEY_CHECKS=0 */;
/*!40101 SET @OLD_SQL_MODE=@@SQL_MODE, SQL_MODE='NO_AUTO_VALUE_ON_ZERO' */;
/*!40111 SET @OLD_SQL_NOTES=@@SQL_NOTES, SQL_NOTES=0 */;


# Dump of table tbl_blog
# ------------------------------------------------------------

DROP TABLE IF EXISTS `tbl_blog`;

CREATE TABLE `tbl_blog` (
  `blogID` int(11) unsigned NOT NULL AUTO_INCREMENT,
  `title` varchar(255) DEFAULT NULL,
  `date_posted` timestamp NULL DEFAULT NULL,
  `author` varchar(255) DEFAULT NULL,
  `content` text,
  `image` text,
  `access` varchar(255) DEFAULT NULL,
  `hide` char(11) DEFAULT NULL,
  PRIMARY KEY (`blogID`)
) ENGINE=InnoDB DEFAULT CHARSET=latin1;

LOCK TABLES `tbl_blog` WRITE;
/*!40000 ALTER TABLE `tbl_blog` DISABLE KEYS */;

INSERT INTO `tbl_blog` (`blogID`, `title`, `date_posted`, `author`, `content`, `image`, `access`, `hide`)
VALUES
	(1,'Sample Blog Post 1','0000-00-00 00:00:00','5','<p>The 2016 addition of the National Construction Code &ndash; Building Code of Australia (BCA) has been published. Changes affecting Volume 1 and 2 include new verification methods for structural robustness and ventilation. Clarification has also been provided for what constitutes as \"constant\" for stair going and risers. A number of new referenced documents including Australian standards have been adopted for NCC 2016 as well as amendments to existing referenced documents.</p>\r\n<p>Changes are specifically affecting Volume 1 relates to clarification added to the definition of \"effective height\" and provides a determination Method used to identify the lower story included in a calculation of rise in stories. New provisions have been included to permit the construction of timber midrise buildings which are Class 2, 3 or 5, sprinkler protected and not more than 25 m effective height.</p>','','Array',NULL),
	(2,'Sample Blog Post 3','0000-00-00 00:00:00','3','<p>The 2016 addition of the National Construction Code &ndash; Building Code of Australia (BCA) has been published. Changes affecting Volume 1 and 2 include new verification methods for structural robustness and ventilation. Clarification has also been provided for what constitutes as \"constant\" for stair going and risers. A number of new referenced documents including Australian standards have been adopted for NCC 2016 as well as amendments to existing referenced documents.</p>\r\n<p>Changes are specifically affecting Volume 1 relates to clarification added to the definition of \"effective height\" and provides a determination Method used to identify the lower story included in a calculation of rise in stories. New provisions have been included to permit the construction of timber midrise buildings which are Class 2, 3 or 5, sprinkler protected and not more than 25 m effective height.</p>','','public',NULL),
	(3,'Sample Blog Post','0000-00-00 00:00:00','3','<p>The 2016 addition of the National Construction Code &ndash; Building Code of Australia (BCA) has been published. Changes affecting Volume 1 and 2 include new verification methods for structural robustness and ventilation. Clarification has also been provided for what constitutes as \"constant\" for stair going and risers. A number of new referenced documents including Australian standards have been adopted for NCC 2016 as well as amendments to existing referenced documents.</p>\r\n<p>Changes are specifically affecting Volume 1 relates to clarification added to the definition of \"effective height\" and provides a determination Method used to identify the lower story included in a calculation of rise in stories. New provisions have been included to permit the construction of timber midrise buildings which are Class 2, 3 or 5, sprinkler protected and not more than 25 m effective height.</p>','','public',NULL),
	(7,'Sample Blog Post 2','2016-08-16 00:00:00','3','<p>This is test 2</p>','',NULL,NULL);

/*!40000 ALTER TABLE `tbl_blog` ENABLE KEYS */;
UNLOCK TABLES;


# Dump of table tbl_blog_access
# ------------------------------------------------------------

DROP TABLE IF EXISTS `tbl_blog_access`;

CREATE TABLE `tbl_blog_access` (
  `blogaccessID` int(20) unsigned NOT NULL AUTO_INCREMENT,
  `blogID` int(5) DEFAULT NULL,
  `type_letter` varchar(225) DEFAULT NULL,
  PRIMARY KEY (`blogaccessID`)
) ENGINE=InnoDB DEFAULT CHARSET=latin1;

LOCK TABLES `tbl_blog_access` WRITE;
/*!40000 ALTER TABLE `tbl_blog_access` DISABLE KEYS */;

INSERT INTO `tbl_blog_access` (`blogaccessID`, `blogID`, `type_letter`)
VALUES
	(5,2,'0'),
	(8,1,'B'),
	(9,1,'D');

/*!40000 ALTER TABLE `tbl_blog_access` ENABLE KEYS */;
UNLOCK TABLES;


# Dump of table tbl_blog_images
# ------------------------------------------------------------

DROP TABLE IF EXISTS `tbl_blog_images`;

CREATE TABLE `tbl_blog_images` (
  `imageID` int(11) unsigned NOT NULL AUTO_INCREMENT,
  `blogID` int(11) DEFAULT NULL,
  `full_path` text,
  PRIMARY KEY (`imageID`)
) ENGINE=InnoDB DEFAULT CHARSET=utf8;

LOCK TABLES `tbl_blog_images` WRITE;
/*!40000 ALTER TABLE `tbl_blog_images` DISABLE KEYS */;

INSERT INTO `tbl_blog_images` (`imageID`, `blogID`, `full_path`)
VALUES
	(3,2,'greencap-logo.png');

/*!40000 ALTER TABLE `tbl_blog_images` ENABLE KEYS */;
UNLOCK TABLES;


# Dump of table tbl_client
# ------------------------------------------------------------

DROP TABLE IF EXISTS `tbl_client`;

CREATE TABLE `tbl_client` (
  `clientID` int(11) unsigned NOT NULL AUTO_INCREMENT,
  `client_name` varchar(255) DEFAULT NULL,
  `site_address` varchar(255) DEFAULT NULL,
  `date_inspected` varchar(255) DEFAULT NULL,
  `inspected_by` varchar(255) DEFAULT NULL,
  `hide` char(11) DEFAULT NULL,
  PRIMARY KEY (`clientID`)
) ENGINE=InnoDB DEFAULT CHARSET=latin1;

LOCK TABLES `tbl_client` WRITE;
/*!40000 ALTER TABLE `tbl_client` DISABLE KEYS */;

INSERT INTO `tbl_client` (`clientID`, `client_name`, `site_address`, `date_inspected`, `inspected_by`, `hide`)
VALUES
	(1,'GreenCap','Hawthorn West 3122','08-09-2016','Bernard Day','N'),
	(7,'Goodman Property','12 Mars Road, lane Cove NSW 2066','01-02-2013','','Y'),
	(8,'Haztech','123 Lean Road, VIC 2210','23-09-2016','John Doe','N');

/*!40000 ALTER TABLE `tbl_client` ENABLE KEYS */;
UNLOCK TABLES;


# Dump of table tbl_client_images
# ------------------------------------------------------------

DROP TABLE IF EXISTS `tbl_client_images`;

CREATE TABLE `tbl_client_images` (
  `imageID` int(11) unsigned NOT NULL AUTO_INCREMENT,
  `clientID` int(11) DEFAULT NULL,
  `full_path` text,
  PRIMARY KEY (`imageID`)
) ENGINE=InnoDB DEFAULT CHARSET=utf8;

LOCK TABLES `tbl_client_images` WRITE;
/*!40000 ALTER TABLE `tbl_client_images` DISABLE KEYS */;

INSERT INTO `tbl_client_images` (`imageID`, `clientID`, `full_path`)
VALUES
	(1,1,'greencap-logo2.png'),
	(2,8,'risktech-logo1.png');

/*!40000 ALTER TABLE `tbl_client_images` ENABLE KEYS */;
UNLOCK TABLES;


# Dump of table tbl_global
# ------------------------------------------------------------

DROP TABLE IF EXISTS `tbl_global`;

CREATE TABLE `tbl_global` (
  `id` int(11) unsigned NOT NULL AUTO_INCREMENT,
  `description` varchar(255) DEFAULT NULL,
  `value` varchar(255) DEFAULT NULL,
  PRIMARY KEY (`id`)
) ENGINE=InnoDB DEFAULT CHARSET=utf8;

LOCK TABLES `tbl_global` WRITE;
/*!40000 ALTER TABLE `tbl_global` DISABLE KEYS */;

INSERT INTO `tbl_global` (`id`, `description`, `value`)
VALUES
	(1,'photo_number','11 ');

/*!40000 ALTER TABLE `tbl_global` ENABLE KEYS */;
UNLOCK TABLES;


# Dump of table tbl_hazard_types
# ------------------------------------------------------------

DROP TABLE IF EXISTS `tbl_hazard_types`;

CREATE TABLE `tbl_hazard_types` (
  `typeID` int(20) unsigned NOT NULL AUTO_INCREMENT,
  `type_name` varchar(255) DEFAULT NULL,
  PRIMARY KEY (`typeID`)
) ENGINE=InnoDB DEFAULT CHARSET=latin1;

LOCK TABLES `tbl_hazard_types` WRITE;
/*!40000 ALTER TABLE `tbl_hazard_types` DISABLE KEYS */;

INSERT INTO `tbl_hazard_types` (`typeID`, `type_name`)
VALUES
	(1,'Asbestos'),
	(2,'SMF Products'),
	(3,'Lead Products'),
	(4,'PCBs');

/*!40000 ALTER TABLE `tbl_hazard_types` ENABLE KEYS */;
UNLOCK TABLES;


# Dump of table tbl_item_images
# ------------------------------------------------------------

DROP TABLE IF EXISTS `tbl_item_images`;

CREATE TABLE `tbl_item_images` (
  `imageID` int(11) unsigned NOT NULL AUTO_INCREMENT,
  `itemID` int(11) DEFAULT NULL,
  `full_path` text,
  PRIMARY KEY (`imageID`)
) ENGINE=InnoDB DEFAULT CHARSET=utf8;

LOCK TABLES `tbl_item_images` WRITE;
/*!40000 ALTER TABLE `tbl_item_images` DISABLE KEYS */;

INSERT INTO `tbl_item_images` (`imageID`, `itemID`, `full_path`)
VALUES
	(1,20,'default-image.png'),
	(2,24,'default-image1.png');

/*!40000 ALTER TABLE `tbl_item_images` ENABLE KEYS */;
UNLOCK TABLES;


# Dump of table tbl_items
# ------------------------------------------------------------

DROP TABLE IF EXISTS `tbl_items`;

CREATE TABLE `tbl_items` (
  `itemID` int(11) unsigned NOT NULL AUTO_INCREMENT,
  `siteID` int(11) DEFAULT NULL,
  `item_no` int(11) DEFAULT NULL,
  `item_name` varchar(255) DEFAULT NULL,
  `room_specific` varchar(255) DEFAULT NULL,
  `hazard_type` int(11) DEFAULT NULL,
  `samples_taken` varchar(225) DEFAULT NULL,
  `sample_no` varchar(255) DEFAULT NULL,
  `sample_status` varchar(11) DEFAULT NULL,
  `extent` varchar(255) DEFAULT NULL,
  `contact` varchar(255) DEFAULT NULL,
  `contact_number` mediumint(25) DEFAULT NULL,
  `recommendations` longtext,
  `item_condition` varchar(255) DEFAULT NULL,
  `disturb_potential` varchar(255) DEFAULT NULL,
  `risk_rating` varchar(255) DEFAULT NULL,
  `current_label` varchar(11) DEFAULT NULL,
  `date_updated` timestamp NULL DEFAULT NULL ON UPDATE CURRENT_TIMESTAMP,
  `control_priority` varchar(255) DEFAULT NULL,
  `work_records` varchar(255) DEFAULT NULL,
  `description` longtext,
  `photo_no` text,
  `location_level` varchar(255) DEFAULT NULL,
  `friability` varchar(255) DEFAULT NULL,
  `control_recommendation` longtext,
  `hide` char(11) DEFAULT NULL,
  `clientID` int(11) DEFAULT NULL,
  PRIMARY KEY (`itemID`)
) ENGINE=InnoDB DEFAULT CHARSET=latin1;

LOCK TABLES `tbl_items` WRITE;
/*!40000 ALTER TABLE `tbl_items` DISABLE KEYS */;

INSERT INTO `tbl_items` (`itemID`, `siteID`, `item_no`, `item_name`, `room_specific`, `hazard_type`, `samples_taken`, `sample_no`, `sample_status`, `extent`, `contact`, `contact_number`, `recommendations`, `item_condition`, `disturb_potential`, `risk_rating`, `current_label`, `date_updated`, `control_priority`, `work_records`, `description`, `photo_no`, `location_level`, `friability`, `control_recommendation`, `hide`, `clientID`)
VALUES
	(6,1,1,'Material','Meeting Room',4,'yes','1','Negative','300 m2','Test',0,NULL,'Good','Non-selected','Low','Yes','2016-09-15 16:58:23','Non-selected','No Action','Roof - Corrugated cement','4','External - Ground','Friable','<p>Lorem ipsum dolor sit amet, consectetuer adipiscing elit. Aenean commodo ligula eget dolor. Aenean massa. Cum sociis natoque penatibus et magnis dis parturient montes, nascetur ridiculus mus. Donec quam felis, ultricies nec, pellentesque eu, pretium quis, sem. Nulla consequat massa quis enim<span style=\"color: #666666; font-family: Verdana, Geneva, sans-serif; font-size: 10px;\">.</span></p>','N',1),
	(7,5,2,'Test','Meeting Room',0,'Yes','1','Positive','1','Contact Name',1231212,NULL,'Good','test','Test','Test','2016-09-01 16:58:37','Test','Test',NULL,NULL,NULL,NULL,NULL,'N',NULL),
	(18,17,NULL,NULL,'',NULL,NULL,'','','',NULL,NULL,NULL,'','','','','2016-09-08 11:09:31','',NULL,'',NULL,'','','','Y',NULL),
	(19,1,NULL,NULL,'',NULL,NULL,'','','',NULL,NULL,NULL,'','','','','2016-09-08 15:35:57','',NULL,'',NULL,'','','','Y',1),
	(20,17,NULL,NULL,'Below Sink',4,NULL,'J108740-AU019-50','Negative','Level 1 - Throughout',NULL,NULL,NULL,'Fair','High Accessibility','Low','Suspect','2016-09-15 16:58:46','P1',NULL,'Beams - Sprayed Vermiculite','6','kitchenettes','Friable','<p>Maintain in good condition and incorporate into a HMMP. Remove under controlled conditions prior to demolitaion or refurbishment.</p>','N',17),
	(21,1,NULL,NULL,'',1,NULL,'','','',NULL,NULL,NULL,'','','','','2016-09-08 15:36:01','',NULL,'',NULL,'','','','Y',1),
	(22,1,NULL,NULL,'Ceiling',4,NULL,'J108740-AU019-52','','1 Unit/s',NULL,NULL,NULL,'Good','Low Accessibility','Medium','Suspect','2016-09-15 16:58:16','P1',NULL,'Compressed cement sheet','3','Level 2','Friable','<p>Engage a license asbestos conrtactor to undertake remedial/removal works on this item as soon as practicable (within 3 months)</p>','N',1),
	(23,1,NULL,NULL,'South',4,NULL,'Similar to J108740-AU019-52','','7 Unit/s',NULL,NULL,NULL,'Good','Low Accessibility','Low','Suspect','2016-09-15 16:58:07','P2',NULL,'Service Riser - Moulded Fibre Cement Flue','2','Wasrehouse - Underside Of  Roof','Friable','<p>Maintain in current condition, label and incorporate into a HMMP. Remove under controlled conditions prior to demolition or refurbishment.</p>','N',1),
	(24,17,NULL,NULL,'Underside of roof',4,NULL,'','','1000m2',NULL,NULL,NULL,'Bad','High Accessibility','Low','Suspect','2016-09-20 11:53:42','P3',NULL,'Roof Lining - Insulation Material','10','Warehouse','Non-Friable','<p>Maintain in good condition and incorporate into a HMMP. Removed under controlled conditions prior to demolition or refurbishment</p>','N',17),
	(25,177,NULL,NULL,'North',1,NULL,'','Assumed Neg','500m2',NULL,NULL,NULL,'Fair','Medium Accessibility','Low','Suspect',NULL,'P3',NULL,'Beams - Sprayed Vermiculite',NULL,'Warehouse','Friable','<p>Maintain in Good condition and incorporate into a HMMP. Remove under controlled conditions prior to demolition or refurbishment.</p>','N',177),
	(26,177,NULL,NULL,'Interior - Unit 14',2,NULL,'','Suspected P','3 Unit/s',NULL,NULL,NULL,'Good','Low Accessibility','Low','Suspect',NULL,'P3',NULL,'Hot water sevice insulation - Insulation material',NULL,'Ground Level','Non-Friable','<p>Maintain in good condition and incorporate into a HMMP. Remove under contolled conditions prior to demolition or refurbishment.</p>','N',177),
	(27,177,NULL,NULL,'Office Area - Throughout',2,NULL,'','Suspected P','4000m2',NULL,NULL,NULL,'Fair','Medium Accessibility','Low','Suspect',NULL,'P3',NULL,'Ceiling Tiles - INsulation Material',NULL,'Level One','Friable','<p>Maintain in good condition and incorporate into a HMMP. Remove under controlled conditions prior to demolition or refurbishment&nbsp;</p>','N',177),
	(28,17,NULL,NULL,'Below Sink',4,NULL,'J108740-AU019-50','Negative','Level 1 - Throughout',NULL,NULL,NULL,'Fair','High Accessibility','Low','Suspect','2016-09-15 16:58:54','P1',NULL,'Beams - Sprayed Vermiculite','7','kitchenettes','Friable','<p>Maintain in good condition and incorporate into a HMMP. Remove under controlled conditions prior to demolitaion or refurbishment.</p>','N',17),
	(29,1,NULL,NULL,'',1,NULL,'','','',NULL,NULL,NULL,'','','','','2016-09-08 15:36:01','',NULL,'',NULL,'','','','Y',1),
	(30,17,NULL,NULL,'Below Sink',4,NULL,'J108740-AU019-50','Negative','Level 1 - Throughout',NULL,NULL,NULL,'Fair','High Accessibility','Low','Suspect','2016-09-15 16:59:01','P1',NULL,'Beams - Sprayed Vermiculite','8','kitchenettes','Friable','<p>Maintain in good condition and incorporate into a HMMP. Remove under controlled conditions prior to demolitaion or refurbishment.</p>','N',17),
	(31,1,NULL,NULL,'',1,NULL,'','','',NULL,NULL,NULL,'','','','','2016-09-20 17:55:55','',NULL,'','2','','','','Y',1),
	(32,17,NULL,NULL,'Below Sink',4,NULL,'J108740-AU019-50','Negative','Level 1 - Throughout',NULL,NULL,NULL,'Fair','High Accessibility','Low','Suspect','2016-09-20 12:17:02','P1',NULL,'Beams - Sprayed Vermiculite','5','kitchenettes','Friable','<p>Maintain in good condition and incorporate into a HMMP. Remove under controlled conditions prior to demolitaion or refurbishment.</p>','N',17),
	(33,17,NULL,NULL,'Below Sink',4,NULL,'J108740-AU019-50','Negative','Level 1 - Throughout',NULL,NULL,NULL,'Fair','High Accessibility','Low','Suspect','2016-09-20 12:16:11','P1',NULL,'Beams - Sprayed Vermiculite','11 ','kitchenettes','Friable','<p>Maintain in good condition and incorporate into a HMMP. Remove under controlled conditions prior to demolitaion or refurbishment.</p>','N',17),
	(34,17,NULL,NULL,'Below Sink',4,NULL,'J108740-AU019-50','Negative','Level 1 - Throughout',NULL,NULL,NULL,'Fair','High Accessibility','Low','Suspect','2016-09-20 16:52:33','P1',NULL,'Beams - Sprayed Vermiculite','3','kitchenettes','Friable','<p>Maintain in good condition and incorporate into a HMMP. Remove under controlled conditions prior to demolitaion or refurbishment.</p>','N',17),
	(35,17,NULL,NULL,'Below Sink',4,NULL,'J108740-AU019-50','Negative','Level 1 - Throughout',NULL,NULL,NULL,'Fair','High Accessibility','Low','Suspect','2016-09-20 11:58:00','P1',NULL,'Beams - Sprayed Vermiculite','12 ','kitchenettes','Friable','<p>Maintain in good condition and incorporate into a HMMP. Remove under controlled conditions prior to demolitaion or refurbishment.</p>','N',17),
	(36,17,NULL,NULL,'Below Sink',4,NULL,'J108740-AU019-50','Negative','Level 1 - Throughout',NULL,NULL,NULL,'Fair','High Accessibility','Low','Suspect','2016-09-20 17:56:02','P1',NULL,'Beams - Sprayed Vermiculite','13','kitchenettes','Friable','<p>Maintain in good condition and incorporate into a HMMP. Remove under controlled conditions prior to demolitaion or refurbishment.</p>','N',17),
	(37,17,NULL,NULL,'Below Sink',4,NULL,'J108740-AU019-50','Negative','Level 1 - Throughout',NULL,NULL,NULL,'Fair','High Accessibility','Low','Suspect','2016-09-20 17:56:05','P1',NULL,'Beams - Sprayed Vermiculite','14','kitchenettes','Friable','<p>Maintain in good condition and incorporate into a HMMP. Remove under controlled conditions prior to demolitaion or refurbishment.</p>','N',17),
	(38,17,NULL,NULL,'',4,NULL,'','','',NULL,NULL,NULL,'','','','',NULL,'',NULL,'',NULL,'','','','N',17),
	(39,17,NULL,NULL,'',4,NULL,'','','',NULL,NULL,NULL,'','','','',NULL,'',NULL,'',NULL,'','','','N',17),
	(40,1,NULL,NULL,'',4,NULL,'','','',NULL,NULL,NULL,'','','','',NULL,'',NULL,'',NULL,'','','','N',1);

/*!40000 ALTER TABLE `tbl_items` ENABLE KEYS */;
UNLOCK TABLES;


# Dump of table tbl_report
# ------------------------------------------------------------

DROP TABLE IF EXISTS `tbl_report`;

CREATE TABLE `tbl_report` (
  `reportID` int(11) unsigned NOT NULL AUTO_INCREMENT,
  `siteID` int(11) DEFAULT NULL,
  `introduction` longtext,
  `scope_of_works` varchar(255) DEFAULT '',
  `recommendations` varchar(255) DEFAULT NULL,
  `methologies` varchar(255) DEFAULT NULL,
  `risk_factors` varchar(255) DEFAULT NULL,
  `priority_rating_system` varchar(255) DEFAULT NULL,
  `asbestos-mng_req` varchar(255) DEFAULT NULL,
  `haz_material_mr` varchar(255) DEFAULT NULL,
  `statement_of_limitations` varchar(255) DEFAULT NULL,
  PRIMARY KEY (`reportID`)
) ENGINE=InnoDB DEFAULT CHARSET=utf8;

LOCK TABLES `tbl_report` WRITE;
/*!40000 ALTER TABLE `tbl_report` DISABLE KEYS */;

INSERT INTO `tbl_report` (`reportID`, `siteID`, `introduction`, `scope_of_works`, `recommendations`, `methologies`, `risk_factors`, `priority_rating_system`, `asbestos-mng_req`, `haz_material_mr`, `statement_of_limitations`)
VALUES
	(1,17,'This report presents the findings of an Hazardous Materials Risk Assessment conducted for 8 of the site located at 123 Victoria Street. The risk assessment was performed by Nigel johnson on 01-01-2008. ','The scope of works for` project was as follows:  \n               • inspect representative and accessible areas of the site to re-assess previously identified hazardous materials \n               • Identify the likelihood of hazardous materials in inaccessi','Y',NULL,NULL,NULL,NULL,NULL,NULL);

/*!40000 ALTER TABLE `tbl_report` ENABLE KEYS */;
UNLOCK TABLES;


# Dump of table tbl_report_common
# ------------------------------------------------------------

DROP TABLE IF EXISTS `tbl_report_common`;

CREATE TABLE `tbl_report_common` (
  `id` int(11) unsigned NOT NULL AUTO_INCREMENT,
  `recommendations` longtext,
  `scope_of_works` longtext,
  `methologies` longtext,
  `risk_factors` longtext,
  `priority_rating_system` longtext,
  `asbestos_mng_req` longtext,
  `haz_material_mr` longtext,
  `statement_of_limitations` longtext,
  PRIMARY KEY (`id`)
) ENGINE=InnoDB DEFAULT CHARSET=utf8;

LOCK TABLES `tbl_report_common` WRITE;
/*!40000 ALTER TABLE `tbl_report_common` DISABLE KEYS */;

INSERT INTO `tbl_report_common` (`id`, `recommendations`, `scope_of_works`, `methologies`, `risk_factors`, `priority_rating_system`, `asbestos_mng_req`, `haz_material_mr`, `statement_of_limitations`)
VALUES
	(1,'Findings & Recommendations \n          Recommendations • Schedule periodic re-assessments of the asbestos-containing materials remaining in-situ to monitor their condition in accordance with the Code of Practice. • Provide Asbestos Awareness training to staff and site personnel in accordance with the requirements of the Code of Practice. • Consult with staff and health and safety representatives on the findings of this risk assessment and this report must be made available upon request, in accordance with the requirements of the Code of Practice. • Areas highlighted in the Areas Not Accessed section as areas of \\\'no access\\\' should be presumed to contain hazardous materials. Appropriate management planning should be implemented in order to control access to and maintenance activities in these areas, until such a time as they can be inspected and the presence or absence of hazardous materials can be confirmed. • Should any personnel come across any suspected asbestos or hazardous materials, work should cease immediately in the affected areas until further sampling and investigation is performed. • Prior to demolition/refurbishment works undertake a destructive hazardous materials survey of the premises as per the requirements of AS 2601: 2001 The Demolition of Structures, Part 1.6.1. • Synthetic Mineral Fibre (SMF) materials should be removed under controlled conditions prior to demolition/refurbishment works, in accordance with the requirements of the Code of Practice for the Safe Use of Synthetic Mineral Fibres [NOHSC:2006(1990)]. • Noel Arnold & Associates can assist with the implementation of any of the above recommendations.',NULL,'Asbestos This assessment was undertaken in accordance with the following documents and within the constraints of the scope of works: How to Manage and Control Asbestos in the Workplace: Code of Practice (Safe Work Australia, 2011) NSW Work Health & Safety Regulation 2011 2 representative samples of suspected asbestos-containing material were collected and placed in plastic bags with clip-lock seals. These samples were analysed in Greencap\'s NATA-accredited laboratory for the presence of asbestos by Polarised Light Microscopy. Where it was determined that asbestos was present, a risk and priority assessment was conducted in accordance with Greencap\'s standard Risk Assessment and Priority Ranking System. Refer to section on Priority Rating System for detailed information on this system. Inaccessible areas that are likely to contain asbestos have been assumed to contain asbestos until further inspection and analysis of samples has been undertaken by an approved analyst. Limited destructive sampling techniques have been used to gain access into restricted areas for the purpose of determining the likelihood of asbestos or other hazardous materials in these areas. Due to the nature of the survey methodology, it is possible that not every area of the site have been accessed. Reference should be made to the \'Areas Not Accessible\' section of this report for further details. Subject to the limitations associated with the scope of works, this audit was conducted in accordance with the requirements of AS 2601-2001 The Demolition of Structures. The survey methodology utilised in this assessment has been NATA-Accredited to meet the requirements of ISO 17020 Conformity assessment - General criteria for the operation of various types of bodies performing inspections \n\nSMF Synthetic Mineral Fibre (SMF) Accessible areas where Synthetic Mineral Fibre (SMF) insulation was visually confirmed as being present were noted to give a general indication to the presence of materials throughout the building.\n \nPCB Polychlorinated Biphenyls (PCBs) Representative light fittings containing capacitors were inspected where safely practicable and details noted for cross-referencing with the ANZECC Identification of PCB-Containing Capacitors - 1997. Where metal capacitors were not listed on the database, these capacitors are noted as suspected to contain polychlorinated biphenyls. \n\nLead Paint Representative painted surfaces were tested unobtrusively for the presence of lead using the LeadCheck paint swab method. This method can give an instantaneous qualitative result and reproducibly detect lead in paints at concentrations of 0.5% (5,000ppm) and above, and may indicate lead in some paint films as low as 0.2% (2,000ppm). The sampling program was representative of the various types of paints found within the site, concentrating on areas where lead based paints may have been used (Eg. Gloss paints on doors, railings, guttering and downpipes, columns, window and door architraves, skirting boards etc). The objective of lead paint identification in this survey is to highlight the presence of lead-based paints within the building, not to specifically quantify every source of lead-based paint. \n\n',NULL,NULL,NULL,NULL,NULL);

/*!40000 ALTER TABLE `tbl_report_common` ENABLE KEYS */;
UNLOCK TABLES;


# Dump of table tbl_site_images
# ------------------------------------------------------------

DROP TABLE IF EXISTS `tbl_site_images`;

CREATE TABLE `tbl_site_images` (
  `imageID` int(11) unsigned NOT NULL AUTO_INCREMENT,
  `siteID` int(11) DEFAULT NULL,
  `full_path` text,
  PRIMARY KEY (`imageID`)
) ENGINE=InnoDB DEFAULT CHARSET=utf8;

LOCK TABLES `tbl_site_images` WRITE;
/*!40000 ALTER TABLE `tbl_site_images` DISABLE KEYS */;

INSERT INTO `tbl_site_images` (`imageID`, `siteID`, `full_path`)
VALUES
	(2,17,'default-image.png'),
	(3,1,'abbotsford.jpeg');

/*!40000 ALTER TABLE `tbl_site_images` ENABLE KEYS */;
UNLOCK TABLES;


# Dump of table tbl_sites
# ------------------------------------------------------------

DROP TABLE IF EXISTS `tbl_sites`;

CREATE TABLE `tbl_sites` (
  `siteID` int(11) unsigned NOT NULL AUTO_INCREMENT,
  `building_name` varchar(255) DEFAULT NULL,
  `site_url` text,
  `site_type` varchar(255) DEFAULT NULL,
  `no_floors` int(11) DEFAULT NULL,
  `tenant` varchar(255) DEFAULT NULL,
  `site_contact` varchar(255) DEFAULT NULL,
  `description` longtext,
  `site` varchar(255) DEFAULT NULL,
  `property_number` int(11) DEFAULT NULL,
  `full_address` varchar(255) DEFAULT NULL,
  `survey_date` varchar(255) DEFAULT NULL,
  `levels` int(11) DEFAULT NULL,
  `inspected_by` varchar(255) DEFAULT NULL,
  `contact_title` varchar(255) DEFAULT NULL,
  `building_age` int(11) DEFAULT NULL,
  `construction_type` varchar(255) DEFAULT NULL,
  `previous_report` varchar(255) DEFAULT NULL,
  `company` varchar(255) DEFAULT NULL,
  `date_inspected` varchar(255) DEFAULT NULL,
  `area` varchar(255) DEFAULT NULL,
  `roof_type` varchar(255) DEFAULT NULL,
  `site_image` varchar(255) DEFAULT NULL,
  `hide` char(11) DEFAULT NULL,
  `clientID` int(11) DEFAULT NULL,
  `report_name` varchar(255) DEFAULT NULL,
  PRIMARY KEY (`siteID`)
) ENGINE=InnoDB DEFAULT CHARSET=latin1;

LOCK TABLES `tbl_sites` WRITE;
/*!40000 ALTER TABLE `tbl_sites` DISABLE KEYS */;

INSERT INTO `tbl_sites` (`siteID`, `building_name`, `site_url`, `site_type`, `no_floors`, `tenant`, `site_contact`, `description`, `site`, `property_number`, `full_address`, `survey_date`, `levels`, `inspected_by`, `contact_title`, `building_age`, `construction_type`, `previous_report`, `company`, `date_inspected`, `area`, `roof_type`, `site_image`, `hide`, `clientID`, `report_name`)
VALUES
	(1,'Test Site 1','test url','Test Type',4,'Cecilla Chapman','Cecilla Chapman','<p>Lorem ipsum dolor sit amet, consectetuer adipiscing elit. Aenean commodo ligula eget dolor. Aenean massa. Cum sociis natoque penatibus et magnis dis parturient montes, nascetur ridiculus mus.</p>','Abbotsford',320001,'445','26-08-2016',1,'Andrew Pakeham','Senior Personal Banker',1960,'Brick','Yes','NAA','10-08-2016','100 m2','metal','','N',8,NULL),
	(17,'Ofiice',NULL,NULL,NULL,NULL,'John Smith',NULL,' Capital building',123456,'123 Victoria Street','',1,'Nigel johnson','Manager',1982,'Brick','Yes','Noel Arnold & Associates','01-01-2008','250m2','Metal',NULL,'N',8,'Asbestos Risk Assesment Report'),
	(176,'Units 1 - 3, 12 Mars Road',NULL,NULL,NULL,NULL,'',NULL,'AU019 Trans tech Business Park',0,'12',NULL,3,'Shane Morris','',1989,'Concrete','','Noel Arnold & Associates','','80000m2','Concrete',NULL,'N',0,NULL),
	(177,'Building 1',NULL,NULL,NULL,NULL,'John Smith',NULL,'Haztech Site',0,'123',NULL,5,'John Smith','Manager',1979,'Concrete','No previous report','Risktech','23-09-2016','2000m2','Concrete',NULL,'N',8,NULL);

/*!40000 ALTER TABLE `tbl_sites` ENABLE KEYS */;
UNLOCK TABLES;


# Dump of table tbl_users
# ------------------------------------------------------------

DROP TABLE IF EXISTS `tbl_users`;

CREATE TABLE `tbl_users` (
  `userID` int(11) unsigned NOT NULL AUTO_INCREMENT,
  `type_letter` varchar(20) DEFAULT NULL,
  `username` varchar(255) DEFAULT NULL,
  `password` varchar(255) DEFAULT NULL,
  `name` varchar(255) DEFAULT NULL,
  `email` varchar(255) DEFAULT NULL,
  `usr_status` varchar(255) DEFAULT NULL,
  `usr_client` int(5) DEFAULT NULL,
  `lastlogin` varchar(255) DEFAULT NULL,
  `hide` char(11) DEFAULT NULL,
  PRIMARY KEY (`userID`)
) ENGINE=InnoDB DEFAULT CHARSET=latin1;

LOCK TABLES `tbl_users` WRITE;
/*!40000 ALTER TABLE `tbl_users` DISABLE KEYS */;

INSERT INTO `tbl_users` (`userID`, `type_letter`, `username`, `password`, `name`, `email`, `usr_status`, `usr_client`, `lastlogin`, `hide`)
VALUES
	(3,'B','josh@swim.com.au','a01a08880fb84a11f444af8541ba41c5','Joshua Curci','josh@swim.com.au','A',1,'September 23, 2016, 3:31 pm','N'),
	(16,'F','testclientgeneral@swim.com.au','a01a08880fb84a11f444af8541ba41c5','testclientgeneral','testclientgeneral@swim.com.au','A',1,'September 12, 2016, 12:31 pm','N'),
	(17,'E','testclientadmin@swim.com.au','7e5043457c2f299970df08fb5432eaae','Test Client Admin','testclientadmin@swim.com.au','A',NULL,NULL,'N');

/*!40000 ALTER TABLE `tbl_users` ENABLE KEYS */;
UNLOCK TABLES;


# Dump of table tbl_usertypes
# ------------------------------------------------------------

DROP TABLE IF EXISTS `tbl_usertypes`;

CREATE TABLE `tbl_usertypes` (
  `typeID` int(20) unsigned NOT NULL AUTO_INCREMENT,
  `type_name` varchar(255) DEFAULT NULL,
  `type_letter` varchar(5) DEFAULT NULL,
  PRIMARY KEY (`typeID`)
) ENGINE=InnoDB DEFAULT CHARSET=latin1;

LOCK TABLES `tbl_usertypes` WRITE;
/*!40000 ALTER TABLE `tbl_usertypes` DISABLE KEYS */;

INSERT INTO `tbl_usertypes` (`typeID`, `type_name`, `type_letter`)
VALUES
	(1,'Super Admin','A'),
	(2,'Risktech Admin','B'),
	(3,'Risktech General','C'),
	(4,'Risktech Contractor','D'),
	(5,'Client Admin','E'),
	(6,'Client General','F');

/*!40000 ALTER TABLE `tbl_usertypes` ENABLE KEYS */;
UNLOCK TABLES;



/*!40111 SET SQL_NOTES=@OLD_SQL_NOTES */;
/*!40101 SET SQL_MODE=@OLD_SQL_MODE */;
/*!40014 SET FOREIGN_KEY_CHECKS=@OLD_FOREIGN_KEY_CHECKS */;
/*!40101 SET CHARACTER_SET_CLIENT=@OLD_CHARACTER_SET_CLIENT */;
/*!40101 SET CHARACTER_SET_RESULTS=@OLD_CHARACTER_SET_RESULTS */;
/*!40101 SET COLLATION_CONNECTION=@OLD_COLLATION_CONNECTION */;
